{"type":"FeatureCollection","features":[{"type":"Feature","geometry":{"type":"MultiPolygon","coordinates":[[[[124.45,-9.18],[124.31,-9.49],[124.03,-9.34],[123.69,-9.61],[123.52,-10.34],[123.83,-10.36],[124.12,-10.17],[124.42,-10.16],[124.97,-9.66],[125.06,-9.49],[124.92,-8.96],[124.45,-9.18]]],[[[117.57,4.16],[117.16,4.33],[116.49,4.32],[115.88,4.35],[115.65,4.17],[115.46,3.03],[115.24,3.04],[115.07,2.83],[115.13,2.48],[114.78,2.25],[114.83,1.9],[114.5,1.44],[113.91,1.44],[113.65,1.23],[113.09,1.43],[113.02,1.54],[112.47,1.57],[112.18,1.45],[112.1,1.15],[111.82,1.01],[111.35,1.01],[111.2,1.08],[110.85,1],[110.55,0.85],[110.26,1.04],[109.68,1.57],[109.53,1.89],[109.65,2.08],[109.34,1.94],[109.35,1.81],[109.1,1.56],[108.86,0.83],[108.92,0.34],[109.17,0.11],[109.12,-0.5],[109.27,-0.85],[109.73,-0.95],[110.07,-1.43],[109.92,-1.77],[110.08,-1.92],[110.1,-2.2],[110.22,-2.53],[110.26,-3],[110.51,-2.87],[110.91,-3.08],[111.3,-2.94],[111.83,-3.06],[111.82,-3.55],[112.3,-3.31],[112.62,-3.42],[113.18,-3.08],[113.35,-3.25],[113.62,-3.19],[113.71,-3.47],[114.11,-3.35],[114.41,-3.49],[114.61,-3.68],[114.71,-4.17],[115.06,-3.99],[115.97,-3.61],[116.16,-3.17],[116.11,-2.93],[116.33,-2.93],[116.39,-2.59],[116.54,-2.51],[116.6,-2.22],[116.39,-2.19],[116.47,-1.91],[116.32,-1.7],[116.82,-1.26],[117.02,-1.2],[117.3,-0.82],[117.45,-0.87],[117.6,-0.42],[117.43,-0.26],[117.53,-0.03],[117.52,0.29],[117.81,0.81],[118.19,0.88],[118.8,0.8],[119,0.96],[118.43,1.49],[117.92,1.82],[117.86,2.04],[118.09,2.26],[118.06,2.37],[117.63,2.81],[117.62,3.09],[117.35,3.18],[117.22,3.65],[117.75,3.64],[117.78,3.8],[117.52,4.05],[117.57,4.16]]],[[[140.97,-2.6],[140.73,-2.49],[140.1,-2.32],[139.86,-2.37],[138.8,-1.92],[138.67,-1.79],[138.07,-1.61],[137.79,-1.48],[137.14,-1.79],[137.23,-2.07],[136.76,-2.25],[136.4,-2.22],[136.27,-2.56],[135.96,-2.78],[135.91,-2.99],[135.47,-3.36],[134.98,-3.33],[134.7,-2.96],[134.66,-2.56],[134.47,-2.58],[134.19,-2.38],[134.09,-1.68],[134.28,-1.35],[134.04,-0.96],[133.98,-0.72],[133.39,-0.72],[133.15,-0.53],[132.71,-0.36],[132.44,-0.35],[132.1,-0.47],[131.88,-0.68],[131.24,-0.82],[131.18,-1.22],[131,-1.46],[131.21,-1.52],[131.57,-1.48],[131.93,-1.71],[132.07,-2.11],[132.35,-2.27],[132.56,-2.19],[132.7,-2.31],[133.3,-2.2],[133.86,-2.22],[133.92,-2.39],[133.74,-2.52],[133.03,-2.48],[132.74,-2.81],[132.59,-2.72],[132.2,-2.68],[132,-2.91],[132.33,-2.95],[132.55,-3.11],[132.83,-3.46],[132.76,-3.63],[132.79,-3.93],[132.91,-4.09],[133.27,-4.05],[133.46,-3.85],[133.59,-3.57],[133.84,-3.64],[133.96,-3.84],[134.17,-3.79],[134.43,-3.91],[134.82,-4.26],[135.19,-4.45],[135.43,-4.43],[135.97,-4.52],[136.82,-4.93],[137.27,-5],[137.71,-5.22],[138.06,-5.58],[138.07,-5.73],[138.27,-5.89],[138.47,-6.4],[138.82,-6.81],[138.57,-6.94],[138.69,-7.19],[139.09,-7.56],[138.99,-7.87],[138.91,-7.92],[138.91,-8.04],[138.92,-8.08],[138.86,-8.1],[138.84,-8.14],[138.91,-8.29],[139.2,-8.1],[139.36,-8.2],[139.93,-8.11],[140.03,-8.25],[140.51,-8.64],[140.86,-9.05],[140.98,-9.11],[140.98,-6.9],[140.85,-6.7],[140.98,-6.34],[140.98,-4.6],[140.97,-2.6]]],[[[109.91,-7.84],[110.48,-8.11],[111.17,-8.28],[111.44,-8.28],[111.67,-8.37],[111.79,-8.26],[112.37,-8.34],[112.67,-8.45],[113.2,-8.28],[113.72,-8.53],[114.2,-8.65],[114.46,-8.62],[114.36,-8.41],[114.47,-7.83],[114.02,-7.62],[113.8,-7.72],[113.53,-7.7],[113.3,-7.79],[112.76,-7.53],[112.58,-6.99],[112.36,-6.87],[112.07,-6.89],[111.49,-6.62],[111.16,-6.69],[111.05,-6.46],[110.73,-6.46],[110.57,-6.84],[110.36,-6.97],[110.2,-6.89],[109.9,-6.92],[109.53,-6.84],[108.92,-6.84],[108.61,-6.76],[108.54,-6.49],[108.22,-6.24],[108.09,-6.33],[107.81,-6.19],[107.47,-6.15],[107.35,-5.98],[106.99,-6.08],[106.5,-6.03],[106.05,-5.88],[105.89,-6.07],[105.82,-6.43],[105.45,-6.81],[105.96,-6.82],[106.28,-6.98],[106.54,-6.98],[106.38,-7.31],[106.52,-7.41],[107.41,-7.5],[107.69,-7.66],[108.33,-7.82],[108.54,-7.69],[109.37,-7.71],[109.91,-7.84]]],[[[119.85,-0.87],[119.74,-0.64],[119.54,-0.85],[119.33,-1.21],[119.31,-1.69],[119.35,-1.93],[119.13,-2.2],[119.14,-2.44],[118.76,-2.78],[118.88,-2.86],[118.76,-3.09],[118.93,-3.57],[119.3,-3.43],[119.5,-3.5],[119.46,-3.71],[119.59,-3.97],[119.63,-4.31],[119.53,-4.88],[119.35,-5.36],[119.65,-5.68],[119.91,-5.57],[120.32,-5.51],[120.38,-5.34],[120.26,-5.15],[120.4,-4.57],[120.35,-3.93],[120.45,-3.73],[120.4,-3.38],[120.23,-2.95],[120.78,-2.61],[121.07,-2.75],[121.07,-3.19],[120.89,-3.54],[121.35,-3.97],[121.63,-4.09],[121.54,-4.23],[121.48,-4.66],[121.7,-4.84],[121.99,-4.86],[122.11,-4.52],[122.6,-4.4],[122.77,-4.48],[122.91,-4.2],[122.68,-4.12],[122.44,-3.73],[122.2,-3.56],[122.39,-3.13],[122.31,-2.93],[122.02,-2.69],[121.82,-2.29],[121.33,-1.92],[121.69,-1.91],[121.8,-1.72],[122.18,-1.61],[122.37,-1.49],[122.81,-0.92],[123.06,-0.88],[123.38,-1],[123.45,-0.76],[123.24,-0.57],[122.82,-0.61],[122.91,-0.76],[122.21,-0.76],[122.11,-0.93],[121.71,-0.94],[121.5,-0.86],[121.07,-1.42],[120.68,-1.39],[120.58,-1.11],[120.41,-0.9],[120.24,-0.89],[120.09,-0.66],[120,-0.21],[120.13,0.18],[120.38,0.48],[120.68,0.53],[120.89,0.42],[121.69,0.52],[121.8,0.43],[122.32,0.5],[122.98,0.48],[123.24,0.32],[123.75,0.31],[124.32,0.4],[124.5,0.53],[124.66,0.81],[124.9,0.97],[125.14,1.42],[125.18,1.67],[124.97,1.72],[124.85,1.49],[124.55,1.36],[124.31,1.04],[123.95,0.84],[122.97,0.96],[122.85,0.82],[122.45,1.02],[121.93,1.1],[121.63,1.06],[121.43,1.23],[120.97,1.35],[120.82,1.31],[120.8,1.07],[120.57,0.78],[120.34,0.87],[120.06,0.74],[119.79,0.2],[119.76,-0.47],[119.85,-0.87]]],[[[100.95,1.83],[100.86,2],[100.56,2.16],[100.38,2.36],[100.2,2.71],[100.02,2.73],[99.98,2.95],[99.75,3.18],[98.96,3.67],[98.68,3.91],[98.31,4.08],[98.28,4.43],[98.05,4.55],[97.91,4.89],[97.5,5.25],[97.27,5.16],[96.97,5.27],[96.65,5.22],[96.13,5.28],[95.89,5.51],[95.41,5.65],[95.2,5.55],[95.43,4.83],[96.01,4.23],[96.19,4.13],[96.43,3.83],[96.76,3.75],[97.27,3.21],[97.42,2.93],[97.6,2.87],[97.66,2.41],[97.74,2.28],[97.98,2.24],[98.54,1.94],[98.82,1.62],[98.73,1.51],[98.92,1.12],[99.09,0.62],[99.14,0.27],[99.61,0.1],[99.75,-0.03],[99.81,-0.29],[100.3,-0.82],[100.41,-1.04],[100.41,-1.26],[100.57,-1.44],[100.89,-2.04],[100.83,-2.14],[101.1,-2.59],[101.33,-2.74],[101.64,-3.25],[102.22,-3.64],[102.31,-3.99],[102.7,-4.27],[102.92,-4.49],[103.17,-4.62],[103.41,-4.87],[103.71,-4.96],[104.3,-5.64],[104.62,-5.49],[105.12,-5.78],[105.31,-5.47],[105.6,-5.81],[105.78,-5.83],[105.91,-4.47],[105.81,-4.24],[105.95,-3.83],[105.82,-3.67],[105.93,-3.37],[106.06,-3.27],[106.02,-2.97],[105.79,-2.86],[105.62,-2.4],[104.88,-2.28],[104.87,-2.08],[104.66,-2.03],[104.45,-1.53],[104.38,-1.03],[103.84,-1.03],[103.38,-0.73],[103.49,-0.12],[103.79,-0.01],[103.71,0.31],[103.36,0.54],[103.07,0.44],[102.88,0.73],[102.55,0.74],[102.24,0.98],[102.12,1.39],[101.78,1.64],[101.38,1.77],[101.3,2.05],[100.91,2.3],[100.8,2.16],[100.95,1.83]]],[[[120.79,-9.96],[120.44,-9.63],[120.07,-9.44],[119.63,-9.34],[119.17,-9.39],[119.04,-9.68],[119.48,-9.75],[119.98,-9.99],[120.16,-10.22],[120.39,-10.26],[120.71,-10.21],[120.79,-9.96]]],[[[116.63,-8.28],[116.38,-8.2],[116.03,-8.45],[116,-8.9],[116.5,-8.8],[116.74,-8.39],[116.63,-8.28]]],[[[119.2,-8.61],[119.08,-8.65],[118.99,-8.31],[118.44,-8.26],[118.24,-8.33],[118.12,-8.11],[117.9,-8.09],[117.71,-8.23],[118,-8.47],[118.07,-8.66],[117.81,-8.72],[117.56,-8.41],[117.2,-8.36],[116.79,-8.58],[116.76,-9.02],[117.01,-9.11],[117.33,-9.06],[117.74,-8.91],[117.89,-8.94],[118.3,-8.76],[118.47,-8.87],[119.2,-8.61]]],[[[123.03,-8.29],[122.8,-8.11],[122.76,-8.36],[122.29,-8.63],[121.83,-8.47],[121.51,-8.6],[120.98,-8.34],[120.65,-8.26],[120.28,-8.27],[119.92,-8.46],[119.82,-8.78],[120.24,-8.82],[120.59,-8.8],[120.92,-8.93],[121.34,-8.92],[121.4,-8.79],[121.79,-8.88],[122.11,-8.73],[122.41,-8.74],[122.81,-8.61],[123.03,-8.29]]],[[[115.62,-8.29],[115.22,-8.06],[115.02,-8.17],[114.69,-8.14],[114.64,-8.4],[114.93,-8.47],[115.25,-8.71],[115.6,-8.5],[115.62,-8.29]]],[[[116.3,-3.72],[116.26,-3.41],[116.13,-3.32],[116.01,-3.65],[116.12,-4.04],[116.31,-3.88],[116.3,-3.72]]],[[[109.76,-1.1],[109.45,-1],[109.48,-1.3],[109.76,-1.1]]],[[[99.27,-1.63],[98.88,-0.91],[98.66,-0.96],[98.59,-1.2],[98.88,-1.68],[99.1,-1.8],[99.27,-1.63]]],[[[103.05,0.8],[102.56,1.13],[102.5,0.97],[102.41,0.87],[102.56,0.78],[103.05,0.8]]],[[[104.65,1.1],[104.4,1.2],[104.48,0.86],[104.65,1.1]]],[[[102.47,1.24],[102.29,1.4],[102.23,1.1],[102.33,0.96],[102.46,0.96],[102.47,1.24]]],[[[101.72,2.06],[101.44,2.06],[101.46,1.77],[101.72,1.78],[101.72,2.06]]],[[[96.48,2.41],[95.88,2.92],[95.7,2.78],[96.07,2.58],[96.31,2.37],[96.48,2.41]]],[[[108.4,3.87],[108.17,4.18],[107.98,4.01],[108.06,3.86],[108.32,3.68],[108.4,3.87]]],[[[123.93,-8.23],[123.8,-8.18],[123.36,-8.41],[123.4,-8.59],[123.93,-8.23]]],[[[125.13,-8.22],[125.09,-8.16],[124.45,-8.15],[124.42,-8.46],[125.12,-8.35],[125.13,-8.22]]],[[[126.84,-7.73],[126.63,-7.57],[126.33,-7.7],[125.95,-7.68],[125.81,-7.86],[126.42,-7.93],[126.84,-7.73]]],[[[138.94,-7.54],[138.8,-7.37],[138.24,-7.46],[138.03,-7.61],[137.76,-8.07],[137.64,-8.39],[138.44,-8.38],[138.66,-8.17],[138.82,-8.09],[138.9,-8.08],[138.88,-7.93],[138.98,-7.83],[139.05,-7.56],[138.94,-7.54]]],[[[131.7,-7.23],[131.53,-7.17],[131.25,-7.47],[131.12,-7.73],[131.12,-8],[131.36,-7.95],[131.64,-7.6],[131.7,-7.23]]],[[[114.05,-6.91],[113.92,-6.86],[112.92,-6.89],[112.74,-7.16],[113.13,-7.23],[113.55,-7.23],[113.83,-7.13],[114.05,-6.91]]],[[[134.48,-6.58],[134.45,-6.44],[134.12,-6.17],[134.07,-6.83],[134.31,-6.86],[134.48,-6.58]]],[[[134.76,-6.16],[134.7,-5.53],[134.49,-5.45],[134.35,-5.71],[134.28,-6.08],[134.33,-6.22],[134.61,-6.37],[134.76,-6.16]]],[[[122.78,-4.92],[122.74,-4.64],[122.4,-4.74],[122.4,-5.06],[122.28,-5.33],[122.54,-5.43],[122.66,-5.32],[122.64,-5.08],[122.78,-4.92]]],[[[123.15,-5.23],[122.98,-5.09],[123.05,-4.75],[123.2,-4.61],[123.02,-4.39],[122.91,-4.47],[122.76,-5.21],[122.57,-5.51],[122.83,-5.68],[123.15,-5.23]]],[[[128.33,-3.51],[128.03,-3.59],[128.13,-3.75],[128.33,-3.51]]],[[[127.24,-3.47],[127.09,-3.2],[126.72,-3.06],[126.42,-3.07],[125.99,-3.25],[126.17,-3.6],[126.74,-3.86],[127.24,-3.61],[127.24,-3.47]]],[[[130.87,-3.57],[130.67,-3.4],[130.58,-3.12],[130.34,-2.98],[130.05,-2.99],[129.44,-2.78],[129.12,-2.96],[128.87,-2.86],[128.18,-2.86],[127.88,-3.21],[128.28,-3.22],[128.48,-3.46],[128.88,-3.2],[129.11,-3.35],[129.49,-3.46],[129.54,-3.3],[129.89,-3.33],[129.98,-3.46],[130.42,-3.64],[130.82,-3.87],[130.87,-3.57]]],[[[108.29,-2.85],[108.07,-2.59],[107.67,-2.56],[107.58,-3.01],[107.75,-3.2],[108.19,-3.14],[108.29,-2.85]]],[[[130.39,-1.89],[130.35,-1.74],[130.01,-1.75],[129.75,-1.86],[130.13,-2.07],[130.39,-1.89]]],[[[125.31,-1.78],[124.63,-1.63],[124.38,-1.67],[124.41,-2],[124.85,-1.9],[125.01,-1.94],[125.31,-1.78]]],[[[136.85,-1.77],[136.39,-1.73],[136.19,-1.65],[135.72,-1.7],[136.27,-1.91],[136.64,-1.88],[136.85,-1.77]]],[[[106.77,-2.56],[106.35,-2.46],[106.26,-2.35],[106.17,-1.88],[105.88,-1.49],[105.46,-1.56],[105.38,-1.82],[105.15,-1.94],[105.31,-2.14],[105.8,-2.17],[105.99,-2.82],[106.45,-2.98],[106.61,-2.94],[106.77,-2.56]]],[[[128.15,-1.59],[127.62,-1.33],[127.4,-1.49],[127.53,-1.73],[128.05,-1.71],[128.15,-1.59]]],[[[123.5,-1.26],[123.2,-1.16],[122.9,-1.18],[123.18,-1.49],[123.53,-1.43],[123.5,-1.26]]],[[[131.06,-1],[130.91,-0.89],[130.68,-0.96],[130.75,-1.22],[130.98,-1.35],[131.06,-1]]],[[[136.38,-1.09],[136.2,-1.07],[135.85,-0.7],[135.37,-0.65],[135.83,-1.11],[136.14,-1.22],[136.38,-1.09]]],[[[127.89,-0.76],[127.61,-0.63],[127.68,-0.46],[127.53,-0.3],[127.3,-0.51],[127.47,-0.82],[127.89,-0.76]]],[[[131.3,-0.24],[131.15,-0.09],[130.82,0],[130.37,-0.12],[130.32,-0.26],[130.95,-0.35],[131.3,-0.24]]],[[[97.93,1],[97.69,1.19],[97.49,1.48],[97.35,1.55],[97.23,1.28],[97.39,0.95],[97.61,0.82],[97.7,0.57],[97.88,0.64],[97.93,1]]],[[[127.67,-0.21],[128.04,-0.42],[127.89,-0.02],[127.88,0.3],[127.96,0.48],[128.7,0.33],[128.68,0.54],[128.31,0.67],[128.32,0.9],[128.7,1.07],[128.72,1.57],[128.46,1.54],[128.19,1.37],[128.2,1.2],[127.94,1.01],[127.8,0.8],[127.64,1],[127.89,1.16],[128.04,1.54],[127.85,1.83],[127.58,1.75],[127.54,1.48],[127.41,1.23],[127.49,1.05],[127.57,0.42],[127.71,0.28],[127.67,-0.21]]],[[[128.69,2.48],[128.47,2.59],[128.2,2.27],[128.34,2.04],[128.57,2.11],[128.69,2.48]]]]},"properties":{"name":"Indonesia","ISO3166-1-Alpha-3":"IDN","ISO3166-1-Alpha-2":"ID"}},{"type":"Feature","geometry":{"type":"MultiPolygon","coordinates":[[[[102.07,6.26],[102.06,6.09],[101.8,5.74],[101.53,5.91],[101.25,5.79],[101.11,5.64],[101.08,6.25],[100.82,6.26],[100.81,6.41],[100.39,6.52],[100.13,6.44],[100.35,6.01],[100.34,5.67],[100.43,5.3],[100.36,5.08],[100.58,4.85],[100.63,4.53],[100.57,4.32],[100.78,4.09],[100.72,3.87],[101.04,3.62],[101.3,3.27],[101.37,3],[101.28,2.91],[101.54,2.66],[101.78,2.58],[102.19,2.22],[102.49,2.09],[102.8,1.86],[103.37,1.54],[103.5,1.29],[103.84,1.48],[104.22,1.35],[104.29,1.45],[103.95,2.34],[103.77,2.62],[103.64,2.67],[103.43,2.96],[103.48,3.51],[103.34,3.76],[103.49,4.34],[103.45,4.8],[103.12,5.38],[102.5,5.9],[102.32,6.19],[102.07,6.26]]],[[[115.15,4.91],[115.27,4.64],[115.32,4.31],[115.11,4.38],[115.03,4.82],[114.98,4.89],[114.75,4.74],[114.84,4.36],[114.77,4.13],[114.59,4.02],[114.25,4.48],[114,4.6],[113.95,4.27],[113.74,4],[113.43,3.75],[113.28,3.48],[112.97,3.14],[112.01,2.89],[111.67,2.84],[111.44,2.68],[111.37,2.34],[110.97,1.5],[110.73,1.55],[110.37,1.72],[109.93,1.69],[109.65,1.94],[109.65,2.08],[109.53,1.89],[109.68,1.57],[110.26,1.04],[110.55,0.85],[110.85,1],[111.2,1.08],[111.35,1.01],[111.82,1.01],[112.1,1.15],[112.18,1.45],[112.47,1.57],[113.02,1.54],[113.09,1.43],[113.65,1.23],[113.91,1.44],[114.5,1.44],[114.83,1.9],[114.78,2.25],[115.13,2.48],[115.07,2.83],[115.24,3.04],[115.46,3.03],[115.65,4.17],[115.88,4.35],[116.49,4.32],[117.16,4.33],[117.57,4.16],[117.67,4.43],[117.89,4.26],[118.54,4.36],[118.6,4.52],[118.33,4.65],[118.14,4.88],[118.36,5.04],[118.68,4.94],[119.16,5.11],[119.27,5.2],[119.2,5.44],[118.97,5.43],[118.41,5.8],[117.88,5.95],[117.65,5.96],[117.61,6.18],[117.74,6.39],[117.51,6.6],[117.31,6.63],[117.14,7],[116.97,6.71],[116.75,7.01],[116.5,6.5],[116.2,6.22],[116.05,5.84],[115.85,5.56],[115.55,5.54],[115.36,5.32],[115.56,5.07],[115.36,4.9],[115.15,4.91]]]]},"properties":{"name":"Malaysia","ISO3166-1-Alpha-3":"MYS","ISO3166-1-Alpha-2":"MY"}},{"type":"Feature","geometry":{"type":"MultiPolygon","coordinates":[[[[-69.51,-17.51],[-69.86,-17.73],[-69.78,-17.98],[-69.97,-18.25],[-70.39,-18.34],[-70.3,-18.45],[-70.36,-18.77],[-70.29,-19.3],[-70.15,-19.72],[-70.12,-20.07],[-70.21,-20.74],[-70.06,-21.43],[-70.15,-21.66],[-70.3,-22.92],[-70.56,-23.06],[-70.59,-23.42],[-70.41,-23.51],[-70.5,-23.78],[-70.58,-24.52],[-70.47,-24.98],[-70.44,-25.34],[-70.65,-25.54],[-70.71,-25.84],[-70.64,-26.32],[-70.79,-27],[-70.96,-27.16],[-70.91,-27.62],[-71.14,-27.95],[-71.17,-28.36],[-71.3,-28.67],[-71.52,-28.94],[-71.49,-29.19],[-71.31,-29.42],[-71.29,-29.91],[-71.38,-30.15],[-71.64,-30.25],[-71.71,-30.61],[-71.67,-31.15],[-71.51,-31.78],[-71.54,-32.19],[-71.41,-32.37],[-71.57,-33],[-71.72,-33.17],[-71.64,-33.5],[-72.03,-34.16],[-72.06,-34.66],[-72.23,-35.12],[-72.65,-35.57],[-72.6,-35.81],[-72.78,-35.95],[-72.83,-36.31],[-73,-36.71],[-73.16,-36.73],[-73.17,-37.08],[-73.28,-37.21],[-73.67,-37.36],[-73.67,-37.72],[-73.46,-38.09],[-73.54,-38.42],[-73.28,-39.08],[-73.24,-39.49],[-73.4,-39.8],[-73.68,-39.94],[-73.95,-40.97],[-73.8,-41.57],[-73.66,-41.76],[-73.2,-41.78],[-72.96,-41.48],[-72.65,-41.72],[-72.86,-41.91],[-72.49,-42.06],[-72.81,-42.24],[-72.84,-42.84],[-72.76,-43.01],[-73.11,-43.46],[-72.98,-43.76],[-73.28,-44.11],[-72.69,-44.49],[-72.73,-44.76],[-73.12,-44.95],[-73.46,-45.27],[-73.55,-45.88],[-73.77,-46.23],[-74.19,-45.79],[-74.69,-45.84],[-74.71,-45.98],[-75.7,-46.64],[-75.08,-46.64],[-74.65,-46.79],[-74.27,-46.78],[-73.96,-47.06],[-74.32,-47.22],[-74.74,-47.7],[-74.63,-47.77],[-73.71,-47.78],[-73.89,-48.02],[-74.42,-47.98],[-74.2,-48.47],[-74.39,-48.6],[-74.42,-49.37],[-74.25,-50.08],[-74.57,-50.1],[-74.13,-50.76],[-74.26,-50.94],[-73.93,-51.4],[-73.9,-51.61],[-73.68,-51.77],[-73.54,-52.06],[-73.53,-52.46],[-73.27,-52.67],[-73.33,-53.07],[-72.95,-53.02],[-73.01,-52.83],[-72.79,-52.75],[-72.66,-52.52],[-71.57,-52.56],[-71.85,-52.69],[-72.16,-52.65],[-72.56,-52.83],[-72.96,-52.82],[-72.89,-53.06],[-73.2,-53.24],[-72.52,-53.54],[-72.47,-53.28],[-71.53,-52.87],[-71.25,-53.02],[-71.83,-53.25],[-72.28,-53.24],[-72.45,-53.41],[-72.05,-53.71],[-71.23,-53.87],[-70.97,-53.76],[-70.99,-53.38],[-70.81,-52.82],[-70.58,-52.67],[-69.85,-52.49],[-69.23,-52.2],[-68.45,-52.35],[-69.21,-52.14],[-69.95,-52.01],[-71.92,-51.99],[-72.28,-51.7],[-72.38,-51.16],[-72.3,-50.65],[-72.78,-50.62],[-73.1,-50.77],[-73.32,-50.27],[-73.53,-50.14],[-73.47,-49.76],[-73.59,-49.53],[-73.46,-49.31],[-73.1,-49.27],[-73.01,-48.99],[-72.59,-48.79],[-72.58,-48.45],[-72.33,-48.29],[-72.34,-48.07],[-72.54,-47.91],[-72.01,-47.2],[-71.93,-46.8],[-71.69,-46.69],[-71.77,-46.11],[-71.61,-45.97],[-71.8,-45.74],[-71.31,-45.3],[-71.59,-44.98],[-71.12,-44.53],[-71.21,-44.43],[-71.82,-44.4],[-71.86,-44.11],[-71.66,-43.93],[-71.82,-43.76],[-71.72,-43.59],[-71.94,-43.46],[-71.74,-43.19],[-72.15,-43],[-72.12,-42.26],[-71.74,-42.08],[-71.93,-41.62],[-71.85,-40.94],[-71.96,-40.72],[-71.8,-40.43],[-71.82,-40.21],[-71.62,-39.93],[-71.72,-39.62],[-71.52,-39.61],[-71.4,-39.24],[-71.42,-38.94],[-70.87,-38.69],[-71.01,-38.07],[-71.19,-37.71],[-71.12,-37.44],[-71.15,-36.69],[-71.04,-36.48],[-70.72,-36.41],[-70.7,-36.26],[-70.38,-36.05],[-70.41,-35.51],[-70.54,-35.21],[-70.39,-35.17],[-70.23,-34.59],[-70.04,-34.28],[-69.83,-34.24],[-69.9,-33.66],[-69.79,-33.38],[-70.1,-33.19],[-70,-32.88],[-70.14,-32.77],[-70.17,-32.46],[-70.32,-32.28],[-70.24,-31.96],[-70.43,-31.87],[-70.59,-31.55],[-70.48,-31.1],[-70.34,-31.04],[-70.22,-30.52],[-69.9,-30.31],[-69.98,-30.06],[-69.93,-29.72],[-70.04,-29.36],[-69.8,-29.1],[-69.65,-28.4],[-69.17,-27.92],[-69.12,-27.73],[-68.8,-27.11],[-68.59,-27.16],[-68.33,-27.04],[-68.32,-26.87],[-68.57,-26.55],[-68.58,-26.3],[-68.42,-26.18],[-68.61,-25.44],[-68.52,-25.18],[-68.37,-25.1],[-68.57,-24.77],[-68.24,-24.39],[-67.36,-24.03],[-67.01,-23],[-67.19,-22.82],[-67.55,-22.89],[-67.88,-22.83],[-67.86,-22.57],[-67.99,-22.06],[-68.1,-21.95],[-68.21,-21.28],[-68.42,-20.96],[-68.57,-20.87],[-68.48,-20.64],[-68.69,-20.52],[-68.78,-20.09],[-68.59,-20.06],[-68.55,-19.86],[-68.7,-19.75],[-68.5,-19.46],[-68.99,-18.95],[-68.95,-18.86],[-69.14,-18.03],[-69.3,-17.98],[-69.51,-17.51]]],[[[-68.64,-54.8],[-68.64,-54.78],[-68.63,-52.64],[-69.14,-52.68],[-69.58,-52.51],[-69.73,-52.77],[-70,-52.84],[-70.47,-53.31],[-70.26,-53.46],[-69.68,-53.36],[-69.36,-53.52],[-70.14,-53.74],[-70.07,-54.25],[-70.86,-54.32],[-71.01,-54.45],[-71.73,-54.41],[-71.94,-54.51],[-71.29,-54.68],[-70.24,-54.86],[-69.79,-54.79],[-69.07,-54.95],[-68.65,-54.89],[-68.64,-54.8]]],[[[-68,-55.63],[-68.24,-55.29],[-68.53,-55.11],[-68.44,-54.94],[-69.89,-55.06],[-69.61,-55.37],[-69.27,-55.21],[-68.97,-55.43],[-68.25,-55.52],[-68,-55.63]]],[[[-67.88,-55.24],[-67.42,-55.22],[-67.06,-55.07],[-67.3,-54.93],[-67.94,-54.91],[-68.16,-55.2],[-67.88,-55.24]]],[[[-71.63,-54.08],[-71.11,-54.38],[-70.99,-54.27],[-71.46,-53.94],[-71.63,-54.08]]],[[[-72.02,-54.2],[-71.71,-54.15],[-71.73,-53.9],[-72.26,-53.95],[-72.02,-54.2]]],[[[-70.46,-53.61],[-70.88,-53.84],[-70.82,-54.11],[-70.54,-54.22],[-70.34,-54.01],[-70.46,-53.61]]],[[[-72.53,-54.08],[-72.19,-53.78],[-72.66,-53.54],[-73.13,-53.49],[-73.58,-53.58],[-73.07,-53.83],[-72.74,-53.89],[-72.53,-54.08]]],[[[-74.39,-50.98],[-74.88,-50.89],[-74.89,-51.05],[-74.39,-50.98]]],[[[-75.2,-49.77],[-74.96,-49.79],[-74.87,-50.02],[-74.49,-49.95],[-74.42,-49.69],[-74.53,-48.72],[-74.76,-48.68],[-75.05,-48.86],[-74.8,-49.1],[-74.93,-49.31],[-75.47,-49.33],[-75.2,-49.77]]],[[[-74.5,-48.58],[-74.67,-48.26],[-75.03,-48.5],[-74.62,-48.69],[-74.5,-48.58]]],[[[-75.15,-48.66],[-75.07,-48.6],[-75.38,-48.01],[-75.59,-48.09],[-75.56,-48.38],[-75.27,-48.42],[-75.15,-48.66]]],[[[-73.93,-44.63],[-74.4,-44.63],[-74.28,-44.8],[-73.93,-44.63]]],[[[-73.38,-44.59],[-73.41,-44.82],[-73.15,-44.91],[-72.72,-44.53],[-73,-44.36],[-73.38,-44.59]]],[[[-74.33,-43.28],[-73.88,-43.42],[-73.52,-42.79],[-73.81,-42.61],[-73.49,-42.15],[-73.54,-41.84],[-74.06,-41.95],[-74.19,-42.43],[-74.13,-42.67],[-74.33,-43.28]]]]},"properties":{"name":"Chile","ISO3166-1-Alpha-3":"CHL","ISO3166-1-Alpha-2":"CL"}},{"type":"Feature","geometry":{"type":"Polygon","coordinates":[[[-69.51,-17.51],[-69.3,-17.98],[-69.14,-18.03],[-68.95,-18.86],[-68.99,-18.95],[-68.5,-19.46],[-68.7,-19.75],[-68.55,-19.86],[-68.59,-20.06],[-68.78,-20.09],[-68.69,-20.52],[-68.48,-20.64],[-68.57,-20.87],[-68.42,-20.96],[-68.21,-21.28],[-68.1,-21.95],[-67.99,-22.06],[-67.86,-22.57],[-67.88,-22.83],[-67.55,-22.89],[-67.19,-22.82],[-67.03,-22.52],[-66.8,-22.43],[-66.74,-22.23],[-66.38,-22.13],[-66.24,-21.79],[-66.09,-21.83],[-65.74,-22.11],[-65.02,-22.1],[-64.59,-22.21],[-64.57,-22.34],[-64.29,-22.69],[-63.95,-22.01],[-62.8,-22],[-62.65,-22.23],[-62.28,-21.07],[-62.28,-20.58],[-61.94,-20.1],[-61.76,-19.66],[-60.01,-19.3],[-59.09,-19.29],[-58.18,-19.82],[-58.16,-20.17],[-57.86,-19.98],[-58.12,-19.73],[-57.79,-19.06],[-57.78,-18.91],[-57.55,-18.18],[-57.73,-17.85],[-57.79,-17.56],[-58.01,-17.5],[-58.38,-17.27],[-58.48,-16.68],[-58.36,-16.51],[-58.46,-16.33],[-60.13,-16.27],[-60.18,-16.22],[-60.24,-15.5],[-60.53,-15.14],[-60.27,-15.1],[-60.29,-14.63],[-60.47,-14.12],[-60.47,-13.82],[-60.9,-13.55],[-61.35,-13.49],[-61.85,-13.53],[-62.22,-13.12],[-62.81,-12.99],[-63.08,-12.65],[-63.25,-12.7],[-63.8,-12.45],[-63.92,-12.54],[-64.4,-12.46],[-64.47,-12.26],[-65,-12],[-65.07,-11.75],[-65.35,-11.39],[-65.3,-10.99],[-65.45,-10.47],[-65.29,-10.22],[-65.3,-9.83],[-65.58,-9.84],[-65.79,-9.73],[-66.63,-9.9],[-67.06,-10.26],[-67.34,-10.33],[-67.76,-10.71],[-68.1,-10.7],[-68.29,-10.98],[-68.62,-11.11],[-68.88,-11.02],[-69.58,-10.95],[-68.68,-12.5],[-68.98,-12.87],[-68.96,-13.28],[-69.02,-13.75],[-68.88,-14.21],[-69.25,-14.59],[-69.39,-14.96],[-69.15,-15.23],[-69.29,-15.35],[-69.42,-15.66],[-69.22,-16.15],[-68.84,-16.3],[-69,-16.42],[-69.04,-16.67],[-69.19,-16.74],[-69.43,-17.09],[-69.62,-17.19],[-69.51,-17.51]]]},"properties":{"name":"Bolivia","ISO3166-1-Alpha-3":"BOL","ISO3166-1-Alpha-2":"BO"}},{"type":"Feature","geometry":{"type":"Polygon","coordinates":[[[-69.51,-17.51],[-69.62,-17.19],[-69.43,-17.09],[-69.19,-16.74],[-69.04,-16.67],[-69,-16.42],[-68.84,-16.3],[-69.22,-16.15],[-69.42,-15.66],[-69.29,-15.35],[-69.15,-15.23],[-69.39,-14.96],[-69.25,-14.59],[-68.88,-14.21],[-69.02,-13.75],[-68.96,-13.28],[-68.98,-12.87],[-68.68,-12.5],[-69.58,-10.95],[-69.96,-10.92],[-70.29,-11.06],[-70.64,-11.01],[-70.64,-9.85],[-70.54,-9.73],[-70.68,-9.53],[-71.2,-9.94],[-71.39,-10.01],[-72.2,-10.01],[-72.26,-9.67],[-72.43,-9.48],[-72.81,-9.41],[-73.21,-9.41],[-72.96,-9.09],[-73.17,-8.72],[-73.53,-8.37],[-73.71,-7.79],[-73.97,-7.58],[-73.98,-7.37],[-73.76,-7.34],[-73.77,-6.9],[-73.13,-6.44],[-73.23,-6.08],[-73,-5.71],[-72.92,-5.13],[-72.63,-5.02],[-72.07,-4.61],[-71.77,-4.48],[-70.97,-4.39],[-70.83,-4.18],[-70.43,-4.13],[-70.23,-4.3],[-69.96,-4.24],[-70.31,-3.83],[-70.54,-3.87],[-70.73,-3.78],[-70.05,-2.72],[-70.87,-2.23],[-71.22,-2.34],[-71.77,-2.14],[-71.97,-2.33],[-72.4,-2.45],[-72.64,-2.33],[-72.94,-2.42],[-73.2,-2.19],[-73.11,-2.07],[-73.19,-1.8],[-73.53,-1.67],[-73.5,-1.48],[-73.64,-1.26],[-74.29,-0.94],[-74.41,-0.57],[-74.82,-0.17],[-75.14,-0.04],[-75.28,-0.11],[-75.46,-0.16],[-75.43,-0.4],[-75.27,-0.53],[-75.56,-1.5],[-76.09,-2.13],[-76.68,-2.57],[-77.85,-2.98],[-78.36,-3.49],[-78.5,-3.95],[-78.68,-4.33],[-78.67,-4.55],[-78.85,-4.65],[-79.01,-4.96],[-79.3,-4.96],[-79.45,-4.81],[-79.51,-4.53],[-79.8,-4.48],[-80.08,-4.31],[-80.41,-4.48],[-80.49,-4.4],[-80.48,-4],[-80.17,-3.89],[-80.34,-3.39],[-80.77,-3.71],[-80.87,-3.87],[-81.25,-4.24],[-81.34,-4.68],[-81.06,-5.02],[-81.2,-5.21],[-80.93,-5.46],[-80.86,-5.65],[-81.1,-6.07],[-80.79,-6.3],[-80.3,-6.54],[-79.96,-6.79],[-79.61,-7.27],[-79.47,-7.72],[-78.99,-8.22],[-78.94,-8.44],[-78.76,-8.61],[-78.76,-8.78],[-78.5,-9.19],[-78.37,-9.62],[-78.06,-10.35],[-77.67,-10.93],[-77.65,-11.29],[-77.32,-11.49],[-77.15,-11.93],[-77.17,-12.07],[-76.85,-12.3],[-76.81,-12.48],[-76.52,-12.87],[-76.48,-13.04],[-76.22,-13.36],[-76.18,-13.54],[-76.28,-14.14],[-75.98,-14.46],[-75.93,-14.65],[-75.55,-14.88],[-75.16,-15.39],[-74.46,-15.73],[-74.05,-15.96],[-73.7,-16.22],[-72.69,-16.66],[-72.36,-16.76],[-72.29,-16.88],[-71.81,-17.19],[-71.51,-17.28],[-71.36,-17.63],[-71.09,-17.87],[-70.39,-18.34],[-69.97,-18.25],[-69.78,-17.98],[-69.86,-17.73],[-69.51,-17.51]]]},"properties":{"name":"Peru","ISO3166-1-Alpha-3":"PER","ISO3166-1-Alpha-2":"PE"}},{"type":"Feature","geometry":{"type":"MultiPolygon","coordinates":[[[[-67.19,-22.82],[-67.01,-23],[-67.36,-24.03],[-68.24,-24.39],[-68.57,-24.77],[-68.37,-25.1],[-68.52,-25.18],[-68.61,-25.44],[-68.42,-26.18],[-68.58,-26.3],[-68.57,-26.55],[-68.32,-26.87],[-68.33,-27.04],[-68.59,-27.16],[-68.8,-27.11],[-69.12,-27.73],[-69.17,-27.92],[-69.65,-28.4],[-69.8,-29.1],[-70.04,-29.36],[-69.93,-29.72],[-69.98,-30.06],[-69.9,-30.31],[-70.22,-30.52],[-70.34,-31.04],[-70.48,-31.1],[-70.59,-31.55],[-70.43,-31.87],[-70.24,-31.96],[-70.32,-32.28],[-70.17,-32.46],[-70.14,-32.77],[-70,-32.88],[-70.1,-33.19],[-69.79,-33.38],[-69.9,-33.66],[-69.83,-34.24],[-70.04,-34.28],[-70.23,-34.59],[-70.39,-35.17],[-70.54,-35.21],[-70.41,-35.51],[-70.38,-36.05],[-70.7,-36.26],[-70.72,-36.41],[-71.04,-36.48],[-71.15,-36.69],[-71.12,-37.44],[-71.19,-37.71],[-71.01,-38.07],[-70.87,-38.69],[-71.42,-38.94],[-71.4,-39.24],[-71.52,-39.61],[-71.72,-39.62],[-71.62,-39.93],[-71.82,-40.21],[-71.8,-40.43],[-71.96,-40.72],[-71.85,-40.94],[-71.93,-41.62],[-71.74,-42.08],[-72.12,-42.26],[-72.15,-43],[-71.74,-43.19],[-71.94,-43.46],[-71.72,-43.59],[-71.82,-43.76],[-71.66,-43.93],[-71.86,-44.11],[-71.82,-44.4],[-71.21,-44.43],[-71.12,-44.53],[-71.59,-44.98],[-71.31,-45.3],[-71.8,-45.74],[-71.61,-45.97],[-71.77,-46.11],[-71.69,-46.69],[-71.93,-46.8],[-72.01,-47.2],[-72.54,-47.91],[-72.34,-48.07],[-72.33,-48.29],[-72.58,-48.45],[-72.59,-48.79],[-73.01,-48.99],[-73.1,-49.27],[-73.06,-49.55],[-73.47,-49.76],[-73.53,-50.14],[-73.32,-50.27],[-73.1,-50.77],[-72.78,-50.62],[-72.3,-50.65],[-72.38,-51.16],[-72.28,-51.7],[-71.92,-51.99],[-69.95,-52.01],[-69.21,-52.14],[-68.45,-52.35],[-68.94,-51.65],[-69.17,-50.98],[-69.08,-50.56],[-68.88,-50.33],[-68.08,-50.09],[-67.73,-49.78],[-67.56,-49.02],[-67.11,-48.67],[-66.47,-48.4],[-65.85,-47.94],[-65.74,-47.51],[-65.74,-47.2],[-66.79,-47.01],[-67.13,-46.71],[-67.42,-46.57],[-67.62,-46.16],[-67.33,-45.61],[-66.87,-45.24],[-66.52,-45.22],[-66.2,-44.99],[-65.6,-45.03],[-65.69,-44.71],[-65.22,-44.37],[-65.22,-44.04],[-65.33,-43.67],[-64.51,-42.94],[-65,-42.78],[-64.61,-42.52],[-64.32,-42.54],[-64.11,-42.88],[-63.62,-42.75],[-63.59,-42.34],[-63.81,-42.07],[-64.16,-42.21],[-64.13,-42.43],[-64.57,-42.44],[-64.53,-42.24],[-64.86,-42.19],[-65.07,-41.99],[-64.99,-41.55],[-65.18,-41.01],[-64.95,-40.71],[-63.78,-41.16],[-63.1,-41.15],[-62.34,-40.87],[-62.25,-40.62],[-62.48,-40.29],[-62.37,-40.21],[-62.31,-39.87],[-62.16,-39.86],[-62.06,-39.45],[-62.32,-39.27],[-62.36,-39.1],[-62.03,-38.94],[-61.52,-39.01],[-60.87,-38.98],[-59.06,-38.69],[-58.16,-38.43],[-57.59,-38.15],[-57.51,-37.87],[-57.06,-37.41],[-56.66,-36.85],[-56.7,-36.4],[-56.93,-36.36],[-57.25,-36.17],[-57.37,-35.99],[-57.35,-35.73],[-57.14,-35.48],[-57.25,-35.25],[-57.52,-35.01],[-58.15,-34.75],[-58.51,-34.44],[-58.38,-34.19],[-58.55,-33.68],[-58.38,-33.08],[-58.15,-33.05],[-58.2,-32.45],[-58.17,-31.85],[-57.99,-31.55],[-57.81,-30.91],[-57.85,-30.49],[-57.64,-30.19],[-57.61,-30.18],[-57.33,-29.98],[-56.42,-29.05],[-55.9,-28.46],[-55.77,-28.23],[-55.44,-28.08],[-55.33,-27.93],[-55.03,-27.84],[-54.83,-27.55],[-54.19,-27.26],[-53.82,-27.14],[-53.71,-26.87],[-53.75,-26.69],[-53.67,-26.22],[-53.83,-25.97],[-53.91,-25.63],[-54.21,-25.53],[-54.6,-25.57],[-54.71,-26.44],[-54.98,-26.79],[-55.41,-26.98],[-55.75,-27.44],[-56.12,-27.3],[-56.37,-27.58],[-56.55,-27.46],[-56.9,-27.42],[-57.18,-27.49],[-58.02,-27.26],[-58.51,-27.28],[-58.65,-27.16],[-58.25,-26.76],[-58.21,-26.4],[-58.09,-26.13],[-57.56,-25.46],[-57.75,-25.18],[-58.22,-24.94],[-58.81,-24.78],[-59.34,-24.49],[-59.46,-24.36],[-60.03,-24.01],[-60.33,-24.02],[-61.01,-23.81],[-61.11,-23.61],[-61.49,-23.41],[-61.96,-23.03],[-62.29,-22.48],[-62.65,-22.23],[-62.8,-22],[-63.95,-22.01],[-64.29,-22.69],[-64.57,-22.34],[-64.59,-22.21],[-65.02,-22.1],[-65.74,-22.11],[-66.09,-21.83],[-66.24,-21.79],[-66.38,-22.13],[-66.74,-22.23],[-66.8,-22.43],[-67.03,-22.52],[-67.19,-22.82]]],[[[-68.64,-54.78],[-67.03,-54.91],[-66.54,-55.05],[-65.97,-54.9],[-65.33,-54.91],[-65.16,-54.64],[-65.84,-54.65],[-66.48,-54.47],[-66.77,-54.25],[-67.3,-54.05],[-67.98,-53.6],[-68.11,-53.34],[-68.45,-53.3],[-68.52,-53.12],[-68.27,-52.98],[-68.63,-52.64],[-68.64,-54.78]]]]},"properties":{"name":"Argentina","ISO3166-1-Alpha-3":"ARG","ISO3166-1-Alpha-2":"AR"}},{"type":"Feature","geometry":{"type":"Polygon","coordinates":[[[33.78,34.98],[33.89,34.96],[33.9,35.06],[33.91,35.07],[33.68,35.03],[33.7,34.99],[33.7,34.97],[33.78,34.98]]]},"properties":{"name":"Dhekelia Sovereign Base Area","ISO3166-1-Alpha-3":"-99","ISO3166-1-Alpha-2":"-99"}},{"type":"Feature","geometry":{"type":"MultiPolygon","coordinates":[[[[33.7,34.99],[33.42,35.16],[32.92,35.07],[32.82,35.06],[32.81,35.09],[32.71,35.13],[32.69,35.18],[32.66,35.19],[32.58,35.17],[32.37,35.04],[32.41,34.75],[32.76,34.65],[32.83,34.7],[33.02,34.63],[33.61,34.82],[33.7,34.97],[33.7,34.99]]],[[[33.9,35.06],[33.89,34.96],[34.02,35.06],[33.9,35.06]]]]},"properties":{"name":"Cyprus","ISO3166-1-Alpha-3":"CYP","ISO3166-1-Alpha-2":"CY"}},{"type":"Feature","geometry":{"type":"MultiPolygon","coordinates":[[[[77.8,35.5],[77.05,35.11],[76.92,34.92],[76.55,34.73],[76.02,34.68],[75.78,34.5],[75.35,34.56],[74.29,34.77],[73.96,34.67],[73.77,34.37],[74,34.2],[74.03,33.83],[74.14,33.55],[74,33.18],[74.32,32.97],[74.42,32.78],[74.65,32.72],[74.72,32.46],[75.02,32.47],[75.36,32.26],[75.29,32.15],[74.83,32.03],[74.49,31.71],[74.61,31.44],[74.33,30.9],[73.85,30.37],[73.94,30.19],[73.37,29.93],[73.23,29.54],[72.9,29.02],[72.38,28.78],[72.15,28.35],[71.89,28.1],[71.86,27.95],[71.31,27.86],[70.83,27.7],[70.63,27.93],[70.34,28.01],[70.09,27.79],[70.02,27.6],[69.58,27.19],[69.47,26.81],[69.82,26.58],[70.16,26.53],[70.06,25.98],[70.26,25.7],[70.66,25.63],[70.65,25.43],[70.86,25.14],[71.06,24.68],[70.92,24.36],[70.76,24.23],[70.56,24.42],[70.11,24.3],[69.97,24.17],[69.56,24.28],[68.73,24.29],[68.72,23.97],[68.43,23.97],[68.18,23.84],[68.16,23.76],[68.55,23.26],[68.87,23.02],[69.24,22.84],[69.72,22.75],[69.83,22.86],[70.4,22.95],[70.18,22.56],[69.96,22.54],[69.62,22.36],[69.36,22.33],[68.97,22.4],[68.99,22.2],[69.2,21.98],[69.81,21.43],[70.05,21.15],[70.54,20.81],[70.98,20.71],[71.46,20.89],[72.1,21.21],[72.3,21.65],[72.17,21.79],[72.32,22.18],[72.55,22.28],[72.53,21.71],[72.61,21.27],[72.94,20.77],[72.75,20.28],[72.65,19.84],[72.98,18.3],[72.98,18.08],[73.23,17.3],[73.32,16.51],[73.45,16.07],[73.59,15.9],[73.77,15.5],[73.89,15.44],[74.11,14.78],[74.26,14.7],[74.5,14.01],[74.61,13.84],[74.82,12.86],[75.13,12.21],[75.53,11.69],[75.83,11.1],[75.92,10.77],[76.18,10.17],[76.36,9.92],[76.31,9.49],[76.54,8.91],[77,8.37],[77.32,8.13],[77.51,8.08],[78.06,8.37],[78.18,8.86],[78.45,9.12],[78.96,9.27],[78.98,9.67],[79.28,10.04],[79.4,10.32],[79.76,10.26],[79.86,10.38],[79.86,11.16],[79.75,11.58],[79.86,12.02],[80.16,12.47],[80.33,13.2],[80.33,13.43],[80.12,13.5],[80.24,13.84],[80.12,14.24],[80.2,14.57],[80.05,15.01],[80.09,15.3],[80.26,15.67],[80.69,15.9],[81,15.85],[81.16,15.99],[81.32,16.37],[81.76,16.32],[82.31,16.58],[82.37,16.81],[82.3,17.03],[82.47,17.21],[83.24,17.59],[83.61,18.05],[84.08,18.27],[84.42,18.64],[84.87,19.22],[85.18,19.48],[85.22,19.74],[85.46,19.9],[85.55,19.69],[86.27,19.91],[86.5,20.18],[86.7,20.28],[86.73,20.46],[87,20.66],[86.84,21.08],[86.92,21.33],[87.2,21.55],[87.7,21.66],[87.97,21.84],[88.2,21.81],[88.39,21.6],[88.76,21.56],[88.88,21.67],[89.06,22.13],[88.84,22.96],[88.95,23.18],[88.69,23.29],[88.72,23.47],[88.54,23.65],[88.74,24.29],[88.48,24.32],[88.14,24.5],[88.02,24.65],[88.2,24.95],[88.43,25.17],[88.9,25.17],[88.77,25.5],[88.53,25.5],[88.07,25.91],[88.16,26.14],[88.66,26.42],[88.81,26.23],[89.04,26.38],[89.13,26.13],[89.35,26],[89.6,26.06],[89.83,25.91],[89.8,25.37],[90.36,25.15],[90.82,25.14],[91.24,25.2],[91.47,25.13],[92,25.18],[92.46,24.95],[92.23,24.78],[92.11,24.41],[91.6,24.1],[91.36,24.1],[91.22,23.91],[91.14,23.61],[91.3,23.14],[91.54,22.98],[91.8,23.09],[91.74,23.27],[92.15,23.73],[92.36,23.29],[92.38,22.9],[92.5,22.7],[92.58,21.98],[92.85,22.02],[93.17,22.25],[93.08,22.77],[93.37,23.13],[93.46,23.96],[93.61,24.01],[94,23.92],[94.19,24],[94.29,24.32],[94.71,25.03],[94.55,25.25],[94.61,25.39],[95.01,25.74],[95.14,26.03],[95.05,26.25],[95.12,26.6],[95.39,26.69],[96.14,27.26],[96.76,27.34],[96.87,27.62],[97.22,27.9],[97.32,28.22],[97.12,28.37],[96.34,28.48],[96.6,28.71],[96.46,28.99],[96.14,29.37],[95.74,29.34],[95.22,29.06],[94.78,29.17],[94.63,29.32],[94.27,29.1],[94.25,28.93],[93.86,28.7],[93.45,28.67],[93.19,28.43],[92.65,28.11],[92.57,27.85],[92.24,27.87],[92.06,27.76],[91.63,27.85],[91.6,27.55],[91.98,27.47],[92.04,26.85],[91.52,26.8],[90.59,26.78],[90.38,26.89],[90.09,26.74],[89.82,26.7],[89.34,26.85],[88.95,26.91],[88.73,27.15],[88.89,27.32],[88.74,27.55],[88.85,27.84],[88.61,28.11],[88.12,27.86],[87.97,27.1],[88.17,26.74],[88.07,26.45],[87.33,26.35],[87.08,26.43],[86.71,26.41],[86.28,26.61],[86.01,26.65],[85.82,26.57],[85.6,26.85],[85.29,26.74],[84.8,27.01],[84.64,27.03],[84.58,27.33],[84.29,27.38],[84.08,27.51],[83.83,27.43],[83.13,27.44],[82.75,27.49],[82.65,27.7],[82.4,27.68],[82.05,27.91],[81.86,27.85],[81.31,28.12],[81.15,28.37],[80.65,28.62],[80.35,28.62],[80.04,28.84],[80.28,29.27],[80.21,29.42],[80.37,29.76],[80.57,29.95],[81,30.2],[80.72,30.39],[80.25,30.57],[79.83,30.96],[79.39,31.04],[79.24,31.33],[78.92,31.27],[78.74,31.33],[78.82,31.61],[78.67,31.77],[78.74,31.96],[78.46,32.23],[78.45,32.57],[78.63,32.58],[78.94,32.35],[79.11,32.47],[79.44,32.53],[79.62,32.73],[79.41,32.97],[79.46,33.25],[79.1,33.29],[78.82,33.46],[78.73,34.08],[78.99,34.29],[78.61,34.55],[78.27,34.66],[78,35.27],[77.8,35.5]]],[[[93.05,13.28],[92.85,13.34],[92.72,12.36],[92.54,11.89],[92.8,11.87],[92.77,12.08],[92.99,12.52],[92.96,12.86],[93.05,13.28]]]]},"properties":{"name":"India","ISO3166-1-Alpha-3":"IND","ISO3166-1-Alpha-2":"IN"}},{"type":"Feature","geometry":{"type":"MultiPolygon","coordinates":[[[[77.8,35.5],[78,35.27],[78.27,34.66],[78.61,34.55],[78.99,34.29],[78.73,34.08],[78.82,33.46],[79.1,33.29],[79.46,33.25],[79.41,32.97],[79.62,32.73],[79.44,32.53],[79.11,32.47],[78.94,32.35],[78.63,32.58],[78.45,32.57],[78.46,32.23],[78.74,31.96],[78.67,31.77],[78.82,31.61],[78.74,31.33],[78.92,31.27],[79.24,31.33],[79.39,31.04],[79.83,30.96],[80.25,30.57],[80.72,30.39],[81,30.2],[81.19,30],[81.59,30.41],[82.09,30.33],[82.14,30.07],[82.54,29.92],[82.84,29.66],[83.16,29.63],[83.52,29.19],[83.95,29.29],[84.1,29.25],[84.24,28.9],[84.68,28.6],[84.92,28.54],[85.08,28.32],[85.26,28.27],[85.68,28.31],[85.98,27.89],[86.2,28],[86.44,27.91],[86.66,28.11],[87.16,27.83],[88.12,27.86],[88.61,28.11],[88.85,27.84],[88.74,27.55],[88.89,27.32],[89.05,27.61],[89.56,28.13],[89.86,28.3],[90.26,28.34],[90.59,28.23],[90.68,28.09],[91.09,27.97],[91.27,28.07],[91.63,27.85],[92.06,27.76],[92.24,27.87],[92.57,27.85],[92.65,28.11],[93.19,28.43],[93.45,28.67],[93.86,28.7],[94.25,28.93],[94.27,29.1],[94.63,29.32],[94.78,29.17],[95.22,29.06],[95.74,29.34],[96.14,29.37],[96.46,28.99],[96.6,28.71],[96.34,28.48],[97.12,28.37],[97.32,28.22],[97.53,28.53],[97.7,28.49],[98.12,28.14],[98.11,27.97],[98.4,27.68],[98.68,27.58],[98.67,27.18],[98.75,26.77],[98.69,25.88],[98.46,25.79],[98.33,25.57],[97.74,25.09],[97.54,24.75],[97.71,24.13],[97.89,24.02],[98.18,24.12],[98.5,24.12],[98.66,23.97],[98.86,23.6],[98.91,23.3],[99.22,23.06],[99.53,22.95],[99.31,22.72],[99.36,22.5],[99.17,22.2],[99.94,22.05],[99.95,21.72],[100.33,21.52],[100.62,21.47],[101.07,21.76],[101.16,21.55],[101.28,21.17],[101.72,21.3],[101.75,21.81],[101.52,22.23],[101.65,22.45],[102.12,22.4],[102.22,22.41],[102.44,22.77],[102.85,22.59],[102.99,22.44],[103.31,22.79],[103.47,22.59],[103.65,22.8],[103.87,22.58],[104.21,22.83],[104.34,22.69],[104.73,22.84],[104.8,23.09],[105.33,23.32],[105.85,22.9],[106,22.98],[106.32,22.85],[106.67,22.87],[106.74,22.7],[106.53,22.43],[106.72,22.01],[107.02,21.89],[107.35,21.6],[107.74,21.66],[107.99,21.49],[108.45,21.66],[109.14,21.6],[109.21,21.42],[109.53,21.49],[109.92,21.49],[109.67,21.12],[109.77,20.82],[109.75,20.63],[110.13,20.25],[110.4,20.3],[110.53,20.48],[110.16,20.85],[110.16,20.99],[110.48,21.22],[110.64,21.23],[111.21,21.53],[111.63,21.53],[111.99,21.76],[112.24,21.71],[112.61,21.78],[112.83,21.97],[113.23,22.04],[113.3,22.18],[113.59,22.24],[113.6,22.58],[113.37,22.88],[113.61,22.99],[113.89,22.45],[114.08,22.53],[114.23,22.56],[114.72,22.79],[114.87,22.6],[115.07,22.8],[115.37,22.69],[115.58,22.88],[115.81,22.81],[116.49,22.94],[116.73,23.26],[116.92,23.64],[117.08,23.56],[117.58,23.89],[117.89,24.03],[117.99,24.39],[118.13,24.62],[118.57,24.57],[119.11,25.41],[119.56,25.56],[119.57,26.05],[119.67,26.28],[119.68,26.62],[120.08,26.65],[120.24,26.93],[120.52,27.2],[120.55,27.4],[120.84,27.96],[121.24,28.31],[121.66,28.34],[121.51,28.66],[121.84,29.16],[121.98,29.82],[121.68,30],[121.38,30.33],[121.15,30.33],[120.89,30.17],[120.73,30.23],[120.98,30.54],[121.41,30.77],[121.98,30.91],[121.73,31.28],[121.32,31.5],[121.12,31.8],[121.29,31.89],[121.68,31.72],[121.82,31.95],[121.44,32.11],[121.35,32.41],[120.91,32.63],[120.9,33.01],[120.73,33.2],[120.41,33.86],[120.26,34.31],[119.64,34.55],[119.35,34.78],[119.21,35.05],[119.65,35.58],[120.24,35.97],[120.11,36.2],[120.7,36.14],[120.75,36.46],[121.41,36.75],[122.04,36.98],[122.32,36.82],[122.53,36.94],[122.55,37.31],[122.13,37.48],[121.48,37.47],[121.14,37.7],[120.74,37.83],[120.46,37.75],[119.86,37.36],[119.77,37.15],[119.44,37.12],[118.97,37.28],[118.98,37.61],[119.24,37.77],[118.84,38.15],[118.54,38.07],[118.08,38.14],[117.72,38.38],[117.57,38.61],[117.72,39.09],[118.05,39.22],[118.34,39.03],[118.62,39.16],[118.94,39.14],[119.31,39.43],[119.34,39.72],[119.54,39.89],[120.44,40.19],[120.62,40.47],[120.99,40.83],[121.36,40.94],[122.05,40.75],[122.3,40.5],[121.77,39.92],[121.54,39.86],[121.44,39.51],[121.67,39.09],[121.09,38.9],[121.15,38.73],[121.65,38.86],[122.13,39.14],[122.4,39.41],[123.01,39.68],[123.17,39.67],[123.62,39.87],[123.99,39.81],[124.2,39.88],[124.37,40.1],[124.9,40.48],[125.36,40.65],[125.76,40.89],[126.01,40.9],[126.5,41.43],[126.62,41.67],[126.89,41.78],[127.27,41.5],[127.64,41.43],[128.19,41.4],[128.3,41.58],[128.03,41.99],[128.5,42],[128.96,42.09],[129.24,42.38],[129.7,42.44],[129.88,43],[130.24,42.9],[130.24,42.74],[130.53,42.53],[130.41,42.74],[130.77,42.87],[130.99,42.85],[131.28,43.38],[131.17,43.78],[131.26,44.05],[131.07,44.68],[130.93,44.84],[131.42,44.96],[131.82,45.33],[131.97,45.23],[132.95,45.02],[133.12,45.12],[133.2,45.51],[133.41,45.57],[133.69,46.14],[133.9,46.26],[134.15,47.26],[134.48,47.43],[134.77,47.71],[134.57,48.04],[134.7,48.26],[134.39,48.38],[133.72,48.24],[133.46,48.09],[133.09,48.11],[132.66,47.87],[132.52,47.71],[131.58,47.67],[131.02,47.68],[130.66,48.12],[130.82,48.28],[130.53,48.64],[130.67,48.87],[130.25,48.86],[129.91,49.04],[129.71,49.27],[129.05,49.38],[128.67,49.61],[128.09,49.54],[127.83,49.59],[127.51,49.82],[127.58,50.22],[127.33,50.33],[127.29,50.75],[126.93,51.06],[126.95,51.33],[126.45,51.98],[126.53,52.15],[126.04,52.73],[125.62,53.06],[125.13,53.21],[124.72,53.15],[124.23,53.38],[123.64,53.55],[123.25,53.57],[122.86,53.47],[122.34,53.49],[121.2,53.28],[120.87,53.28],[120.28,52.87],[120.43,52.64],[120.72,52.54],[120.63,52.35],[120.78,52.12],[120.65,51.91],[120.11,51.67],[119.75,51.08],[119.29,50.6],[119.32,50.09],[119.09,49.99],[118.64,49.95],[118.17,49.67],[117.76,49.51],[117.06,49.67],[116.68,49.82],[115.8,48.53],[115.81,48.27],[115.51,48.12],[115.56,47.93],[115.85,47.71],[116.24,47.86],[116.85,47.87],[117.32,47.65],[117.74,47.98],[118.18,48.03],[118.54,47.97],[118.77,47.76],[119.7,47.16],[119.9,46.84],[119.68,46.59],[119.32,46.61],[118.82,46.76],[118.24,46.72],[117.7,46.51],[117.39,46.57],[117.3,46.35],[116.8,46.38],[116.6,46.31],[116.01,45.68],[115.64,45.44],[114.94,45.37],[114.53,45.39],[114.42,45.2],[114.06,44.94],[113.64,44.75],[113.1,44.79],[112.61,44.91],[112.44,45.05],[112.01,45.09],[111.74,44.97],[111.41,44.42],[111.52,44.19],[111.84,43.94],[111.93,43.7],[111.6,43.52],[110.93,43.29],[110.41,42.77],[109.49,42.45],[108.8,42.4],[108.18,42.45],[106.77,42.29],[105.87,41.99],[105.01,41.6],[104.5,41.67],[104.5,41.87],[103.72,41.76],[103.07,42],[102.03,42.18],[101.64,42.52],[101.22,42.53],[100.02,42.68],[99.47,42.56],[97.19,42.79],[96.35,42.74],[96.29,42.93],[95.91,43.21],[95.38,44.29],[95.04,44.25],[94.7,44.34],[93.98,44.66],[93.53,44.95],[92.75,45.04],[92.48,45],[91.66,45.06],[91.14,45.2],[90.91,45.19],[90.65,45.49],[90.71,45.75],[91,46.02],[90.9,46.3],[91.05,46.57],[90.83,46.98],[90.47,47.31],[90.44,47.49],[90.08,47.76],[89.75,47.82],[89.54,48.03],[89.05,47.99],[88.58,48.21],[88.57,48.34],[87.94,48.6],[87.81,48.8],[87.82,49.17],[87.32,49.09],[86.89,49.11],[86.73,48.99],[86.74,48.7],[86.57,48.53],[86.19,48.42],[85.78,48.41],[85.52,47.92],[85.67,47.38],[85.5,47.05],[85.21,47.03],[84.92,46.85],[84.66,46.98],[83.91,46.97],[83.15,47.21],[82.84,46.73],[82.49,45.9],[82.29,45.53],[82.62,45.44],[82.59,45.18],[82.29,45.23],[81.95,45.14],[81.74,45.34],[80.85,45.13],[80.06,45.02],[80.38,44.67],[80.35,44.1],[80.71,43.46],[80.77,43.11],[80.37,43.03],[80.14,42.62],[80.21,42.19],[80.18,42.02],[79.84,42],[79.75,41.88],[79.3,41.79],[78.36,41.38],[78.07,41.04],[77.47,40.98],[76.86,41.01],[76.45,40.42],[76.24,40.44],[75.68,40.29],[75.56,40.63],[75.19,40.44],[74.84,40.51],[74.37,40.11],[74,40.06],[73.82,39.81],[73.93,39.59],[73.63,39.45],[73.6,39.24],[73.82,38.99],[73.68,38.85],[73.8,38.6],[74.33,38.67],[74.78,38.51],[74.79,38.08],[74.97,37.77],[74.89,37.6],[75.16,37.4],[74.89,37.23],[74.49,37.23],[74.54,37.02],[75.35,36.92],[75.41,36.75],[75.79,36.69],[75.98,36.46],[75.89,36.1],[76.17,35.81],[76.57,35.87],[76.78,35.65],[77.41,35.47],[77.8,35.5]]],[[[111.01,19.68],[110.93,20],[110.64,20.11],[110.09,19.98],[109.72,20.01],[109.3,19.92],[109.16,19.65],[108.63,19.29],[108.69,18.5],[109,18.37],[109.44,18.29],[109.57,18.19],[109.75,18.4],[110.05,18.39],[110.1,18.54],[110.43,18.68],[110.47,18.88],[110.7,19.42],[111.01,19.68]]],[[[121.84,31.61],[121.26,31.84],[121.31,31.66],[121.85,31.44],[121.84,31.61]]]]},"properties":{"name":"China","ISO3166-1-Alpha-3":"CHN","ISO3166-1-Alpha-2":"CN"}},{"type":"Feature","geometry":{"type":"Polygon","coordinates":[[[34.25,31.21],[34.82,29.74],[34.89,29.49],[34.96,29.56],[35.15,30.15],[35.14,30.43],[35.44,31.1],[35.46,31.49],[35.22,31.38],[34.87,31.4],[35.03,31.86],[34.96,32.19],[35.06,32.46],[35.21,32.54],[35.56,32.38],[35.56,32.64],[35.76,32.74],[35.89,32.94],[35.82,33.41],[35.48,33.09],[35.11,33.09],[34.95,32.81],[34.84,32.28],[34.71,31.95],[34.48,31.58],[34.25,31.21]]]},"properties":{"name":"Israel","ISO3166-1-Alpha-3":"ISR","ISO3166-1-Alpha-2":"IL"}},{"type":"Feature","geometry":{"type":"MultiPolygon","coordinates":[[[[34.48,31.58],[34.2,31.31],[34.25,31.21],[34.48,31.58]]],[[[35.56,32.38],[35.21,32.54],[35.06,32.46],[34.96,32.19],[35.03,31.86],[34.87,31.4],[35.22,31.38],[35.46,31.49],[35.56,31.77],[35.56,32.38]]]]},"properties":{"name":"Palestine","ISO3166-1-Alpha-3":"PSE","ISO3166-1-Alpha-2":"PS"}},{"type":"Feature","geometry":{"type":"Polygon","coordinates":[[[35.11,33.09],[35.48,33.09],[35.82,33.41],[36.01,33.61],[36.05,33.82],[36.27,33.91],[36.6,34.2],[36.53,34.41],[36.26,34.63],[35.97,34.65],[35.63,34.2],[35.58,33.92],[35.27,33.46],[35.11,33.09]]]},"properties":{"name":"Lebanon","ISO3166-1-Alpha-3":"LBN","ISO3166-1-Alpha-2":"LB"}},{"type":"Feature","geometry":{"type":"Polygon","coordinates":[[[34.07,9.45],[34.11,8.63],[33.97,8.45],[33.7,8.37],[33.6,8.46],[33.17,8.4],[33.21,8.24],[32.99,7.92],[33.05,7.8],[33.46,7.75],[33.72,7.66],[34.01,7.41],[34.03,7.26],[34.52,6.75],[34.73,6.64],[34.98,5.84],[35.1,5.62],[35.43,5.43],[35.8,5.32],[35.78,4.76],[35.92,4.62],[36.04,4.44],[36.84,4.43],[37.98,3.73],[38.1,3.61],[38.5,3.62],[38.9,3.51],[39.44,3.46],[39.75,3.66],[39.85,3.87],[40.76,4.28],[41.11,3.96],[41.89,3.98],[42.14,4.2],[42.79,4.29],[43.12,4.65],[43.53,4.84],[43.97,4.95],[44.94,4.91],[45.94,6],[46.42,6.5],[47.98,8],[46.98,8],[45.51,8.5],[44.02,8.99],[43.62,9.34],[43.42,9.41],[42.84,10.21],[42.7,10.66],[42.92,11],[42.62,11.09],[42.39,11.01],[41.8,10.97],[41.75,11.54],[42.38,12.47],[42.14,12.77],[41.95,12.88],[41.71,13.25],[41.19,13.62],[40.83,14.11],[40.42,14.27],[40.1,14.47],[39.91,14.42],[39.49,14.52],[39.21,14.44],[39.08,14.64],[38.87,14.49],[38.43,14.42],[38.23,14.68],[38.01,14.72],[37.89,14.88],[37.56,14.12],[37.29,14.46],[37.07,14.29],[36.75,14.33],[36.53,14.26],[36.38,13.57],[36.23,13.36],[36.11,12.93],[36.12,12.72],[35.73,12.67],[35.62,12.58],[35.22,11.9],[35.05,11.77],[35.07,11.55],[34.95,11.27],[34.93,10.85],[34.84,10.73],[34.59,10.88],[34.28,10.57],[34.32,10.27],[34.1,9.68],[34.07,9.45]]]},"properties":{"name":"Ethiopia","ISO3166-1-Alpha-3":"ETH","ISO3166-1-Alpha-2":"ET"}},{"type":"Feature","geometry":{"type":"Polygon","coordinates":[[[35.92,4.62],[35.78,4.76],[35.8,5.32],[35.43,5.43],[35.1,5.62],[34.98,5.84],[34.73,6.64],[34.52,6.75],[34.03,7.26],[34.01,7.41],[33.72,7.66],[33.46,7.75],[33.05,7.8],[32.99,7.92],[33.21,8.24],[33.17,8.4],[33.6,8.46],[33.7,8.37],[33.97,8.45],[34.11,8.63],[34.07,9.45],[33.9,9.46],[33.97,9.84],[33.9,10.19],[33.18,10.84],[33.08,11.58],[33.21,12.21],[32.73,12.22],[32.75,12],[32.08,12],[32.35,11.71],[32.41,11.05],[31.94,10.66],[31.66,10.21],[31.23,9.79],[30.75,9.74],[30.48,9.97],[30.01,10.27],[29.62,10.06],[29.48,9.76],[29.01,9.6],[28.84,9.32],[28.05,9.33],[27.9,9.6],[27.08,9.61],[26.69,9.48],[26.56,9.52],[26.18,9.96],[25.9,10.19],[25.84,10.42],[25.08,10.29],[24.98,9.97],[24.79,9.8],[24.79,9.53],[24.68,9.37],[24.56,8.89],[24.17,8.69],[24.24,8.57],[24.13,8.34],[24.83,8.17],[25.28,7.66],[25.19,7.5],[25.36,7.34],[26.03,7],[26.08,6.84],[26.38,6.65],[26.29,6.39],[26.45,6.28],[26.53,6.04],[26.71,6.01],[27.17,5.72],[27.3,5.21],[27.44,5.07],[27.77,4.74],[27.77,4.6],[28.18,4.35],[28.4,4.28],[28.76,4.55],[29.3,4.39],[29.49,4.67],[29.78,4.52],[29.78,4.41],[30.12,4.1],[30.21,3.95],[30.54,3.84],[30.84,3.49],[30.94,3.68],[31.14,3.79],[31.51,3.66],[31.78,3.82],[31.94,3.59],[32.37,3.73],[32.76,3.77],[33.02,3.88],[33.2,3.76],[33.53,3.77],[33.98,4.22],[34.38,4.62],[35.25,4.98],[35.57,4.9],[35.61,4.62],[35.92,4.62]]]},"properties":{"name":"South Sudan","ISO3166-1-Alpha-3":"SSD","ISO3166-1-Alpha-2":"SS"}},{"type":"Feature","geometry":{"type":"Polygon","coordinates":[[[47.98,8],[46.42,6.5],[45.94,6],[44.94,4.91],[43.97,4.95],[43.53,4.84],[43.12,4.65],[42.79,4.29],[42.14,4.2],[41.89,3.98],[41.34,3.2],[40.97,2.81],[40.97,0.62],[40.98,-0.87],[41.52,-1.57],[41.54,-1.7],[41.65,-1.57],[42.08,-0.86],[43.47,0.62],[43.78,0.92],[44.55,1.56],[45,1.87],[45.23,1.97],[46.03,2.44],[46.63,3.02],[47.49,3.94],[47.95,4.46],[48.2,4.91],[48.65,5.48],[49.04,6.14],[49.07,6.42],[49.37,7.03],[49.59,7.31],[49.82,7.74],[49.84,7.96],[50.06,8.13],[50.29,8.49],[50.42,8.86],[50.65,9.11],[50.84,9.46],[50.81,9.62],[50.93,10.33],[51.24,10.43],[51.14,10.68],[51.09,11.19],[51.12,11.51],[51.29,11.83],[50.8,11.99],[50.58,11.92],[50.27,11.59],[49.85,11.46],[49.58,11.46],[49.24,11.3],[48.94,11.25],[48.94,9.45],[47.98,8]]]},"properties":{"name":"Somalia","ISO3166-1-Alpha-3":"SOM","ISO3166-1-Alpha-2":"SO"}},{"type":"Feature","geometry":{"type":"Polygon","coordinates":[[[35.92,4.62],[35.61,4.62],[35.57,4.9],[35.25,4.98],[34.38,4.62],[33.98,4.22],[34.28,3.71],[34.43,3.18],[34.73,2.85],[34.92,2.48],[34.98,1.68],[34.78,1.39],[34.8,1.23],[34.51,1.1],[34.39,0.82],[34.13,0.57],[34.09,0.37],[33.89,0.11],[33.95,-0.15],[33.89,-0.66],[33.9,-1],[34.05,-1.04],[35.42,-1.8],[36.7,-2.52],[37.64,-3.05],[37.7,-3.31],[37.59,-3.4],[37.77,-3.66],[39.19,-4.68],[39.36,-4.63],[39.55,-4.4],[39.79,-3.92],[39.85,-3.63],[40.13,-3.25],[40.23,-2.99],[40.17,-2.76],[40.39,-2.56],[40.62,-2.55],[40.83,-2.37],[40.9,-2.08],[41.3,-1.96],[41.54,-1.7],[41.52,-1.57],[40.98,-0.87],[40.97,0.62],[40.97,2.81],[41.34,3.2],[41.89,3.98],[41.11,3.96],[40.76,4.28],[39.85,3.87],[39.75,3.66],[39.44,3.46],[38.9,3.51],[38.5,3.62],[38.1,3.61],[37.98,3.73],[36.84,4.43],[36.04,4.44],[35.92,4.62]]]},"properties":{"name":"Kenya","ISO3166-1-Alpha-3":"KEN","ISO3166-1-Alpha-2":"KE"}},{"type":"Feature","geometry":{"type":"Polygon","coordinates":[[[34.96,-11.57],[34.76,-11.34],[34.59,-11.02],[34.67,-10.74],[34.48,-9.95],[34.01,-9.48],[33.73,-9.58],[33.4,-9.6],[32.92,-9.41],[32.97,-9.6],[33.22,-9.73],[33.31,-10.01],[33.53,-10.23],[33.67,-10.58],[33.5,-10.77],[33.32,-10.82],[33.39,-11.16],[33.23,-11.42],[33.3,-11.61],[33.25,-12.07],[33.37,-12.52],[33.02,-12.61],[33,-13.19],[32.72,-13.57],[33.05,-14],[33.2,-14.01],[33.44,-14.38],[33.6,-14.52],[34.34,-14.39],[34.5,-14.58],[34.58,-14.98],[34.57,-15.27],[34.23,-15.89],[34.39,-16.19],[35,-16.81],[35.08,-17.12],[35.3,-17.1],[35.21,-16.48],[35.37,-16.14],[35.7,-16.11],[35.8,-16],[35.84,-15.42],[35.78,-15.2],[35.9,-14.89],[35.85,-14.67],[35.46,-14.14],[34.89,-13.53],[34.64,-13.49],[34.55,-13.33],[34.49,-12.69],[34.35,-12.2],[34.65,-11.57],[34.96,-11.57]]]},"properties":{"name":"Malawi","ISO3166-1-Alpha-3":"MWI","ISO3166-1-Alpha-2":"MW"}},{"type":"Feature","geometry":{"type":"MultiPolygon","coordinates":[[[[32.92,-9.41],[33.4,-9.6],[33.73,-9.58],[34.01,-9.48],[34.48,-9.95],[34.67,-10.74],[34.59,-11.02],[34.76,-11.34],[34.96,-11.57],[35.65,-11.58],[35.83,-11.41],[36.17,-11.58],[36.2,-11.7],[36.75,-11.67],[37.04,-11.6],[37.43,-11.72],[37.78,-11.56],[37.88,-11.32],[38.26,-11.28],[38.49,-11.41],[38.9,-11.17],[39.29,-11.15],[39.48,-11],[40.01,-10.81],[40.44,-10.47],[40.23,-10.2],[39.99,-10.14],[39.78,-9.93],[39.65,-9.44],[39.64,-9.19],[39.49,-9.08],[39.28,-8.31],[39.45,-8.01],[39.3,-7.69],[39.3,-7.45],[39.55,-7.12],[39.46,-6.86],[38.85,-6.35],[38.78,-6.03],[38.83,-5.82],[39.14,-5.1],[39.19,-4.68],[37.77,-3.66],[37.59,-3.4],[37.7,-3.31],[37.64,-3.05],[36.7,-2.52],[35.42,-1.8],[34.05,-1.04],[33.9,-1],[32.36,-1],[30.83,-1],[30.47,-1.07],[30.56,-1.32],[30.83,-1.59],[30.83,-2.35],[30.55,-2.4],[30.42,-2.65],[30.42,-2.85],[30.72,-2.99],[30.83,-3.17],[30.47,-3.51],[30,-4.27],[29.73,-4.46],[29.4,-4.45],[29.32,-4.84],[29.59,-5.62],[29.48,-6],[29.53,-6.27],[29.74,-6.65],[30.09,-6.89],[30.37,-7.31],[30.44,-7.6],[30.65,-7.93],[30.75,-8.19],[30.96,-8.55],[31.35,-8.59],[31.67,-8.91],[32.38,-9.13],[32.52,-9.26],[32.92,-9.41]]],[[[39.54,-6.32],[39.35,-5.9],[39.19,-5.91],[39.26,-6.3],[39.54,-6.32]]]]},"properties":{"name":"United Republic of Tanzania","ISO3166-1-Alpha-3":"TZA","ISO3166-1-Alpha-2":"TZ"}},{"type":"Feature","geometry":{"type":"Polygon","coordinates":[[[35.76,32.74],[36.07,32.52],[36.37,32.39],[36.82,32.32],[38.77,33.37],[40.69,34.33],[40.99,34.43],[41.2,34.77],[41.19,35.18],[41.36,35.66],[41.24,36.04],[41.28,36.35],[41.41,36.53],[41.84,36.62],[42.36,37.11],[42.01,37.18],[41.48,37.08],[40.71,37.1],[39.77,36.74],[39.24,36.66],[38.66,36.72],[38.19,36.91],[37.45,36.63],[37.01,36.64],[36.66,36.83],[36.54,36.49],[36.59,36.32],[36.36,36.18],[36.36,36.02],[36.14,35.82],[35.91,35.92],[35.78,35.54],[35.96,35.2],[35.87,34.92],[35.97,34.65],[36.26,34.63],[36.53,34.41],[36.6,34.2],[36.27,33.91],[36.05,33.82],[36.01,33.61],[35.82,33.41],[35.89,32.94],[35.76,32.74]]]},"properties":{"name":"Syria","ISO3166-1-Alpha-3":"SYR","ISO3166-1-Alpha-2":"SY"}},{"type":"Feature","geometry":{"type":"Polygon","coordinates":[[[48.94,11.25],[48.65,11.33],[48.34,11.28],[48.16,11.15],[47.68,11.11],[47.37,11.17],[46.66,10.75],[46.45,10.69],[45.8,10.88],[45.34,10.67],[44.96,10.42],[44.59,10.38],[44.27,10.46],[43.83,10.8],[43.24,11.49],[42.92,11],[42.7,10.66],[42.84,10.21],[43.42,9.41],[43.62,9.34],[44.02,8.99],[45.51,8.5],[46.98,8],[47.98,8],[48.94,9.45],[48.94,11.25]]]},"properties":{"name":"Somaliland","ISO3166-1-Alpha-3":"-99","ISO3166-1-Alpha-2":"-99"}},{"type":"Feature","geometry":{"type":"MultiPolygon","coordinates":[[[[-54.62,2.33],[-54.13,2.11],[-53.87,2.3],[-53.53,2.25],[-53.34,2.35],[-52.96,2.18],[-52.71,2.36],[-52.35,3.06],[-51.99,3.7],[-51.68,4.04],[-51.65,4.19],[-51.8,4.61],[-51.93,4.59],[-52.99,5.46],[-53.52,5.58],[-53.94,5.74],[-54.17,5.35],[-54.48,4.91],[-54.45,4.48],[-54.36,4.07],[-53.99,3.61],[-54.19,3.18],[-54.21,2.78],[-54.36,2.51],[-54.62,2.33]]],[[[2.52,51.09],[1.97,51.01],[1.58,50.87],[1.52,50.21],[1.17,49.96],[0.24,49.73],[0.26,49.46],[-0.22,49.28],[-1.07,49.4],[-1.39,49.71],[-1.81,49.69],[-1.88,49.53],[-1.61,49.22],[-1.58,48.64],[-2.31,48.69],[-2.64,48.54],[-3.08,48.83],[-3.52,48.84],[-3.61,48.68],[-3.97,48.73],[-4.56,48.63],[-4.78,48.38],[-4.46,48.25],[-4.43,47.98],[-3.35,47.72],[-3.07,47.58],[-2.76,47.64],[-2.5,47.53],[-2.4,47.29],[-1.99,47.05],[-2.12,46.82],[-1.8,46.5],[-1.18,46.23],[-1.05,46.04],[-1.19,45.71],[-1.14,45.49],[-1.25,44.5],[-1.48,43.58],[-1.79,43.39],[-1.4,43.24],[-1.27,43.05],[-0.76,42.95],[-0.56,42.77],[-0.31,42.83],[-0.04,42.69],[0.61,42.69],[0.66,42.84],[1.32,42.71],[1.43,42.6],[1.71,42.5],[2.05,42.35],[2.46,42.34],[2.93,42.47],[3.18,42.43],[3.05,42.55],[3.04,42.94],[3.39,43.28],[3.94,43.53],[4.57,43.37],[5.34,43.33],[5.54,43.21],[6.03,43.08],[6.68,43.2],[6.73,43.41],[7.37,43.72],[7.41,43.76],[7.44,43.74],[7.5,43.79],[7.69,44.08],[7.03,44.24],[6.84,44.5],[7.02,44.74],[6.6,45.1],[7.06,45.22],[6.8,45.83],[7.02,45.93],[6.76,46.43],[6.48,46.45],[6.21,46.32],[6.06,46.47],[6.43,46.76],[7.04,47.34],[7.59,47.58],[7.57,48.09],[7.81,48.62],[8.19,48.97],[7.65,49.04],[6.84,49.21],[6.35,49.46],[5.79,49.54],[5.4,49.6],[4.99,49.79],[4.79,49.97],[4.44,49.93],[4.21,50.06],[4.02,50.34],[3.76,50.35],[3.27,50.53],[3.15,50.77],[2.79,50.72],[2.52,51.09]]],[[[-60.81,14.46],[-61,14.81],[-61.16,14.67],[-61.01,14.48],[-60.81,14.46]]],[[[55.79,-21.1],[55.58,-20.87],[55.3,-20.91],[55.23,-21.05],[55.35,-21.27],[55.55,-21.36],[55.82,-21.32],[55.79,-21.1]]],[[[8.57,42.21],[8.81,41.91],[8.7,41.73],[8.94,41.49],[9.21,41.44],[9.4,41.71],[9.4,41.95],[9.55,42.11],[9.53,42.56],[9.34,42.75],[9.11,42.73],[8.67,42.51],[8.57,42.21]]]]},"properties":{"name":"France","ISO3166-1-Alpha-3":"-99","ISO3166-1-Alpha-2":"-99"}},{"type":"Feature","geometry":{"type":"Polygon","coordinates":[[[-54.62,2.33],[-54.36,2.51],[-54.21,2.78],[-54.19,3.18],[-53.99,3.61],[-54.36,4.07],[-54.45,4.48],[-54.48,4.91],[-54.17,5.35],[-53.99,5.75],[-54.04,5.84],[-54.77,5.99],[-55.84,5.98],[-56,5.81],[-56.66,5.98],[-56.96,6.01],[-57.13,5.82],[-57.16,5.56],[-57.25,5.48],[-57.32,5.03],[-57.72,4.99],[-57.92,4.83],[-57.84,4.65],[-58.07,4.15],[-57.83,3.66],[-57.57,3.35],[-57.28,3.34],[-57.17,2.82],[-56.71,2.03],[-56.48,1.94],[-56.02,1.83],[-55.93,2.06],[-56.12,2.33],[-55.99,2.52],[-55.72,2.4],[-55.4,2.43],[-55.02,2.59],[-54.62,2.33]]]},"properties":{"name":"Suriname","ISO3166-1-Alpha-3":"SUR","ISO3166-1-Alpha-2":"SR"}},{"type":"Feature","geometry":{"type":"Polygon","coordinates":[[[-56.48,1.94],[-56.71,2.03],[-57.17,2.82],[-57.28,3.34],[-57.57,3.35],[-57.83,3.66],[-58.07,4.15],[-57.84,4.65],[-57.92,4.83],[-57.72,4.99],[-57.32,5.03],[-57.25,5.48],[-57.16,5.64],[-57.17,6.09],[-58.07,6.82],[-58.4,6.88],[-58.49,7.01],[-58.46,7.31],[-59.17,8.06],[-60.02,8.56],[-59.82,8.29],[-60.02,8.06],[-60.37,7.82],[-60.5,7.82],[-60.73,7.53],[-60.64,7.22],[-60.29,7.11],[-60.42,6.94],[-61.2,6.6],[-61.12,6.19],[-61.38,5.91],[-60.74,5.2],[-60.46,5.17],[-60.21,5.27],[-59.98,5.09],[-60.09,4.61],[-59.69,4.38],[-59.74,4.2],[-59.53,3.93],[-59.84,3.61],[-59.83,3.38],[-59.96,3.07],[-60,2.69],[-59.9,2.36],[-59.74,2.26],[-59.76,1.92],[-59.24,1.38],[-58.9,1.22],[-58.52,1.27],[-58.51,1.44],[-58.33,1.59],[-58.03,1.52],[-57.99,1.65],[-57.56,1.71],[-57.43,1.9],[-57.1,2.02],[-56.81,1.87],[-56.48,1.94]]]},"properties":{"name":"Guyana","ISO3166-1-Alpha-3":"GUY","ISO3166-1-Alpha-2":"GY"}},{"type":"Feature","geometry":{"type":"MultiPolygon","coordinates":[[[[128.36,38.62],[128.04,38.3],[127.16,38.31],[127.03,38.25],[126.67,37.83],[126.53,37.75],[126.76,37.05],[126.34,36.82],[126.73,35.89],[126.36,35.27],[126.45,35.07],[126.27,34.64],[126.49,34.51],[126.81,34.45],[127.01,34.61],[127.32,34.44],[128.02,35],[128.44,34.84],[128.53,35.1],[129,35.08],[129.19,35.16],[129.45,35.51],[129.54,36.07],[129.38,36.2],[129.47,36.77],[129.33,37.28],[129.06,37.68],[128.63,38.14],[128.36,38.62]]],[[[126.95,33.48],[126.79,33.56],[126.31,33.46],[126.29,33.2],[126.84,33.31],[126.95,33.48]]]]},"properties":{"name":"South Korea","ISO3166-1-Alpha-3":"KOR","ISO3166-1-Alpha-2":"KR"}},{"type":"Feature","geometry":{"type":"Polygon","coordinates":[[[128.36,38.62],[128.01,38.86],[127.77,39.11],[127.45,39.17],[127.38,39.37],[127.57,39.6],[127.52,39.75],[127.87,39.89],[128.01,40.05],[128.3,40.03],[128.66,40.2],[128.66,40.32],[129.08,40.47],[129.21,40.68],[129.75,40.91],[129.8,41.37],[129.69,41.65],[130.07,42.08],[130.48,42.34],[130.7,42.3],[130.53,42.53],[130.24,42.74],[130.24,42.9],[129.88,43],[129.7,42.44],[129.24,42.38],[128.96,42.09],[128.5,42],[128.03,41.99],[128.3,41.58],[128.19,41.4],[127.64,41.43],[127.27,41.5],[126.89,41.78],[126.62,41.67],[126.5,41.43],[126.01,40.9],[125.76,40.89],[125.36,40.65],[124.9,40.48],[124.37,40.1],[124.43,39.83],[124.67,39.62],[124.87,39.71],[125.23,39.59],[125.43,39.3],[125.29,39.15],[125.06,38.57],[124.88,38.36],[125.01,37.91],[125.61,37.81],[125.8,37.99],[126.06,37.8],[126.4,37.89],[126.67,37.83],[127.03,38.25],[127.16,38.31],[128.04,38.3],[128.36,38.62]]]},"properties":{"name":"North Korea","ISO3166-1-Alpha-3":"PRK","ISO3166-1-Alpha-2":"KP"}},{"type":"Feature","geometry":{"type":"Polygon","coordinates":[[[-17.01,21.42],[-16.73,21.47],[-15.75,21.49],[-14.84,21.45],[-14.67,21.6],[-14.63,21.86],[-14.22,22.31],[-14.17,22.76],[-14.02,23.41],[-13.77,23.79],[-13.31,23.98],[-13.06,24.4],[-12.43,24.83],[-12.31,25.11],[-12.03,26.03],[-11.72,26.1],[-11.64,26.29],[-11.34,26.63],[-11.39,26.88],[-10.92,27.01],[-10.55,26.99],[-10.25,26.86],[-9.73,26.86],[-9.41,27.09],[-9,27.09],[-8.75,27.19],[-8.82,27.66],[-8.68,27.66],[-8.68,28.67],[-8.38,28.91],[-7.62,29.39],[-7.35,29.38],[-7.15,29.51],[-6.7,29.52],[-5.76,29.61],[-5.54,29.52],[-5.27,29.89],[-4.88,30.18],[-4.62,30.28],[-4.37,30.51],[-3.65,30.71],[-3.55,30.96],[-3.81,31.22],[-3.67,31.39],[-3.66,31.65],[-2.83,31.79],[-2.94,32.05],[-2.52,32.13],[-1.25,32.08],[-1.22,32.39],[-1.05,32.52],[-1.42,32.74],[-1.5,33.06],[-1.67,33.24],[-1.61,33.52],[-1.72,33.9],[-1.67,34.11],[-1.87,34.6],[-1.79,34.76],[-2.22,35.09],[-2.91,35.17],[-2.91,35.28],[-2.95,35.33],[-3.41,35.2],[-3.67,35.29],[-4.38,35.15],[-4.77,35.24],[-5.25,35.58],[-5.34,35.85],[-5.4,35.92],[-5.93,35.78],[-6.29,34.88],[-6.82,34.04],[-7.5,33.65],[-8.24,33.4],[-8.63,33.13],[-9.26,32.58],[-9.27,32.23],[-9.37,32.03],[-9.67,31.73],[-9.85,31.4],[-9.82,30.79],[-9.89,30.69],[-9.61,30.4],[-9.66,30.13],[-10.14,29.43],[-10.57,28.99],[-11.05,28.76],[-11.49,28.33],[-12.06,28.09],[-12.97,27.91],[-13.17,27.69],[-13.62,26.69],[-14.41,26.26],[-14.52,25.92],[-14.78,25.45],[-14.91,24.69],[-15.17,24.49],[-15.62,24.03],[-16.29,22.9],[-16.36,22.58],[-16.52,22.31],[-16.71,22.28],[-16.97,21.78],[-17.01,21.42]]]},"properties":{"name":"Morocco","ISO3166-1-Alpha-3":"MAR","ISO3166-1-Alpha-2":"MA"}},{"type":"Feature","geometry":{"type":"Polygon","coordinates":[[[-8.68,27.66],[-8.82,27.66],[-8.75,27.19],[-9,27.09],[-9.41,27.09],[-9.73,26.86],[-10.25,26.86],[-10.55,26.99],[-10.92,27.01],[-11.39,26.88],[-11.34,26.63],[-11.64,26.29],[-11.72,26.1],[-12.03,26.03],[-12.31,25.11],[-12.43,24.83],[-13.06,24.4],[-13.31,23.98],[-13.77,23.79],[-14.02,23.41],[-14.17,22.76],[-14.22,22.31],[-14.63,21.86],[-14.67,21.6],[-14.84,21.45],[-15.75,21.49],[-16.73,21.47],[-17.01,21.42],[-17.1,20.84],[-17.06,20.77],[-16.96,21.33],[-15,21.33],[-13.02,21.33],[-13.09,22.5],[-13.17,22.75],[-13.02,23.02],[-12.62,23.27],[-12.35,23.32],[-12.02,23.5],[-12.02,24.94],[-12.02,25.99],[-10.2,25.99],[-8.68,26.01],[-8.68,27.29],[-8.68,27.66]]]},"properties":{"name":"Western Sahara","ISO3166-1-Alpha-3":"ESH","ISO3166-1-Alpha-2":"EH"}},{"type":"Feature","geometry":{"type":"Polygon","coordinates":[[[-83.7,10.94],[-83.93,10.72],[-84.68,11.07],[-84.93,10.94],[-85.63,11.2],[-85.7,11.08],[-85.74,10.94],[-85.63,10.62],[-85.86,10.35],[-85.64,9.91],[-85.33,9.83],[-85.15,9.61],[-84.86,9.82],[-85.14,10],[-85.09,10.17],[-84.63,9.78],[-84.52,9.52],[-84.27,9.48],[-83.92,9.29],[-83.63,9.04],[-83.59,8.84],[-83.74,8.62],[-83.58,8.44],[-83.15,8.37],[-82.9,8.03],[-82.94,8.25],[-82.85,8.63],[-82.92,8.74],[-82.75,8.97],[-82.94,9.06],[-82.94,9.44],[-82.83,9.6],[-82.57,9.58],[-82.77,9.66],[-83.2,10.13],[-83.47,10.49],[-83.67,10.94],[-83.69,10.94],[-83.7,10.94]]]},"properties":{"name":"Costa Rica","ISO3166-1-Alpha-3":"CRI","ISO3166-1-Alpha-2":"CR"}},{"type":"Feature","geometry":{"type":"Polygon","coordinates":[[[-85.7,11.08],[-85.63,11.2],[-84.93,10.94],[-84.68,11.07],[-83.93,10.72],[-83.7,10.94],[-83.84,11.14],[-83.87,11.37],[-83.65,11.61],[-83.71,12.05],[-83.66,12.26],[-83.77,12.55],[-83.59,12.63],[-83.51,12.9],[-83.57,13.29],[-83.43,13.96],[-83.19,14.39],[-83.3,14.77],[-83.13,15],[-83.39,15.03],[-83.87,14.78],[-84.48,14.62],[-84.77,14.81],[-85,14.74],[-85.03,14.59],[-85.43,14.13],[-85.82,13.85],[-86.1,14.04],[-86.41,13.75],[-86.77,13.75],[-86.7,13.31],[-86.91,13.24],[-86.95,13.07],[-87.31,12.98],[-87.65,12.87],[-87.07,12.39],[-86.8,12.22],[-86.5,11.76],[-85.93,11.31],[-85.7,11.08]]]},"properties":{"name":"Nicaragua","ISO3166-1-Alpha-3":"NIC","ISO3166-1-Alpha-2":"NI"}},{"type":"Feature","geometry":{"type":"Polygon","coordinates":[[[18.63,3.48],[18.51,3.59],[17.86,3.54],[17.46,3.71],[17.33,3.62],[16.57,3.46],[16.48,2.84],[16.2,2.24],[15.89,1.79],[15.76,1.91],[15.23,2.03],[15.09,1.98],[14.56,2.21],[14.27,2.15],[13.29,2.16],[13.13,1.59],[13.25,1.22],[13.54,1.28],[13.79,1.43],[14.18,1.38],[14.47,0.91],[14.23,0.54],[14.08,0.54],[13.87,0.2],[13.92,-0.05],[13.83,-0.21],[14.12,-0.3],[14.5,-0.63],[14.39,-1.02],[14.48,-1.39],[14.37,-1.6],[14.37,-1.92],[14.25,-1.97],[14.23,-2.32],[14.08,-2.5],[13.88,-2.49],[13.77,-2.12],[13.59,-2.33],[13.36,-2.43],[13.01,-2.29],[12.8,-1.92],[12.58,-1.83],[12.42,-1.9],[12.46,-2.33],[12.06,-2.41],[11.56,-2.35],[11.64,-2.83],[11.76,-2.98],[11.69,-3.17],[11.94,-3.3],[11.83,-3.55],[11.57,-3.54],[11.21,-3.7],[11.11,-3.94],[11.81,-4.58],[11.78,-4.68],[12.01,-5.02],[12.38,-4.62],[12.61,-4.57],[12.76,-4.39],[13.07,-4.64],[13.36,-4.79],[13.69,-4.69],[13.71,-4.46],[13.95,-4.49],[14.37,-4.28],[14.4,-4.86],[14.63,-4.9],[14.83,-4.82],[15.2,-4.34],[15.46,-4.21],[15.57,-4.04],[15.88,-3.95],[16.21,-3.36],[16.18,-2.88],[16.23,-2.64],[16.18,-2.29],[16.23,-2.13],[16.52,-1.86],[16.84,-1.26],[17.03,-1.09],[17.3,-1.02],[17.75,-0.52],[17.72,-0.2],[17.94,0.36],[17.87,1.02],[18.07,1.55],[18.07,2.16],[18.61,3.13],[18.63,3.48]]]},"properties":{"name":"Republic of the Congo","ISO3166-1-Alpha-3":"COG","ISO3166-1-Alpha-2":"CG"}},{"type":"Feature","geometry":{"type":"Polygon","coordinates":[[[18.63,3.48],[18.61,3.13],[18.07,2.16],[18.07,1.55],[17.87,1.02],[17.94,0.36],[17.72,-0.2],[17.75,-0.52],[17.3,-1.02],[17.03,-1.09],[16.84,-1.26],[16.52,-1.86],[16.23,-2.13],[16.18,-2.29],[16.23,-2.64],[16.18,-2.88],[16.21,-3.36],[15.88,-3.95],[15.57,-4.04],[15.46,-4.21],[15.2,-4.34],[14.83,-4.82],[14.63,-4.9],[14.4,-4.86],[14.37,-4.28],[13.95,-4.49],[13.71,-4.46],[13.69,-4.69],[13.36,-4.79],[13.07,-4.64],[12.83,-4.72],[12.53,-5.16],[12.51,-5.73],[12.21,-5.76],[12.45,-6.05],[12.72,-5.98],[12.82,-5.83],[13.18,-5.86],[14.7,-5.88],[16.32,-5.85],[16.6,-5.92],[16.73,-6.19],[16.73,-6.57],[16.93,-6.89],[17,-7.3],[17.54,-8.02],[18.1,-8.11],[18.18,-8],[19.36,-8],[19.52,-7],[20.29,-7],[20.61,-6.92],[20.52,-7.29],[21.78,-7.28],[21.85,-7.59],[21.76,-8.02],[21.94,-8.41],[21.86,-8.85],[21.85,-9.62],[22.16,-9.93],[22.31,-10.37],[22.32,-10.74],[22.17,-10.85],[22.28,-11.24],[22.54,-11.04],[23.01,-11.1],[23.49,-10.96],[23.83,-11.03],[23.97,-10.87],[24.12,-11.04],[24.38,-11.12],[24.31,-11.41],[24.56,-11.44],[24.67,-11.34],[25.28,-11.2],[25.35,-11.65],[25.85,-11.79],[25.99,-11.9],[26.41,-11.91],[26.64,-11.99],[26.97,-11.87],[27.01,-11.61],[27.18,-11.57],[27.23,-11.81],[27.42,-11.92],[27.64,-12.29],[27.93,-12.3],[28.42,-12.52],[28.9,-13.16],[28.99,-13.4],[29.17,-13.43],[29.57,-13.23],[29.8,-13.42],[29.8,-12.15],[29.45,-12.34],[29.03,-12.38],[28.84,-12.09],[28.5,-11.86],[28.36,-11.45],[28.44,-11.35],[28.63,-10.52],[28.62,-9.95],[28.67,-9.82],[28.52,-9.38],[28.37,-9.24],[28.77,-8.93],[28.93,-8.68],[28.92,-8.47],[30.75,-8.19],[30.65,-7.93],[30.44,-7.6],[30.37,-7.31],[30.09,-6.89],[29.74,-6.65],[29.53,-6.27],[29.48,-6],[29.59,-5.62],[29.32,-4.84],[29.4,-4.45],[29.34,-4.09],[29.22,-3.9],[29.23,-3.05],[29.02,-2.72],[28.86,-2.42],[29.15,-2.15],[29.15,-1.8],[29.36,-1.51],[29.58,-1.39],[29.56,-0.92],[29.71,0.1],[29.94,0.5],[29.93,0.79],[30.15,0.9],[30.24,1.14],[30.48,1.24],[30.68,1.5],[31.03,1.78],[31.24,2.05],[31.18,2.3],[30.87,2.33],[30.72,2.44],[30.85,2.89],[30.75,3.04],[30.91,3.39],[30.84,3.49],[30.54,3.84],[30.21,3.95],[30.12,4.1],[29.78,4.41],[29.78,4.52],[29.49,4.67],[29.3,4.39],[28.76,4.55],[28.4,4.28],[28.18,4.35],[27.77,4.6],[27.77,4.74],[27.44,5.07],[27.12,5.2],[26.46,5.06],[26.13,5.26],[26.03,5.19],[25.58,5.37],[25.36,5.31],[25.31,5.03],[24.66,4.92],[24.46,5.11],[24.16,4.91],[23.57,4.72],[23.39,4.59],[22.9,4.82],[22.79,4.72],[22.49,4.17],[22.21,4.15],[21.72,4.3],[21.54,4.24],[20.87,4.45],[20.6,4.41],[20.34,4.77],[19.72,5.14],[19.41,5.13],[19.08,4.91],[18.72,4.38],[18.54,4.31],[18.65,3.98],[18.63,3.48]]]},"properties":{"name":"Democratic Republic of the Congo","ISO3166-1-Alpha-3":"COD","ISO3166-1-Alpha-2":"CD"}},{"type":"Feature","geometry":{"type":"Polygon","coordinates":[[[91.63,27.85],[91.27,28.07],[91.09,27.97],[90.68,28.09],[90.59,28.23],[90.26,28.34],[89.86,28.3],[89.56,28.13],[89.05,27.61],[88.89,27.32],[88.73,27.15],[88.95,26.91],[89.34,26.85],[89.82,26.7],[90.09,26.74],[90.38,26.89],[90.59,26.78],[91.52,26.8],[92.04,26.85],[91.98,27.47],[91.6,27.55],[91.63,27.85]]]},"properties":{"name":"Bhutan","ISO3166-1-Alpha-3":"BTN","ISO3166-1-Alpha-2":"BT"}},{"type":"Feature","geometry":{"type":"Polygon","coordinates":[[[31.76,52.1],[30.94,52.02],[30.66,51.82],[30.36,51.31],[30.15,51.48],[29.62,51.49],[29.3,51.37],[29.16,51.6],[28.35,51.53],[27.48,51.62],[25.77,51.93],[25.18,51.95],[24.39,51.88],[23.98,51.59],[23.61,51.52],[23.87,51.14],[24.11,50.54],[23.75,50.39],[23.1,49.96],[22.64,49.53],[22.74,49.05],[22.54,49.07],[22.13,48.4],[22.88,47.95],[23.36,47.99],[24.56,47.94],[24.9,47.71],[25.26,47.9],[26.17,47.99],[26.3,48.21],[26.62,48.26],[26.84,48.39],[27.18,48.36],[27.75,48.45],[28.2,48.21],[28.8,48.11],[29.12,47.98],[29.24,47.76],[29.12,47.53],[29.56,47.32],[29.56,46.95],[29.95,46.72],[29.73,46.46],[29.28,46.4],[28.95,46.45],[28.93,45.99],[28.2,45.46],[28.33,45.32],[28.71,45.23],[29.32,45.44],[29.66,45.22],[29.97,45.84],[30.14,45.82],[30.49,46.08],[30.99,46.6],[31.86,46.63],[31.97,46.35],[32.26,46.13],[33.63,46.12],[33.85,46.2],[34.69,45.97],[35,45.73],[34.81,46.17],[35.29,46.29],[35.9,46.65],[36.89,46.8],[37.58,47.09],[38.22,47.1],[38.35,47.61],[38.73,47.68],[38.88,47.86],[39.76,47.83],[39.99,48.27],[39.81,48.58],[39.76,48.9],[40.14,49.25],[40.04,49.46],[39.57,49.71],[38.34,49.99],[38,49.92],[37.73,50.08],[37.44,50.42],[36.68,50.26],[36.27,50.28],[36.11,50.42],[35.7,50.35],[35.43,50.5],[35.34,50.92],[34.96,51.22],[34.75,51.16],[34.28,51.36],[34.13,51.68],[34.39,51.82],[34.07,52.03],[33.8,52.35],[33.2,52.37],[32.93,52.25],[32.53,52.32],[32.1,52.04],[31.76,52.1]]]},"properties":{"name":"Ukraine","ISO3166-1-Alpha-3":"UKR","ISO3166-1-Alpha-2":"UA"}},{"type":"Feature","geometry":{"type":"Polygon","coordinates":[[[23.61,51.52],[23.98,51.59],[24.39,51.88],[25.18,51.95],[25.77,51.93],[27.48,51.62],[28.35,51.53],[29.16,51.6],[29.3,51.37],[29.62,51.49],[30.15,51.48],[30.36,51.31],[30.66,51.82],[30.94,52.02],[31.76,52.1],[31.61,52.37],[31.51,52.85],[31.25,53.01],[31.38,53.18],[32.21,53.1],[32.72,53.44],[32.48,53.66],[32.08,53.81],[31.75,53.82],[31.75,54.09],[31.32,54.23],[31.17,54.62],[30.77,54.79],[31.01,55.04],[30.79,55.29],[30.91,55.57],[30.22,55.86],[29.46,55.69],[29.38,55.95],[28.15,56.14],[27.91,56.1],[27.59,55.79],[26.98,55.83],[26.59,55.67],[26.45,55.34],[26.14,54.97],[25.78,54.87],[25.53,54.35],[24.82,54.02],[24.38,53.89],[24.2,53.95],[23.49,53.94],[23.59,53.61],[23.89,53.15],[23.87,52.67],[23.39,52.51],[23.17,52.29],[23.64,52.08],[23.61,51.52]]]},"properties":{"name":"Belarus","ISO3166-1-Alpha-3":"BLR","ISO3166-1-Alpha-2":"BY"}},{"type":"Feature","geometry":{"type":"Polygon","coordinates":[[[16.49,-28.57],[16.77,-28.44],[16.89,-28.08],[17.1,-28.03],[17.35,-28.23],[17.4,-28.7],[17.91,-28.78],[18.17,-28.9],[18.75,-28.84],[19.08,-28.96],[19.57,-28.53],[19.98,-28.42],[19.98,-26.9],[19.98,-24.75],[19.98,-23.72],[19.98,-22],[20.97,-22],[20.98,-19.88],[20.98,-18.32],[21.48,-18.3],[22.98,-18.02],[23.31,-18.01],[23.65,-18.47],[24.18,-18.03],[24.42,-17.96],[24.58,-18.04],[24.96,-17.8],[25.26,-17.79],[24.96,-17.55],[24.22,-17.48],[23.38,-17.64],[21.38,-18.01],[21.22,-17.93],[20.81,-18.03],[20.34,-17.85],[20.03,-17.9],[19.67,-17.84],[19.02,-17.82],[18.76,-17.75],[18.45,-17.39],[16.34,-17.39],[15.06,-17.39],[13.94,-17.41],[13.36,-16.96],[12.89,-17.03],[12.55,-17.24],[12.1,-17.14],[11.77,-17.25],[11.72,-17.55],[11.85,-18.14],[12.03,-18.51],[12.29,-18.7],[12.57,-19.1],[12.7,-19.41],[13.15,-20.15],[13.39,-20.82],[13.83,-21.46],[13.95,-21.78],[14.39,-22.28],[14.51,-22.55],[14.52,-22.92],[14.41,-22.97],[14.49,-23.31],[14.47,-24.16],[14.6,-24.56],[14.78,-24.8],[14.85,-25.06],[14.8,-25.26],[14.84,-25.76],[14.98,-26.06],[14.97,-26.34],[15.13,-26.46],[15.08,-26.7],[15.23,-26.97],[15.3,-27.32],[15.68,-27.95],[16.42,-28.61],[16.49,-28.57]]]},"properties":{"name":"Namibia","ISO3166-1-Alpha-3":"NAM","ISO3166-1-Alpha-2":"NA"}},{"type":"Feature","geometry":{"type":"Polygon","coordinates":[[[19.98,-24.75],[19.98,-26.9],[19.98,-28.42],[19.57,-28.53],[19.08,-28.96],[18.75,-28.84],[18.17,-28.9],[17.91,-28.78],[17.4,-28.7],[17.35,-28.23],[17.1,-28.03],[16.89,-28.08],[16.77,-28.44],[16.49,-28.57],[16.6,-28.86],[16.81,-29.08],[17.06,-29.68],[17.28,-30.35],[17.89,-31.34],[18.17,-31.66],[18.35,-32.26],[18.27,-32.65],[17.85,-32.83],[17.91,-33.05],[18.31,-33.48],[18.48,-33.9],[18.31,-34.03],[18.86,-34.15],[18.81,-34.36],[19.3,-34.42],[19.64,-34.77],[19.95,-34.81],[20.52,-34.45],[20.96,-34.36],[21.26,-34.42],[21.7,-34.39],[22.28,-34.06],[22.63,-34],[22.94,-34.08],[23.41,-34.11],[23.64,-33.98],[24.16,-34.05],[24.58,-34.18],[24.84,-34.13],[25.1,-33.96],[25.6,-34.05],[25.68,-33.8],[25.96,-33.71],[26.52,-33.76],[27.38,-33.36],[27.9,-33.04],[28.87,-32.29],[29.39,-31.74],[30.01,-31.29],[30.39,-30.85],[31.19,-29.56],[31.75,-28.97],[32.01,-28.87],[32.38,-28.55],[32.54,-28.19],[32.68,-27.52],[32.89,-26.85],[32.11,-26.84],[31.99,-26.84],[31.97,-27.32],[31.53,-27.31],[31.16,-27.21],[30.79,-26.72],[30.8,-26.4],[31.12,-25.91],[31.43,-25.74],[31.83,-25.98],[31.95,-25.96],[31.99,-25.65],[31.99,-24.42],[31.74,-23.84],[31.52,-23.42],[31.54,-23.16],[31.29,-22.4],[30.84,-22.28],[30.3,-22.34],[29.76,-22.13],[29.35,-22.19],[29.05,-22.22],[28.91,-22.45],[28.34,-22.58],[27.94,-22.96],[27,-23.65],[26.85,-24.25],[26.53,-24.46],[26.4,-24.63],[25.87,-24.75],[25.88,-24.89],[25.59,-25.62],[25.39,-25.74],[25.05,-25.74],[24.8,-25.83],[23.92,-25.63],[23.46,-25.28],[23.01,-25.31],[22.84,-25.48],[22.72,-25.98],[22.55,-26.21],[22.26,-26.34],[22.06,-26.62],[21.77,-26.7],[21.69,-26.86],[21.12,-26.87],[20.61,-26.69],[20.62,-26.43],[20.84,-26.13],[20.79,-25.89],[20.36,-25.03],[19.98,-24.75]],[[28.98,-28.91],[29.31,-29.09],[29.44,-29.34],[29.16,-29.67],[29.14,-29.92],[28.86,-30.07],[28.36,-30.16],[28.05,-30.65],[27.74,-30.6],[27.37,-30.31],[27.01,-29.63],[27.24,-29.55],[27.75,-28.91],[28.02,-28.86],[28.15,-28.7],[28.67,-28.6],[28.98,-28.91]]]},"properties":{"name":"South Africa","ISO3166-1-Alpha-3":"ZAF","ISO3166-1-Alpha-2":"ZA"}},{"type":"Feature","geometry":{"type":"Polygon","coordinates":[[[-63.02,18.03],[-63.02,18.12],[-63.11,18.06],[-63.02,18.03]]]},"properties":{"name":"Saint Martin","ISO3166-1-Alpha-3":"MAF","ISO3166-1-Alpha-2":"MF"}},{"type":"Feature","geometry":{"type":"Polygon","coordinates":[[[-63.11,18.06],[-63.1,18.04],[-63.02,18.03],[-63.11,18.06]]]},"properties":{"name":"Sint Maarten","ISO3166-1-Alpha-3":"SXM","ISO3166-1-Alpha-2":"SX"}},{"type":"Feature","geometry":{"type":"MultiPolygon","coordinates":[[[[56.08,26.06],[56.18,26.01],[56.15,25.67],[56.28,25.63],[56.4,25.99],[56.3,26.21],[56.08,26.06]]],[[[56.38,24.98],[56.12,24.74],[56.01,24.96],[55.79,24.86],[55.81,24.34],[56,24.08],[55.5,23.97],[55.54,23.77],[55.19,23],[55.19,22.7],[55.64,21.98],[54.98,20],[53.63,19.55],[51.98,19],[52.73,17.3],[52.8,17.27],[53.09,16.64],[53.58,16.75],[54.02,16.99],[54.59,17.04],[54.81,16.95],[55.03,17.01],[55.25,17.23],[55.23,17.52],[55.45,17.84],[56.19,17.96],[56.34,17.94],[56.56,18.15],[56.66,18.6],[56.92,18.81],[57.21,18.91],[57.71,18.94],[57.84,19.02],[57.75,19.27],[57.7,19.75],[57.86,20.26],[58.1,20.58],[58.22,20.4],[58.52,20.42],[58.68,20.83],[58.92,21.14],[59.34,21.44],[59.79,22.2],[59.84,22.45],[59.54,22.58],[59.08,23.06],[58.79,23.51],[57.91,23.72],[57.15,23.95],[56.94,24.12],[56.61,24.5],[56.38,24.98]]],[[[58.91,20.63],[58.64,20.36],[58.79,20.29],[58.91,20.63]]]]},"properties":{"name":"Oman","ISO3166-1-Alpha-3":"OMN","ISO3166-1-Alpha-2":"OM"}},{"type":"Feature","geometry":{"type":"Polygon","coordinates":[[[70.96,40.24],[71.37,40.29],[71.67,40.15],[72.1,40.43],[72.37,40.39],[73,40.87],[72.62,40.88],[72.17,41.17],[71.59,41.32],[71.28,41.11],[70.76,41.27],[70.17,41.58],[70.83,41.94],[70.95,42.25],[70.61,42.03],[70.32,42.03],[69.87,41.7],[69.62,41.67],[69.04,41.38],[69.04,41.22],[68.75,41.06],[68.46,40.58],[68.07,40.79],[68.13,41.03],[67.94,41.2],[66.82,41.14],[66.69,41.2],[66.5,41.99],[66.02,42],[66.1,42.99],[65.8,42.88],[65.52,43.3],[64.96,43.7],[64.43,43.55],[63.21,43.63],[62.03,43.48],[61.16,44.17],[61.04,44.38],[58.53,45.56],[55.98,45],[55.98,43.62],[55.98,42.7],[55.98,41.32],[57.01,41.25],[56.95,41.87],[57.38,42.16],[57.85,42.19],[58,42.49],[58.28,42.69],[58.61,42.78],[58.89,42.55],[59.12,42.54],[59.48,42.29],[59.87,42.3],[60.03,42.2],[59.98,41.95],[60.16,41.6],[60.09,41.39],[60.41,41.24],[60.86,41.25],[61.28,41.16],[61.47,41.3],[61.88,41.12],[62.04,40.71],[62.35,40.43],[62.45,40.01],[62.59,39.89],[63.48,39.4],[63.71,39.19],[64.12,38.96],[64.34,38.97],[64.63,38.74],[64.98,38.61],[65.6,38.24],[65.88,38.27],[66.55,38.03],[66.52,37.36],[67.01,37.38],[67.24,37.19],[67.48,37.28],[67.78,37.19],[67.83,37.53],[68.25,37.95],[68.36,38.17],[68.06,38.54],[68.17,38.85],[68.09,38.99],[67.69,38.99],[67.38,39.2],[67.44,39.49],[67.76,39.62],[68.52,39.55],[68.62,39.83],[68.88,39.9],[68.6,40.18],[69.29,40.22],[69.2,40.55],[69.44,40.8],[69.66,40.64],[70.28,40.88],[70.45,41.03],[70.76,40.7],[70.35,40.46],[70.58,40.22],[70.96,40.24]]]},"properties":{"name":"Uzbekistan","ISO3166-1-Alpha-3":"UZB","ISO3166-1-Alpha-2":"UZ"}},{"type":"Feature","geometry":{"type":"Polygon","coordinates":[[[87.32,49.09],[86.91,49.35],[86.78,49.7],[86.61,49.8],[86.11,49.52],[85.26,49.58],[84.98,50.08],[84.25,50.26],[84.1,50.63],[83.82,50.87],[83.43,50.99],[82.07,50.72],[81.46,50.73],[81.4,50.96],[81.15,51.14],[80.68,51.3],[80.48,51.21],[80.44,50.96],[79.99,50.79],[79.47,51.49],[78.48,52.64],[77.87,53.27],[77.61,53.44],[76.53,53.96],[76.77,54.36],[75.64,54.1],[75.03,53.81],[74.21,53.6],[73.87,53.63],[73.39,53.52],[73.23,53.66],[73.49,53.87],[72.66,54.04],[72.07,54.22],[71.18,54.1],[71.18,54.73],[70.98,55.08],[70.67,55.31],[70.2,55.13],[69.67,55.33],[68.72,55.35],[68.26,55.19],[68.17,54.96],[67.62,54.85],[66.45,54.71],[65.98,54.61],[65.48,54.63],[65.21,54.34],[64.58,54.39],[63.71,54.25],[63.08,54.09],[62.55,54.03],[61.19,54.02],[61.01,53.64],[61.28,53.54],[61.2,53.28],[62.05,53.12],[61.57,52.96],[61.19,53.01],[60.7,52.73],[61.04,52.33],[60.51,52.15],[60.14,51.89],[60.45,51.81],[60.52,51.62],[60.94,51.61],[61.02,51.49],[61.47,51.43],[61.59,51.28],[61.37,50.78],[60.72,50.65],[60.3,50.68],[60.02,50.85],[59.77,50.53],[58.93,50.68],[58.66,50.79],[58.6,51.02],[57.77,51.12],[57.74,50.94],[57.35,50.89],[57.17,51.09],[56.51,51.07],[56.08,50.72],[55.66,50.53],[55.31,50.66],[54.64,51.03],[54.48,50.85],[54.18,50.97],[53.61,51.39],[53.15,51.51],[52.51,51.48],[52.33,51.76],[51.87,51.67],[51.62,51.52],[50.93,51.68],[50.58,51.64],[50.33,51.3],[49.78,51.1],[49.42,51.1],[49.37,50.83],[48.67,50.58],[48.89,50.02],[48.42,49.81],[48.24,49.86],[47.99,50.18],[47.62,50.44],[47.29,50.28],[47.31,50.04],[46.9,49.82],[46.78,49.33],[47.02,49.1],[46.75,48.91],[46.48,48.41],[47.08,48.28],[47.05,47.97],[47.17,47.77],[47.44,47.83],[48.04,47.77],[48.53,47.41],[48.7,47.1],[49.01,46.77],[48.46,46.66],[49.23,46.33],[49.47,46.56],[49.82,46.54],[50.17,46.75],[50.61,46.87],[50.86,47.04],[51.19,47.12],[52.24,46.81],[52.46,47],[52.92,46.96],[53.19,46.72],[53.09,46.02],[52.57,45.4],[51.4,45.33],[50.97,44.85],[51.32,44.6],[51.14,44.48],[50.85,44.63],[50.3,44.66],[50.23,44.39],[50.85,44.19],[51.14,43.63],[51.32,43.44],[51.27,43.19],[51.65,43.19],[51.93,42.83],[52.17,42.89],[52.57,42.8],[52.74,42.66],[52.4,42.09],[52.44,41.75],[52.98,42.13],[53.41,42.26],[54.05,42.35],[54.74,42.05],[55.43,41.29],[55.98,41.32],[55.98,42.7],[55.98,43.62],[55.98,45],[58.53,45.56],[61.04,44.38],[61.16,44.17],[62.03,43.48],[63.21,43.63],[64.43,43.55],[64.96,43.7],[65.52,43.3],[65.8,42.88],[66.1,42.99],[66.02,42],[66.5,41.99],[66.69,41.2],[66.82,41.14],[67.94,41.2],[68.13,41.03],[68.07,40.79],[68.46,40.58],[68.75,41.06],[69.04,41.22],[69.04,41.38],[69.62,41.67],[69.87,41.7],[70.32,42.03],[70.61,42.03],[70.95,42.25],[71,42.56],[71.4,42.79],[71.85,42.83],[72.73,42.65],[72.84,42.56],[73.41,42.59],[73.63,43.06],[74.26,43.22],[74.71,43],[75.18,42.85],[75.65,42.81],[75.77,42.93],[77.16,42.92],[78.5,42.88],[79.03,42.76],[79.48,42.45],[79.92,42.42],[80.21,42.19],[80.14,42.62],[80.37,43.03],[80.77,43.11],[80.71,43.46],[80.35,44.1],[80.38,44.67],[80.06,45.02],[80.85,45.13],[81.74,45.34],[81.95,45.14],[82.29,45.23],[82.59,45.18],[82.62,45.44],[82.29,45.53],[82.49,45.9],[82.84,46.73],[83.15,47.21],[83.91,46.97],[84.66,46.98],[84.92,46.85],[85.21,47.03],[85.5,47.05],[85.67,47.38],[85.52,47.92],[85.78,48.41],[86.19,48.42],[86.57,48.53],[86.74,48.7],[86.73,48.99],[86.89,49.11],[87.32,49.09]],[[63.38,45.57],[62.9,45.75],[62.81,45.9],[62.9,46.21],[63.21,46.37],[63.75,46.3],[63.96,46.06],[63.87,45.75],[63.38,45.57]]]},"properties":{"name":"Kazakhstan","ISO3166-1-Alpha-3":"KAZ","ISO3166-1-Alpha-2":"KZ"}},{"type":"Feature","geometry":{"type":"Polygon","coordinates":[[[70.96,40.24],[70.58,40.22],[70.35,40.46],[70.76,40.7],[70.45,41.03],[70.28,40.88],[69.66,40.64],[69.44,40.8],[69.2,40.55],[69.29,40.22],[68.6,40.18],[68.88,39.9],[68.62,39.83],[68.52,39.55],[67.76,39.62],[67.44,39.49],[67.38,39.2],[67.69,38.99],[68.09,38.99],[68.17,38.85],[68.06,38.54],[68.36,38.17],[68.25,37.95],[67.83,37.53],[67.78,37.19],[68.01,36.93],[68.31,37.11],[69.01,37.31],[69.32,37.12],[69.38,37.44],[69.53,37.59],[70.16,37.54],[70.28,37.7],[70.17,37.89],[70.48,38.14],[70.6,38.34],[70.97,38.47],[71.33,38.28],[71.26,37.95],[71.6,37.9],[71.43,37.07],[71.61,36.7],[71.84,36.7],[72.26,36.97],[72.66,37.03],[72.76,37.19],[73.28,37.46],[73.75,37.43],[73.8,37.23],[74.22,37.4],[74.66,37.39],[74.89,37.23],[75.16,37.4],[74.89,37.6],[74.97,37.77],[74.79,38.08],[74.78,38.51],[74.33,38.67],[73.8,38.6],[73.68,38.85],[73.82,38.99],[73.6,39.24],[73.63,39.45],[73.17,39.36],[72.65,39.39],[72.32,39.33],[71.74,39.45],[71.46,39.61],[71.01,39.41],[70.74,39.39],[70.62,39.56],[70.21,39.52],[69.67,39.58],[69.29,39.54],[69.31,39.99],[69.97,40.21],[70.63,39.99],[70.96,40.24]]]},"properties":{"name":"Tajikistan","ISO3166-1-Alpha-3":"TJK","ISO3166-1-Alpha-2":"TJ"}},{"type":"Feature","geometry":{"type":"Polygon","coordinates":[[[26.59,55.67],[25.65,56.14],[25.11,56.18],[24.89,56.44],[24.45,56.26],[23.29,56.37],[23.02,56.32],[22.09,56.42],[21.6,56.31],[21.05,56.07],[21.07,55.74],[21.27,55.25],[22.1,55.03],[22.58,55.06],[22.81,54.89],[22.68,54.45],[22.77,54.36],[22.97,54.38],[23.43,54.17],[23.49,53.94],[24.2,53.95],[24.38,53.89],[24.82,54.02],[25.53,54.35],[25.78,54.87],[26.14,54.97],[26.45,55.34],[26.59,55.67]]]},"properties":{"name":"Lithuania","ISO3166-1-Alpha-3":"LTU","ISO3166-1-Alpha-2":"LT"}},{"type":"Feature","geometry":{"type":"MultiPolygon","coordinates":[[[[-57.6,-30.19],[-57.21,-30.29],[-57.1,-30.12],[-56.83,-30.1],[-56.01,-30.8],[-55.86,-31.08],[-55.59,-30.85],[-55.26,-31.23],[-54.82,-31.44],[-54.59,-31.47],[-54.46,-31.67],[-54.14,-31.91],[-53.77,-32.05],[-53.65,-32.34],[-53.13,-32.75],[-53.51,-33.1],[-53.54,-33.65],[-53.38,-33.74],[-52.82,-33.32],[-52.62,-33.1],[-52.38,-32.5],[-52.13,-32.18],[-52.25,-31.84],[-52,-31.55],[-51.92,-31.31],[-51.65,-31.26],[-51.44,-31.08],[-51.12,-30.26],[-50.54,-30.32],[-50.73,-30.79],[-51.18,-31.15],[-51.15,-31.48],[-50.72,-31.04],[-50.32,-30.46],[-50.05,-29.81],[-49.81,-29.44],[-49.34,-28.92],[-48.82,-28.61],[-48.57,-27.86],[-48.65,-27.65],[-48.58,-27.02],[-48.68,-26.72],[-48.58,-26.16],[-48.61,-26.04],[-48.43,-25.62],[-47.95,-25.2],[-47.83,-24.89],[-47.18,-24.53],[-46.97,-24.3],[-46.08,-23.83],[-45.86,-23.76],[-45.51,-23.84],[-45.43,-23.66],[-45.08,-23.5],[-44.44,-23],[-44.19,-23.05],[-43.86,-22.9],[-43.54,-23.05],[-43.22,-23],[-43.27,-22.75],[-43.08,-22.67],[-43.03,-22.97],[-42.62,-22.94],[-42.06,-22.95],[-41.97,-22.54],[-41.67,-22.28],[-41.24,-22.15],[-40.97,-21.95],[-41.07,-21.52],[-40.73,-20.84],[-40.58,-20.8],[-40.35,-20.5],[-40.03,-19.76],[-39.83,-19.66],[-39.71,-19.42],[-39.72,-18.52],[-39.5,-18.01],[-39.28,-17.87],[-39.18,-17.6],[-39.21,-17.16],[-39.05,-16.44],[-38.86,-15.84],[-38.92,-15.72],[-39.07,-14.67],[-38.92,-14],[-39.06,-13.4],[-38.84,-13.16],[-38.74,-12.74],[-38.51,-12.72],[-38.32,-12.94],[-38.05,-12.64],[-37.65,-12.05],[-37.43,-11.57],[-36.9,-10.77],[-36.41,-10.5],[-36.25,-10.25],[-36.04,-10.06],[-35.85,-9.73],[-35.58,-9.53],[-35.15,-8.91],[-34.81,-7.91],[-34.8,-7.16],[-34.86,-7.07],[-35.04,-6.24],[-35.09,-6.19],[-35.26,-5.48],[-35.51,-5.14],[-36,-5.05],[-36.59,-5.1],[-36.9,-4.94],[-37.18,-4.91],[-37.32,-4.7],[-37.61,-4.61],[-37.77,-4.4],[-38.11,-4.16],[-38.46,-3.72],[-38.66,-3.68],[-39.36,-3.18],[-39.99,-2.85],[-40.5,-2.79],[-41.34,-2.92],[-41.68,-2.88],[-41.82,-2.73],[-42,-2.81],[-42.45,-2.75],[-42.71,-2.56],[-43.31,-2.35],[-43.48,-2.54],[-43.74,-2.52],[-44.01,-2.63],[-44.07,-2.4],[-44.37,-2.55],[-44.43,-2.95],[-44.69,-2.99],[-44.47,-2.4],[-44.52,-1.85],[-45.09,-1.46],[-45.34,-1.58],[-45.4,-1.44],[-45.7,-1.16],[-45.81,-1.28],[-46.22,-1.01],[-46.48,-1.02],[-46.61,-0.81],[-47.08,-0.75],[-47.29,-0.59],[-47.58,-0.58],[-48.15,-0.78],[-48.16,-0.96],[-48.34,-1.32],[-48.64,-1.39],[-48.81,-1.62],[-48.97,-1.6],[-49.23,-1.95],[-49.49,-1.76],[-49.68,-1.91],[-49.98,-1.83],[-50.37,-1.97],[-50.57,-1.89],[-50.82,-1.44],[-50.82,-1.03],[-51.03,-1.04],[-51.27,-1.22],[-52.12,-1.62],[-52.4,-1.42],[-51.92,-1.33],[-51.93,-1.18],[-51.72,-1.04],[-51.7,-0.75],[-51.45,-0.47],[-51.2,-0.05],[-50.79,0.17],[-50.31,0.82],[-49.98,1.07],[-49.87,1.36],[-49.91,1.66],[-50.18,1.82],[-50.47,1.82],[-50.71,2.24],[-50.94,2.82],[-51.09,3.38],[-51.08,3.88],[-51.22,4.17],[-51.52,4.44],[-51.68,4.04],[-51.99,3.7],[-52.35,3.06],[-52.71,2.36],[-52.96,2.18],[-53.34,2.35],[-53.53,2.25],[-53.87,2.3],[-54.13,2.11],[-54.62,2.33],[-55.02,2.59],[-55.4,2.43],[-55.72,2.4],[-55.99,2.52],[-56.12,2.33],[-55.93,2.06],[-56.02,1.83],[-56.48,1.94],[-56.81,1.87],[-57.1,2.02],[-57.43,1.9],[-57.56,1.71],[-57.99,1.65],[-58.03,1.52],[-58.33,1.59],[-58.51,1.44],[-58.52,1.27],[-58.9,1.22],[-59.24,1.38],[-59.76,1.92],[-59.74,2.26],[-59.9,2.36],[-60,2.69],[-59.96,3.07],[-59.83,3.38],[-59.84,3.61],[-59.53,3.93],[-59.74,4.2],[-59.69,4.38],[-60.09,4.61],[-59.98,5.09],[-60.21,5.27],[-60.46,5.17],[-60.74,5.2],[-60.61,4.9],[-60.9,4.7],[-61.01,4.52],[-61.3,4.52],[-61.54,4.26],[-62.19,4.09],[-62.38,4.17],[-62.77,4.02],[-62.75,3.66],[-63,3.6],[-63.29,3.92],[-63.43,3.97],[-64.06,3.91],[-64.13,4.09],[-64.36,4.15],[-64.66,4],[-64.2,3.59],[-64.22,3.12],[-64,2.71],[-64.05,2.47],[-63.38,2.42],[-63.41,2.15],[-63.76,1.99],[-64,1.96],[-64.08,1.65],[-64.3,1.45],[-64.41,1.51],[-64.73,1.25],[-65.14,1.13],[-65.45,0.69],[-65.58,0.98],[-65.75,0.97],[-66.16,0.73],[-66.35,0.76],[-66.88,1.22],[-67.1,1.25],[-67.12,1.71],[-67.34,2.09],[-67.59,2.05],[-67.79,1.81],[-68.16,1.72],[-69.35,1.72],[-69.58,1.77],[-69.85,1.67],[-69.85,1.06],[-69.37,1.06],[-69.2,0.94],[-69.14,0.65],[-69.62,0.65],[-70.05,0.59],[-70.07,-0.12],[-69.94,-0.31],[-69.63,-0.51],[-69.63,-0.73],[-69.4,-1.18],[-69.77,-3.23],[-69.96,-4.24],[-70.23,-4.3],[-70.43,-4.13],[-70.83,-4.18],[-70.97,-4.39],[-71.77,-4.48],[-72.07,-4.61],[-72.63,-5.02],[-72.92,-5.13],[-73,-5.71],[-73.23,-6.08],[-73.13,-6.44],[-73.77,-6.9],[-73.76,-7.34],[-73.98,-7.37],[-73.97,-7.58],[-73.71,-7.79],[-73.53,-8.37],[-73.17,-8.72],[-72.96,-9.09],[-73.21,-9.41],[-72.81,-9.41],[-72.43,-9.48],[-72.26,-9.67],[-72.2,-10.01],[-71.39,-10.01],[-71.2,-9.94],[-70.68,-9.53],[-70.54,-9.73],[-70.64,-9.85],[-70.64,-11.01],[-70.29,-11.06],[-69.96,-10.92],[-69.58,-10.95],[-68.88,-11.02],[-68.62,-11.11],[-68.29,-10.98],[-68.1,-10.7],[-67.76,-10.71],[-67.34,-10.33],[-67.06,-10.26],[-66.63,-9.9],[-65.79,-9.73],[-65.58,-9.84],[-65.3,-9.83],[-65.29,-10.22],[-65.45,-10.47],[-65.3,-10.99],[-65.35,-11.39],[-65.07,-11.75],[-65,-12],[-64.47,-12.26],[-64.4,-12.46],[-63.92,-12.54],[-63.8,-12.45],[-63.25,-12.7],[-63.08,-12.65],[-62.81,-12.99],[-62.22,-13.12],[-61.85,-13.53],[-61.35,-13.49],[-60.9,-13.55],[-60.47,-13.82],[-60.47,-14.12],[-60.29,-14.63],[-60.27,-15.1],[-60.53,-15.14],[-60.24,-15.5],[-60.18,-16.22],[-60.13,-16.27],[-58.46,-16.33],[-58.36,-16.51],[-58.48,-16.68],[-58.38,-17.27],[-58.01,-17.5],[-57.79,-17.56],[-57.73,-17.85],[-57.55,-18.18],[-57.78,-18.91],[-57.79,-19.06],[-58.12,-19.73],[-57.86,-19.98],[-58.16,-20.17],[-57.86,-20.73],[-57.86,-21.33],[-57.99,-22.04],[-57.84,-22.14],[-57.21,-22.19],[-56.84,-22.29],[-56.42,-22.07],[-56.2,-22.28],[-55.89,-22.31],[-55.63,-22.63],[-55.64,-23],[-55.54,-23.23],[-55.53,-23.6],[-55.4,-23.98],[-54.94,-23.97],[-54.61,-23.81],[-54.25,-24.05],[-54.26,-24.33],[-54.6,-25.57],[-54.21,-25.53],[-53.91,-25.63],[-53.83,-25.97],[-53.67,-26.22],[-53.75,-26.69],[-53.71,-26.87],[-53.82,-27.14],[-54.19,-27.26],[-54.83,-27.55],[-55.03,-27.84],[-55.33,-27.93],[-55.44,-28.08],[-55.77,-28.23],[-55.9,-28.46],[-56.42,-29.05],[-57.33,-29.98],[-57.61,-30.18],[-57.6,-30.19]]],[[[-51.19,-0.61],[-51.51,-0.61],[-51.68,-0.85],[-51.72,-1.13],[-51.87,-1.24],[-51.79,-1.45],[-51.27,-1.02],[-51.19,-0.61]]],[[[-48.46,-0.58],[-48.43,-0.26],[-49.22,-0.14],[-49.65,-0.24],[-50.37,-0.11],[-50.58,-0.19],[-50.78,-0.66],[-50.8,-1.42],[-50.41,-1.83],[-50.05,-1.7],[-49.82,-1.82],[-49.56,-1.65],[-49.22,-1.62],[-48.84,-1.44],[-48.84,-1.21],[-48.64,-1.08],[-48.46,-0.58]]],[[[-50.97,-0.29],[-50.63,-0.09],[-50.77,0.05],[-50.95,-0.01],[-50.97,-0.29]]],[[[-50.04,0.3],[-50.37,0.21],[-50.3,0.01],[-49.83,0.01],[-49.65,0.39],[-50.04,0.3]]]]},"properties":{"name":"Brazil","ISO3166-1-Alpha-3":"BRA","ISO3166-1-Alpha-2":"BR"}},{"type":"Feature","geometry":{"type":"Polygon","coordinates":[[[-57.6,-30.19],[-57.64,-30.19],[-57.85,-30.49],[-57.81,-30.91],[-57.99,-31.55],[-58.17,-31.85],[-58.2,-32.45],[-58.05,-32.91],[-58.17,-33.11],[-58.37,-33.15],[-58.43,-33.78],[-58.39,-33.94],[-57.82,-34.48],[-57.12,-34.46],[-56.8,-34.7],[-56.45,-34.76],[-56.31,-34.91],[-55.79,-34.77],[-55.38,-34.8],[-54.94,-34.97],[-54.15,-34.67],[-53.76,-34.39],[-53.38,-33.74],[-53.54,-33.65],[-53.51,-33.1],[-53.13,-32.75],[-53.65,-32.34],[-53.77,-32.05],[-54.14,-31.91],[-54.46,-31.67],[-54.59,-31.47],[-54.82,-31.44],[-55.26,-31.23],[-55.59,-30.85],[-55.86,-31.08],[-56.01,-30.8],[-56.83,-30.1],[-57.1,-30.12],[-57.21,-30.29],[-57.6,-30.19]]]},"properties":{"name":"Uruguay","ISO3166-1-Alpha-3":"URY","ISO3166-1-Alpha-2":"UY"}},{"type":"Feature","geometry":{"type":"Polygon","coordinates":[[[116.68,49.82],[116.22,50.01],[115.75,49.88],[115.37,49.9],[114.75,50.24],[114.29,50.28],[113.58,50.02],[113.21,49.82],[113.04,49.59],[112.73,49.49],[112.43,49.53],[112.03,49.41],[111.34,49.36],[110.73,49.14],[110.37,49.24],[110.18,49.16],[109.29,49.34],[108.54,49.33],[108.03,49.59],[107.95,49.93],[107.22,50],[106.66,50.33],[106.24,50.29],[105.98,50.4],[105.33,50.48],[104.41,50.3],[104.12,50.15],[103.6,50.13],[102.59,50.42],[102.33,50.55],[102.05,51.38],[101.39,51.45],[100.51,51.73],[100.01,51.73],[98.86,52.11],[98.71,51.85],[98.33,51.72],[98.05,51.47],[97.81,51],[98.02,50.64],[98.29,50.52],[98.11,50.06],[97.57,49.92],[97.3,49.73],[96.97,49.89],[96.37,49.89],[95.87,50.01],[95.48,49.89],[94.62,50.02],[94.34,50.25],[94.24,50.57],[93.01,50.62],[92.65,50.67],[92.3,50.84],[92.16,50.69],[91.75,50.68],[91.42,50.46],[91.01,50.43],[90.68,50.22],[90.05,50.08],[89.62,49.9],[89.68,49.71],[89.25,49.63],[88.87,49.44],[88.2,49.45],[88.14,49.27],[87.82,49.17],[87.81,48.8],[87.94,48.6],[88.57,48.34],[88.58,48.21],[89.05,47.99],[89.54,48.03],[89.75,47.82],[90.08,47.76],[90.44,47.49],[90.47,47.31],[90.83,46.98],[91.05,46.57],[90.9,46.3],[91,46.02],[90.71,45.75],[90.65,45.49],[90.91,45.19],[91.14,45.2],[91.66,45.06],[92.48,45],[92.75,45.04],[93.53,44.95],[93.98,44.66],[94.7,44.34],[95.04,44.25],[95.38,44.29],[95.91,43.21],[96.29,42.93],[96.35,42.74],[97.19,42.79],[99.47,42.56],[100.02,42.68],[101.22,42.53],[101.64,42.52],[102.03,42.18],[103.07,42],[103.72,41.76],[104.5,41.87],[104.5,41.67],[105.01,41.6],[105.87,41.99],[106.77,42.29],[108.18,42.45],[108.8,42.4],[109.49,42.45],[110.41,42.77],[110.93,43.29],[111.6,43.52],[111.93,43.7],[111.84,43.94],[111.52,44.19],[111.41,44.42],[111.74,44.97],[112.01,45.09],[112.44,45.05],[112.61,44.91],[113.1,44.79],[113.64,44.75],[114.06,44.94],[114.42,45.2],[114.53,45.39],[114.94,45.37],[115.64,45.44],[116.01,45.68],[116.6,46.31],[116.8,46.38],[117.3,46.35],[117.39,46.57],[117.7,46.51],[118.24,46.72],[118.82,46.76],[119.32,46.61],[119.68,46.59],[119.9,46.84],[119.7,47.16],[118.77,47.76],[118.54,47.97],[118.18,48.03],[117.74,47.98],[117.32,47.65],[116.85,47.87],[116.24,47.86],[115.85,47.71],[115.56,47.93],[115.51,48.12],[115.81,48.27],[115.8,48.53],[116.68,49.82]]]},"properties":{"name":"Mongolia","ISO3166-1-Alpha-3":"MNG","ISO3166-1-Alpha-2":"MN"}},{"type":"Feature","geometry":{"type":"MultiPolygon","coordinates":[[[[87.82,49.17],[88.14,49.27],[88.2,49.45],[88.87,49.44],[89.25,49.63],[89.68,49.71],[89.62,49.9],[90.05,50.08],[90.68,50.22],[91.01,50.43],[91.42,50.46],[91.75,50.68],[92.16,50.69],[92.3,50.84],[92.65,50.67],[93.01,50.62],[94.24,50.57],[94.34,50.25],[94.62,50.02],[95.48,49.89],[95.87,50.01],[96.37,49.89],[96.97,49.89],[97.3,49.73],[97.57,49.92],[98.11,50.06],[98.29,50.52],[98.02,50.64],[97.81,51],[98.05,51.47],[98.33,51.72],[98.71,51.85],[98.86,52.11],[100.01,51.73],[100.51,51.73],[101.39,51.45],[102.05,51.38],[102.33,50.55],[102.59,50.42],[103.6,50.13],[104.12,50.15],[104.41,50.3],[105.33,50.48],[105.98,50.4],[106.24,50.29],[106.66,50.33],[107.22,50],[107.95,49.93],[108.03,49.59],[108.54,49.33],[109.29,49.34],[110.18,49.16],[110.37,49.24],[110.73,49.14],[111.34,49.36],[112.03,49.41],[112.43,49.53],[112.73,49.49],[113.04,49.59],[113.21,49.82],[113.58,50.02],[114.29,50.28],[114.75,50.24],[115.37,49.9],[115.75,49.88],[116.22,50.01],[116.68,49.82],[117.06,49.67],[117.76,49.51],[118.17,49.67],[118.64,49.95],[119.09,49.99],[119.32,50.09],[119.29,50.6],[119.75,51.08],[120.11,51.67],[120.65,51.91],[120.78,52.12],[120.63,52.35],[120.72,52.54],[120.43,52.64],[120.28,52.87],[120.87,53.28],[121.2,53.28],[122.34,53.49],[122.86,53.47],[123.25,53.57],[123.64,53.55],[124.23,53.38],[124.72,53.15],[125.13,53.21],[125.62,53.06],[126.04,52.73],[126.53,52.15],[126.45,51.98],[126.95,51.33],[126.93,51.06],[127.29,50.75],[127.33,50.33],[127.58,50.22],[127.51,49.82],[127.83,49.59],[128.09,49.54],[128.67,49.61],[129.05,49.38],[129.71,49.27],[129.91,49.04],[130.25,48.86],[130.67,48.87],[130.53,48.64],[130.82,48.28],[130.66,48.12],[131.02,47.68],[131.58,47.67],[132.52,47.71],[132.66,47.87],[133.09,48.11],[133.46,48.09],[133.72,48.24],[134.39,48.38],[134.7,48.26],[134.57,48.04],[134.77,47.71],[134.48,47.43],[134.15,47.26],[133.9,46.26],[133.69,46.14],[133.41,45.57],[133.2,45.51],[133.12,45.12],[132.95,45.02],[131.97,45.23],[131.82,45.33],[131.42,44.96],[130.93,44.84],[131.07,44.68],[131.26,44.05],[131.17,43.78],[131.28,43.38],[130.99,42.85],[130.77,42.87],[130.41,42.74],[130.53,42.53],[130.7,42.3],[130.86,42.52],[131.47,42.87],[131.75,43.23],[131.95,43.07],[132.36,43.29],[132.4,42.94],[132.77,42.88],[133.16,42.69],[133.6,42.85],[133.93,42.88],[134.19,43.08],[135.14,43.51],[135.49,43.83],[135.66,44.17],[135.89,44.4],[136.12,44.48],[136.36,44.79],[136.83,45.2],[137.14,45.37],[137.67,45.79],[138.1,46.23],[138.53,46.99],[138.96,47.31],[139.39,47.9],[140.17,48.45],[140.19,48.65],[140.56,49.58],[140.42,49.86],[140.52,50.15],[140.44,50.54],[140.66,50.94],[140.71,51.33],[140.9,51.43],[141.43,51.94],[141.51,52.17],[141.17,52.36],[141.28,52.58],[141.19,52.99],[141.43,53.15],[140.25,53.89],[140.24,54.06],[139.82,54.22],[139.16,54.2],[138.74,54.32],[138.76,53.98],[138.5,53.54],[137.92,53.59],[137.34,53.53],[137.6,53.82],[137.45,54.32],[137.06,54.15],[137.19,53.85],[136.68,53.81],[136.88,54.59],[136.25,54.62],[135.75,54.57],[135.27,54.72],[135.22,54.89],[135.87,55.17],[136.32,55.49],[136.77,55.66],[137.57,56.12],[138.66,56.98],[139.2,57.27],[139.79,57.48],[139.98,57.69],[140.5,57.84],[140.67,58.19],[140.9,58.38],[141.58,58.62],[142.26,59.12],[143.16,59.35],[143.84,59.4],[145,59.37],[145.68,59.42],[146.05,59.14],[146.44,59.46],[147.59,59.3],[148.39,59.38],[148.79,59.24],[149.13,59.64],[149.6,59.76],[150.46,59.61],[151.64,59.48],[151.76,59.3],[151.22,59.09],[151.36,58.86],[152.02,58.88],[152.4,59.02],[152.92,58.92],[153.37,59.24],[154.05,59.05],[154.5,59.22],[155.19,59.18],[154.96,59.5],[154.43,59.55],[154.22,59.87],[154.95,60.37],[155.92,60.75],[156.01,60.95],[156.55,61.21],[156.68,61.52],[157.46,61.78],[158.08,61.73],[158.26,61.83],[159.36,61.89],[159.58,61.65],[160.41,61.76],[159.97,61.38],[160,61.11],[160.42,60.98],[160.38,60.7],[160.83,60.75],[161.6,61.26],[161.99,61.37],[162.42,61.68],[162.98,61.81],[163.27,62.52],[164.06,62.66],[164.6,62.67],[164.54,62.45],[164.13,62.26],[164.04,61.68],[163.76,61.48],[164.03,61.35],[163.49,61],[163.35,60.8],[161.94,60.42],[161.9,60.2],[161.53,60.07],[160.8,59.61],[159.86,59.14],[159.75,58.93],[159.02,58.41],[158.17,58.02],[157.72,58.02],[157.47,57.8],[156.93,57.66],[157,57.43],[156.83,57.21],[156.13,56.83],[155.92,56.58],[155.69,56.04],[155.55,55.28],[155.73,54.43],[155.94,53.87],[156.11,52.94],[156.37,52.4],[156.5,51.78],[156.54,51.29],[156.72,51.2],[156.72,50.89],[157.76,51.54],[158.29,51.97],[158.55,52.3],[158.52,52.75],[159,53.08],[159.92,53.28],[159.97,53.57],[159.84,53.8],[160.05,54.18],[160.74,54.54],[161.75,54.52],[162.15,54.85],[161.81,55.18],[161.78,55.61],[162.14,56.13],[162.59,56.27],[162.82,56.06],[163.37,56.18],[163.28,56.69],[162.78,56.76],[162.83,57.38],[163.33,57.71],[162.71,57.97],[162.46,57.78],[162.03,57.93],[161.99,58.09],[162.41,58.65],[163.07,58.97],[162.89,59.11],[163.38,59.81],[163.65,60.05],[164.34,59.99],[164.49,60.11],[165.01,59.85],[165.13,60.08],[166.25,60.38],[166.29,59.84],[167.05,60.33],[168.1,60.57],[169.17,60.57],[169.71,60.4],[169.96,60.06],[170.4,59.97],[170.58,60.43],[171.18,60.56],[171.41,60.75],[172.01,60.86],[172.93,61.35],[173.5,61.57],[174.49,61.81],[175.63,62.19],[176.28,62.32],[176.59,62.49],[177.31,62.58],[178.06,62.54],[179.15,62.34],[179.61,62.71],[179.25,62.98],[179.33,63.2],[178.6,63.41],[178.76,63.64],[178.4,64.24],[178,64.21],[177.45,64.42],[177.49,64.77],[176.73,64.58],[176.21,64.87],[177.3,64.84],[177.74,64.71],[178.76,64.64],[179.48,64.82],[180,65.07],[180,65.57],[180,66.07],[180,66.57],[180,67.06],[180,67.56],[180,68.06],[180,68.56],[180,68.98],[178.77,69.42],[178.21,69.44],[176.5,69.75],[173.46,69.95],[171.99,69.99],[170.61,70.12],[170.58,69.6],[171.03,69.05],[170.35,68.83],[169.63,68.78],[169.42,69.02],[168.29,69.24],[168.24,69.56],[167.67,69.77],[166.94,69.5],[165.67,69.6],[164.83,69.57],[164.03,69.77],[162.21,69.66],[161.44,69.38],[161.57,69.01],[160.96,69.11],[160.93,69.64],[160.38,69.67],[159.69,69.89],[160.11,70.26],[159.69,70.67],[158.52,70.97],[157.59,71.07],[155.94,71.1],[153.93,70.89],[152.61,70.83],[151.49,71.33],[149.97,71.53],[149.71,71.77],[150.07,71.92],[149.61,72.15],[148.4,72.31],[147.2,72.33],[146.16,71.82],[145.75,71.91],[145.85,72.16],[146.5,72.07],[146.93,72.31],[145.41,72.56],[141.55,72.77],[140.88,72.54],[139.54,72.5],[139.14,72.3],[139.87,72.18],[139.57,71.93],[139.72,71.46],[138.76,71.64],[138.04,71.56],[138.01,71.34],[137.36,71.37],[135.99,71.63],[134.17,71.37],[133.15,71.58],[132.81,71.83],[132.26,71.68],[131.55,70.89],[131.23,70.75],[130.3,70.94],[129.39,71.35],[129.25,71.55],[128.19,72.23],[129.15,72.1],[129.52,72.25],[129.12,72.48],[128.61,72.48],[127.96,72.66],[128.29,72.91],[129.44,73.03],[128.44,73.24],[127.99,73.47],[126.23,73.55],[125.65,73.53],[124.34,73.8],[123.25,73.55],[123.55,73.22],[123.14,72.92],[122.61,73.03],[121.05,72.93],[118.92,73.12],[118.35,73.28],[118.45,73.59],[117.44,73.59],[115.41,73.71],[113.13,73.45],[113.4,73.69],[111.8,73.74],[110.58,73.99],[110.02,74.01],[109.53,73.78],[110.9,73.69],[109.71,73.45],[108.39,73.32],[107.72,73.17],[106.36,73.19],[107.13,73.53],[108.49,73.77],[109,74.02],[109.89,74.2],[110,74.37],[111.74,74.66],[112.15,74.88],[112.88,74.99],[113.61,75.28],[113.34,75.54],[113.89,75.85],[113.26,76.27],[111.56,76.68],[109.33,76.76],[107.59,76.51],[106.61,76.56],[107.25,77.01],[106.5,77.02],[105.46,77.24],[105.98,77.44],[104.68,77.71],[104.02,77.73],[102.16,77.4],[100.92,76.98],[101.23,76.77],[101.04,76.52],[99.51,76.47],[99.26,76.13],[98.58,76.23],[96.83,75.92],[95.39,76.16],[93.69,76.13],[93.55,75.85],[91.29,75.63],[90.86,75.67],[89.13,75.45],[88.31,75.18],[87.35,75.04],[86.02,74.26],[86.8,74.18],[86.78,73.9],[83.48,73.66],[81.96,73.66],[80.83,73.57],[80.27,73.31],[80.84,72.92],[80.7,72.55],[81.21,72.35],[82.2,72.28],[82.19,72.09],[83.36,71.84],[83.63,71.61],[83.15,71.24],[83.77,70.48],[82.95,70.33],[83.13,70.88],[82.2,71.02],[82.3,71.29],[82.82,71.39],[83.32,71.68],[82.87,71.79],[81.74,71.7],[79.39,72.39],[78.5,72.41],[77.74,72.22],[78.2,72],[77.58,71.83],[76.95,72.04],[76.03,71.92],[76.33,71.56],[77.67,71.29],[78.28,71.26],[78.61,70.96],[78,70.96],[77.78,71.14],[76.02,71.24],[75.34,71.33],[75.53,71.54],[75.29,71.96],[75.72,72.25],[75.11,72.35],[74.93,72.1],[73.53,71.82],[73.04,71.44],[73.56,71.26],[74.32,70.52],[73.73,70.18],[73.52,69.75],[73.9,69.41],[73.75,69.18],[74.72,69.09],[75.51,69.26],[76.75,69.12],[77.68,68.89],[77.72,68.62],[78.1,68.25],[77.54,68.13],[77.46,67.79],[77.12,67.77],[77.36,68.23],[77.32,68.53],[76.66,68.76],[76.38,68.99],[75.19,68.87],[74.45,68.69],[74.33,68.39],[74.7,68.18],[74.73,67.69],[73.9,67.3],[73.87,67.01],[73.49,66.82],[72.49,66.62],[72.35,66.31],[71.99,66.23],[71.15,66.37],[70.36,66.33],[69.39,66.51],[69.13,66.83],[69.94,66.86],[70.41,66.56],[70.98,66.54],[71.58,66.66],[71.72,66.92],[72.23,67.17],[72.41,67.48],[73.2,67.87],[73.09,68.21],[73.64,68.5],[72.58,68.94],[72.65,69.29],[72.5,69.65],[72.69,69.84],[72.46,70.3],[72.77,70.43],[72.83,70.89],[72.67,71.11],[72.11,71.29],[71.84,71.53],[72.21,71.61],[72.86,72.27],[72.5,72.79],[71.56,72.92],[69.28,72.84],[68.99,72.71],[68.48,71.84],[67.95,71.53],[66.93,71.3],[66.61,70.88],[67.32,70.78],[67.09,70.22],[66.77,69.74],[67.97,69.49],[68.49,68.97],[69.11,68.88],[68.38,68.23],[67.06,68.78],[65.82,69.14],[64.86,69.3],[64.55,69.45],[63.41,69.67],[60.77,69.85],[60.14,69.58],[60.84,69.16],[60.94,68.96],[60.47,68.72],[59.77,68.67],[59.96,68.47],[59.67,68.34],[59.11,68.4],[59.06,68.62],[59.42,68.77],[58.88,69],[57.98,68.85],[57.33,68.56],[56.63,68.64],[55.39,68.56],[54.24,68.21],[53.44,68.92],[52.5,68.62],[51.56,68.48],[49.13,67.86],[48.92,67.69],[48.26,67.68],[47.7,67.2],[47.73,67],[46.93,66.84],[45.85,66.89],[45.59,67.16],[44.95,67.32],[45.35,67.73],[46.72,67.84],[46.53,68.13],[45.94,68.45],[45.31,68.55],[43.98,68.55],[44.24,68.26],[44,67.58],[43.76,67.22],[44.5,66.92],[44.49,66.68],[44.05,66.08],[43.25,66.44],[42.75,66.4],[42.2,66.53],[41.34,66.06],[40.8,65.99],[39.83,65.61],[39.71,65.4],[40.38,64.92],[40.53,64.58],[39.57,64.55],[39.3,64.65],[38.05,64.85],[37.71,65.02],[37.01,65.17],[36.57,64.9],[37.12,64.39],[37.69,64.43],[38,64.32],[38,63.96],[37.17,63.9],[36.29,64.01],[35.81,64.34],[35.41,64.29],[34.96,64.45],[34.82,65.04],[34.37,65.39],[34.78,65.6],[34.87,65.88],[34.5,66.12],[33.62,66.31],[33.7,66.44],[33.03,66.59],[32.48,66.91],[32.38,67.16],[33.48,66.73],[34.89,66.6],[35.38,66.42],[36.89,66.29],[37.93,66.09],[38.55,66.05],[39.34,66.13],[40.44,66.41],[41.18,66.81],[41.36,67.01],[41.11,67.25],[41.02,67.7],[39.86,68.06],[39.52,68.08],[38.66,68.38],[38.43,68.36],[37.68,68.71],[36.25,69.11],[35.33,69.28],[34.66,69.25],[32.69,69.5],[33.12,69.66],[32.05,69.96],[31.41,69.72],[30.84,69.81],[30.51,69.54],[29.33,69.28],[28.95,69.03],[28.45,68.51],[28.66,68.2],[29.3,68.08],[30.01,67.69],[29.92,67.51],[29.1,66.99],[29.09,66.84],[29.9,66.11],[30.11,65.71],[29.7,65.63],[29.82,65.09],[29.59,64.99],[30.09,64.36],[30.56,64.22],[30.51,63.99],[29.98,63.74],[30.49,63.46],[31.23,63.2],[31.57,62.91],[31.22,62.49],[30.64,62.18],[29.78,61.59],[29.2,61.25],[28.8,61.1],[27.81,60.55],[28.22,60.55],[29.09,60.18],[29.7,60.2],[29.8,59.94],[29.16,60],[28.85,59.79],[28.43,59.81],[27.99,59.7],[28.02,59.48],[27.69,58.98],[27.41,58.75],[27.5,58.22],[27.67,57.91],[27.35,57.53],[27.84,57.29],[27.65,56.88],[27.92,56.81],[28.13,56.55],[28.15,56.14],[29.38,55.95],[29.46,55.69],[30.22,55.86],[30.91,55.57],[30.79,55.29],[31.01,55.04],[30.77,54.79],[31.17,54.62],[31.32,54.23],[31.75,54.09],[31.75,53.82],[32.08,53.81],[32.48,53.66],[32.72,53.44],[32.21,53.1],[31.38,53.18],[31.25,53.01],[31.51,52.85],[31.61,52.37],[31.76,52.1],[32.1,52.04],[32.53,52.32],[32.93,52.25],[33.2,52.37],[33.8,52.35],[34.07,52.03],[34.39,51.82],[34.13,51.68],[34.28,51.36],[34.75,51.16],[34.96,51.22],[35.34,50.92],[35.43,50.5],[35.7,50.35],[36.11,50.42],[36.27,50.28],[36.68,50.26],[37.44,50.42],[37.73,50.08],[38,49.92],[38.34,49.99],[39.57,49.71],[40.04,49.46],[40.14,49.25],[39.76,48.9],[39.81,48.58],[39.99,48.27],[39.76,47.83],[38.88,47.86],[38.73,47.68],[38.35,47.61],[38.22,47.1],[39.26,47.26],[38.8,46.89],[38.4,46.82],[37.83,46.48],[38.3,46.22],[37.94,46.02],[37.83,45.75],[37.6,45.64],[37.74,45.37],[37.16,45.33],[36.78,45.39],[36.84,45.11],[37.19,44.99],[37.48,44.68],[37.92,44.61],[38.18,44.41],[38.6,44.33],[38.98,44.15],[39.99,43.39],[40.23,43.58],[40.65,43.54],[41.01,43.38],[41.55,43.23],[42.75,43.18],[43.19,42.93],[43.8,42.75],[43.94,42.55],[44.27,42.7],[44.86,42.76],[45.18,42.67],[45.36,42.52],[45.7,42.51],[45.62,42.22],[45.95,42.02],[46.43,41.89],[46.75,41.84],[47.27,41.3],[47.87,41.21],[48.05,41.46],[48.37,41.58],[48.58,41.85],[47.87,42.58],[47.7,42.87],[47.46,43.02],[47.5,43.78],[47.25,44.21],[46.7,44.45],[46.72,44.66],[47.07,44.79],[47.61,45.64],[48.27,45.78],[48.47,45.94],[48.74,45.92],[48.89,46.12],[49.23,46.33],[48.46,46.66],[49.01,46.77],[48.7,47.1],[48.53,47.41],[48.04,47.77],[47.44,47.83],[47.17,47.77],[47.05,47.97],[47.08,48.28],[46.48,48.41],[46.75,48.91],[47.02,49.1],[46.78,49.33],[46.9,49.82],[47.31,50.04],[47.29,50.28],[47.62,50.44],[47.99,50.18],[48.24,49.86],[48.42,49.81],[48.89,50.02],[48.67,50.58],[49.37,50.83],[49.42,51.1],[49.78,51.1],[50.33,51.3],[50.58,51.64],[50.93,51.68],[51.62,51.52],[51.87,51.67],[52.33,51.76],[52.51,51.48],[53.15,51.51],[53.61,51.39],[54.18,50.97],[54.48,50.85],[54.64,51.03],[55.31,50.66],[55.66,50.53],[56.08,50.72],[56.51,51.07],[57.17,51.09],[57.35,50.89],[57.74,50.94],[57.77,51.12],[58.6,51.02],[58.66,50.79],[58.93,50.68],[59.77,50.53],[60.02,50.85],[60.3,50.68],[60.72,50.65],[61.37,50.78],[61.59,51.28],[61.47,51.43],[61.02,51.49],[60.94,51.61],[60.52,51.62],[60.45,51.81],[60.14,51.89],[60.51,52.15],[61.04,52.33],[60.7,52.73],[61.19,53.01],[61.57,52.96],[62.05,53.12],[61.2,53.28],[61.28,53.54],[61.01,53.64],[61.19,54.02],[62.55,54.03],[63.08,54.09],[63.71,54.25],[64.58,54.39],[65.21,54.34],[65.48,54.63],[65.98,54.61],[66.45,54.71],[67.62,54.85],[68.17,54.96],[68.26,55.19],[68.72,55.35],[69.67,55.33],[70.2,55.13],[70.67,55.31],[70.98,55.08],[71.18,54.73],[71.18,54.1],[72.07,54.22],[72.66,54.04],[73.49,53.87],[73.23,53.66],[73.39,53.52],[73.87,53.63],[74.21,53.6],[75.03,53.81],[75.64,54.1],[76.77,54.36],[76.53,53.96],[77.61,53.44],[77.87,53.27],[78.48,52.64],[79.47,51.49],[79.99,50.79],[80.44,50.96],[80.48,51.21],[80.68,51.3],[81.15,51.14],[81.4,50.96],[81.46,50.73],[82.07,50.72],[83.43,50.99],[83.82,50.87],[84.1,50.63],[84.25,50.26],[84.98,50.08],[85.26,49.58],[86.11,49.52],[86.61,49.8],[86.78,49.7],[86.91,49.35],[87.32,49.09],[87.82,49.17]]],[[[22.77,54.36],[22.68,54.45],[22.81,54.89],[22.58,55.06],[22.1,55.03],[21.27,55.25],[21.23,54.94],[20.53,54.96],[20.99,55.27],[20.92,55.28],[20.63,55.05],[20.03,54.95],[19.83,54.6],[19.61,54.46],[20.93,54.4],[22.77,54.36]]],[[[33.63,46.12],[33.71,45.91],[32.94,45.66],[32.53,45.46],[32.9,45.35],[33.26,45.16],[33.56,45.09],[33.62,44.93],[33.48,44.61],[33.72,44.4],[33.96,44.38],[34.34,44.56],[34.47,44.73],[35.01,44.84],[35.55,45.12],[35.85,44.99],[36.44,45.07],[36.3,45.47],[35.79,45.41],[35.48,45.3],[35,45.73],[34.69,45.97],[33.85,46.2],[33.63,46.12]]],[[[-180,65.07],[-179.66,65.14],[-179.28,65.63],[-179.72,65.78],[-179.77,66.1],[-178.98,66.16],[-178.87,65.89],[-178.41,65.68],[-178.28,65.44],[-177.42,65.44],[-176.98,65.61],[-175.91,65.4],[-175.77,64.94],[-175.46,64.8],[-174.65,64.73],[-174.07,64.55],[-173.99,64.41],[-173.11,64.24],[-172.39,64.41],[-172.82,64.61],[-172.7,64.88],[-172.09,65.05],[-172.16,65.42],[-170.67,65.6],[-170.53,65.85],[-169.7,66.13],[-170.57,66.35],[-171.36,66.67],[-171.9,66.97],[-172.67,66.89],[-173.55,67.09],[-174.03,66.96],[-173.83,66.51],[-174.44,66.53],[-175.16,67.34],[-175.29,67.67],[-175.82,67.81],[-176.3,67.72],[-176.72,68.03],[-177.61,68.2],[-178.04,68.43],[-178.7,68.54],[-178.84,68.75],[-180,68.98],[-180,68.56],[-180,68.06],[-180,67.56],[-180,67.06],[-180,66.57],[-180,66.07],[-180,65.57],[-180,65.07]]],[[[180,71.54],[178.91,71.24],[178.62,71.04],[178.83,70.81],[180,70.99],[180,71.05],[180,71.54]]],[[[-180,70.99],[-179.34,70.91],[-177.93,71.04],[-177.44,71.24],[-178.39,71.54],[-179.07,71.6],[-180,71.54],[-180,71.05],[-180,70.99]]],[[[142.53,54.3],[142.71,53.95],[142.58,53.5],[142.23,53.52],[141.77,53.37],[141.93,53.02],[141.84,52.59],[141.66,52.38],[141.68,51.91],[142.08,51.47],[142.27,51.07],[142.05,50.53],[142.15,50.35],[142.16,49.68],[141.97,48.86],[141.86,48.77],[142.14,48.32],[142.19,47.97],[141.97,47.61],[142.06,47.05],[141.82,46.6],[141.93,46.04],[142.2,46.03],[142.46,46.63],[143.17,46.71],[143.02,47.25],[142.76,47.43],[142.55,47.77],[142.55,48.02],[143.17,49.25],[143.5,49.35],[144.28,49.25],[144,50.01],[143.79,50.31],[143.46,51.47],[143.22,51.53],[143.12,52.34],[143.34,52.7],[143.29,53.15],[142.94,53.75],[143,54.14],[142.73,54.42],[142.53,54.3]]],[[[51.41,71.81],[51.86,71.46],[52.57,71.58],[53.25,71.46],[53.49,71.07],[54.01,70.76],[55.82,70.61],[57.17,70.61],[57.06,70.86],[56.11,71.26],[55.67,71.61],[55.34,72.07],[55.74,72.78],[56.22,72.83],[56.44,73.23],[54.93,73.43],[53.16,73.15],[53.14,72.96],[52.4,72.72],[52.91,72.6],[52.33,72.07],[51.61,72.09],[51.41,71.81]]],[[[56.99,74.69],[55.53,74.65],[55.62,74.19],[55.02,74.17],[54.73,73.98],[53.87,73.78],[54.47,73.39],[55.02,73.44],[56.58,73.26],[57.25,73.46],[57.95,73.81],[57.88,73.93],[58.51,74.22],[58.57,74.39],[59.22,74.62],[59.87,74.63],[60.56,74.87],[60.83,75.15],[62.05,75.45],[63.3,75.59],[66.18,75.96],[68.29,76.28],[68.93,76.72],[68.46,76.97],[66.94,76.95],[65.17,76.48],[62.96,76.21],[61.64,76.31],[60.27,76.11],[57.05,75.4],[56.88,75.22],[55.81,75.16],[56.99,74.69]]],[[[148.8,45.42],[148.62,45.5],[148.31,45.28],[147.89,45.22],[147.26,44.87],[147.39,44.74],[147.99,45.01],[148.22,45.2],[148.8,45.42]]],[[[150.33,46.21],[150.02,46.07],[149.48,45.67],[149.64,45.61],[150.14,45.9],[150.33,46.21]]],[[[156.13,50.64],[155.89,50.69],[155.72,50.42],[155.41,50.36],[155.22,50.11],[155.88,50.25],[156.13,50.64]]],[[[138.05,55.06],[137.61,55.2],[137.49,54.88],[137.71,54.62],[137.99,54.8],[138.05,55.06]]],[[[164.71,58.98],[164.56,59.24],[163.97,59.03],[164.12,58.78],[164.71,58.98]]],[[[50.32,69.15],[49.27,69.51],[48.81,69.49],[48.3,69.28],[48.22,68.91],[48.59,68.73],[49.72,68.89],[50.32,69.15]]],[[[169.45,69.85],[168.26,70.02],[167.79,69.81],[168.87,69.57],[169.45,69.85]]],[[[60.54,69.82],[59.02,70.48],[58.52,70.33],[58.7,70],[59.43,69.89],[59.56,69.72],[60.2,69.69],[60.54,69.82]]],[[[53.23,71.22],[52.74,71.41],[52.26,71.35],[52.8,71.09],[53.23,71.22]]],[[[78.28,72.55],[77.61,72.63],[76.92,72.29],[77.59,72.29],[78.28,72.55]]],[[[79.56,72.77],[79.14,73.1],[78.59,72.86],[79.56,72.77]]],[[[71.67,73.23],[70.95,73.52],[69.98,73.41],[70.26,73.04],[71.67,73.23]]],[[[143.47,73.32],[143.41,73.54],[142.05,73.92],[141.13,73.88],[140.49,73.49],[141.51,73.3],[143.17,73.18],[143.47,73.32]]],[[[113.41,74.44],[112.11,74.55],[111.58,74.26],[112.77,74.09],[113.41,74.44]]],[[[150.83,75.16],[149.13,75.27],[148.41,75.42],[147.37,75.44],[146.39,75.59],[146.07,75.24],[148.17,74.8],[149.21,74.76],[150.61,74.89],[150.83,75.16]]],[[[145.37,75.54],[143.95,75.83],[142.55,75.86],[141.7,76.12],[140.15,75.8],[139.11,76.1],[138.14,76.12],[137.07,75.73],[137.43,75.39],[137.15,75.13],[138.17,74.78],[139.34,74.69],[140.07,74.83],[141.84,75],[142.36,74.82],[143.46,74.9],[144.33,75.05],[144.73,75.43],[145.37,75.54]]],[[[105.42,78.58],[103.99,79.13],[102.3,79.43],[101.31,79.24],[100.25,78.67],[100.05,78.34],[99.27,78.04],[100.04,77.96],[101.21,78.19],[102.87,78.22],[104.79,78.34],[105.42,78.58]]],[[[93.63,79.93],[91.78,80.06],[91.26,79.9],[92.62,79.67],[93.63,79.93]]],[[[99.89,79.04],[99.58,79.17],[100.02,79.82],[97.59,80.17],[94.94,80.07],[93.75,79.54],[95.02,79.04],[96.8,78.99],[97.76,78.81],[99.41,78.82],[99.89,79.04]]],[[[62.22,80.81],[59.69,80.84],[59.23,80.64],[59.64,80.43],[61.04,80.41],[62.07,80.61],[62.22,80.81]]],[[[51.69,80.73],[50.72,80.9],[49,80.78],[49.63,80.64],[47.43,80.32],[47.63,80.12],[49.11,80.19],[49.73,80.49],[50.95,80.54],[51.69,80.73]]],[[[97.75,80.74],[95.78,81.29],[93.05,81],[92.74,80.51],[91.92,80.47],[92.5,80.16],[93.69,80],[95.03,80.14],[97.19,80.23],[97.02,80.53],[97.75,80.74]]],[[[55.71,80.1],[56.96,80.07],[57.13,80.31],[55.99,80.34],[55.71,80.1]]],[[[62.77,80.89],[63.13,80.68],[64.43,80.74],[65.45,80.92],[65.23,81.14],[62.77,80.89]]]]},"properties":{"name":"Russia","ISO3166-1-Alpha-3":"RUS","ISO3166-1-Alpha-2":"RU"}},{"type":"Feature","geometry":{"type":"Polygon","coordinates":[[[14.81,50.86],[14.38,50.92],[13.83,50.72],[13.6,50.71],[12.34,50.26],[12.25,50.04],[12.52,49.9],[12.38,49.74],[12.8,49.33],[13.82,48.77],[14.07,48.59],[14.7,48.59],[14.92,48.76],[14.98,49.01],[15.26,48.98],[16.03,48.76],[16.44,48.79],[16.87,48.72],[16.95,48.6],[17.17,48.86],[17.54,48.81],[18.1,49.09],[18.19,49.28],[18.54,49.48],[18.83,49.51],[18.56,49.91],[18.09,50.02],[17.84,49.97],[17.19,50.38],[16.7,50.09],[16.33,50.37],[16.33,50.64],[15.35,50.78],[15.23,50.98],[14.81,50.86]]]},"properties":{"name":"Czechia","ISO3166-1-Alpha-3":"CZE","ISO3166-1-Alpha-2":"CZ"}},{"type":"Feature","geometry":{"type":"Polygon","coordinates":[[[13.82,48.77],[12.8,49.33],[12.38,49.74],[12.52,49.9],[12.25,50.04],[12.34,50.26],[13.6,50.71],[13.83,50.72],[14.38,50.92],[14.81,50.86],[15.02,51.27],[14.73,51.52],[14.59,51.8],[14.76,52.08],[14.54,52.42],[14.64,52.58],[14.22,52.82],[14.41,53.27],[14.26,53.7],[13.98,53.77],[13.68,54.17],[13.48,54.13],[12.5,54.47],[12.11,54.18],[11.66,54.14],[11.46,53.92],[11.18,54.02],[11.08,54.34],[10.78,54.32],[10.02,54.55],[9.97,54.76],[9.44,54.81],[8.66,54.9],[8.69,54.74],[9.01,54.51],[8.63,54.39],[9.02,54.1],[8.86,53.83],[8.17,53.55],[7.95,53.72],[7.23,53.67],[7.02,53.45],[7.19,53.25],[7.04,52.65],[6.7,52.48],[7.05,52.37],[6.77,52.11],[6.72,51.9],[5.93,51.81],[6.19,51.51],[5.98,51.07],[5.99,50.75],[6.34,50.37],[6.12,50.12],[6.22,49.89],[6.5,49.79],[6.35,49.46],[6.84,49.21],[7.65,49.04],[8.19,48.97],[7.81,48.62],[7.57,48.09],[7.59,47.58],[8.09,47.57],[8.56,47.8],[8.91,47.65],[9.27,47.65],[9.55,47.53],[9.95,47.52],[10.31,47.3],[10.61,47.56],[11.08,47.39],[11.62,47.59],[12.74,47.67],[12.99,47.85],[12.75,48.12],[13.71,48.52],[13.82,48.77]]]},"properties":{"name":"Germany","ISO3166-1-Alpha-3":"DEU","ISO3166-1-Alpha-2":"DE"}},{"type":"Feature","geometry":{"type":"MultiPolygon","coordinates":[[[[24.31,57.87],[25.17,58.06],[26.02,57.77],[26.5,57.52],[26.84,57.61],[27.35,57.53],[27.67,57.91],[27.5,58.22],[27.41,58.75],[27.69,58.98],[28.02,59.48],[27.87,59.41],[26.83,59.48],[26.67,59.55],[25.68,59.63],[25.19,59.52],[24.4,59.48],[24.09,59.31],[23.47,59.21],[23.49,58.67],[23.74,58.34],[24.11,58.24],[24.53,58.35],[24.31,57.87]]],[[[23.23,58.5],[22.9,58.62],[22.32,58.58],[21.87,58.26],[22.76,58.24],[23.23,58.5]]],[[[22.29,58.9],[22.56,58.69],[22.93,58.98],[22.6,59.09],[22.29,58.9]]]]},"properties":{"name":"Estonia","ISO3166-1-Alpha-3":"EST","ISO3166-1-Alpha-2":"EE"}},{"type":"Feature","geometry":{"type":"Polygon","coordinates":[[[27.35,57.53],[26.84,57.61],[26.5,57.52],[26.02,57.77],[25.17,58.06],[24.31,57.87],[24.38,57.23],[23.7,56.97],[23.25,57.11],[23.13,57.37],[22.48,57.74],[21.7,57.56],[21.42,57.29],[21.4,57.04],[21.07,56.85],[20.97,56.25],[21.05,56.07],[21.6,56.31],[22.09,56.42],[23.02,56.32],[23.29,56.37],[24.45,56.26],[24.89,56.44],[25.11,56.18],[25.65,56.14],[26.59,55.67],[26.98,55.83],[27.59,55.79],[27.91,56.1],[28.15,56.14],[28.13,56.55],[27.92,56.81],[27.65,56.88],[27.84,57.29],[27.35,57.53]]]},"properties":{"name":"Latvia","ISO3166-1-Alpha-3":"LVA","ISO3166-1-Alpha-2":"LV"}},{"type":"Feature","geometry":{"type":"MultiPolygon","coordinates":[[[[20.62,69.04],[21.31,69.29],[21.66,69.26],[22.6,68.72],[23.2,68.62],[23.93,68.82],[25.12,68.64],[25.65,68.88],[26.03,69.7],[26.5,69.92],[27.31,69.93],[27.87,70.08],[28.4,69.8],[29.13,69.67],[29.34,69.46],[28.86,69.22],[28.95,69.03],[29.33,69.28],[30.51,69.54],[30.84,69.81],[29.69,69.97],[31.06,70.37],[30.21,70.68],[29.38,70.77],[28.55,70.98],[27.57,71.1],[26.98,70.53],[26.61,70.95],[25.44,70.34],[25.25,70.53],[25.83,70.83],[24.86,70.93],[24.26,70.61],[23.51,70.37],[23.36,70.12],[21.99,70.32],[21.21,70.21],[21.17,69.88],[20.51,69.77],[19.1,69.74],[18.85,69.55],[18.3,69.49],[18,69.29],[18.08,69.17],[17.68,69.09],[17.23,68.76],[16.63,68.64],[15.79,67.95],[15.06,67.84],[15.04,67.68],[14.41,67.28],[14.22,66.98],[13.69,66.84],[13.08,66.5],[13.23,66.19],[12.35,65.64],[12.6,65.43],[11.4,64.66],[10.62,64.45],[10.01,64.12],[9.99,63.93],[9.55,63.77],[9.92,63.51],[10.76,63.63],[10.78,63.49],[9.96,63.43],[9.7,63.64],[9.17,63.4],[8.79,63.43],[7.75,62.94],[7.27,63.01],[6.91,62.93],[6.97,62.73],[6.3,62.46],[5.93,62.2],[5.3,62.07],[5.23,61.63],[4.96,61.27],[5.03,60.74],[5.3,60.56],[5.3,60.19],[6.1,60.09],[5.18,59.51],[5.48,59.28],[6.11,59.27],[5.48,58.75],[5.7,58.52],[6.14,58.34],[6.63,58.24],[7,58.03],[8.12,58.1],[9.34,58.75],[9.43,58.89],[10.28,59.1],[10.48,59.51],[10.85,59.18],[11.44,58.99],[11.81,59.25],[11.68,59.56],[12.51,60.12],[12.59,60.51],[12.26,60.98],[12.68,61.04],[12.88,61.37],[12.16,61.72],[12.32,62.23],[12.09,62.59],[12.22,63],[11.99,63.29],[12.17,63.6],[12.68,63.96],[13.23,64.09],[13.94,64.01],[14.16,64.21],[14.12,64.44],[13.64,64.58],[14.31,65.08],[14.51,65.32],[14.64,65.84],[14.54,66.13],[15.48,66.27],[15.43,66.49],[16.42,67.05],[16.13,67.42],[16.48,67.56],[16.81,67.91],[17.32,68.11],[17.9,67.97],[18.17,68.16],[18.17,68.54],[19.04,68.51],[19.93,68.35],[20.25,68.48],[20.34,68.91],[20.62,69.04]]],[[[16.53,68.72],[15.93,68.68],[15.46,68.8],[15.22,68.34],[15.9,68.37],[16.53,68.72]]],[[[18.07,69.44],[17.77,69.55],[16.92,69.32],[16.82,69.05],[17.96,69.18],[17.92,69.33],[18.07,69.44]]],[[[24.42,77.83],[23.12,77.99],[22.97,78.26],[20.88,78.09],[21.66,77.92],[20.92,77.44],[22.19,77.5],[22.43,77.26],[23.23,77.26],[24.42,77.83]]],[[[21.02,78.22],[22.27,78.27],[22.24,78.49],[21.18,78.62],[20.18,78.5],[21.02,78.22]]],[[[20.21,78.64],[21.04,78.64],[21.52,78.85],[18.95,79.16],[18.88,79.44],[17.56,79.9],[16.62,79.99],[15.65,79.85],[15.26,79.62],[13.8,79.88],[12.77,79.77],[11.82,79.85],[10.71,79.56],[11.64,78.75],[12.86,78.36],[13.86,78.21],[14.38,78.5],[15.21,78.66],[15.8,78.34],[15.03,78.12],[13.59,78.06],[13.91,77.53],[14.37,77.2],[15.04,77.13],[16.34,76.62],[17.32,76.98],[17.48,77.31],[18.19,77.49],[18.33,77.9],[18.92,78.18],[18.99,78.47],[20.21,78.64]]],[[[27.17,80.07],[24.38,80.33],[22.56,80.31],[22.37,80.11],[20.88,80.21],[19.8,80.49],[19.11,80.26],[18.01,80.19],[18.15,79.92],[18.78,79.72],[21.89,79.82],[21.85,79.71],[19.63,79.61],[20.82,79.38],[22.42,79.41],[22.93,79.22],[25.65,79.4],[25.83,79.63],[27.15,79.85],[27.17,80.07]]]]},"properties":{"name":"Norway","ISO3166-1-Alpha-3":"-99","ISO3166-1-Alpha-2":"-99"}},{"type":"Feature","geometry":{"type":"MultiPolygon","coordinates":[[[[20.62,69.04],[20.34,68.91],[20.25,68.48],[19.93,68.35],[19.04,68.51],[18.17,68.54],[18.17,68.16],[17.9,67.97],[17.32,68.11],[16.81,67.91],[16.48,67.56],[16.13,67.42],[16.42,67.05],[15.43,66.49],[15.48,66.27],[14.54,66.13],[14.64,65.84],[14.51,65.32],[14.31,65.08],[13.64,64.58],[14.12,64.44],[14.16,64.21],[13.94,64.01],[13.23,64.09],[12.68,63.96],[12.17,63.6],[11.99,63.29],[12.22,63],[12.09,62.59],[12.32,62.23],[12.16,61.72],[12.88,61.37],[12.68,61.04],[12.26,60.98],[12.59,60.51],[12.51,60.12],[11.68,59.56],[11.81,59.25],[11.44,58.99],[11.23,58.8],[11.22,58.37],[11.88,58.2],[11.69,57.88],[12.06,57.46],[12.38,56.91],[12.93,56.55],[12.83,56.27],[12.61,56.12],[12.92,55.75],[13,55.4],[13.38,55.35],[14.36,55.52],[14.2,55.73],[14.35,55.95],[14.69,56.15],[15.49,56.18],[15.85,56.09],[16.36,56.76],[16.69,57.47],[16.68,57.76],[16.46,57.89],[16.82,58.21],[16.64,58.63],[17.09,58.66],[18.39,59.18],[18.28,59.42],[18.69,59.61],[18.86,59.8],[18.82,60.07],[18.42,60.19],[17.97,60.52],[17.24,60.7],[17.21,61.24],[17.1,61.64],[17.57,62.2],[17.35,62.4],[18.04,62.59],[17.93,62.82],[18.51,62.9],[18.61,63.18],[19.03,63.18],[19.28,63.44],[19.75,63.52],[20.5,63.82],[21.49,64.49],[21.18,64.84],[22.36,65.76],[24.16,65.82],[23.72,66.21],[23.64,66.44],[24,66.81],[23.58,67.15],[23.77,67.42],[23.5,67.88],[23.05,68.3],[22.07,68.48],[20.62,69.04]]],[[[19.04,57.87],[18.46,57.8],[18.11,57.51],[18.1,57.26],[18.43,57.15],[18.71,57.24],[18.81,57.71],[19.04,57.87]]]]},"properties":{"name":"Sweden","ISO3166-1-Alpha-3":"SWE","ISO3166-1-Alpha-2":"SE"}},{"type":"Feature","geometry":{"type":"Polygon","coordinates":[[[28.95,69.03],[28.86,69.22],[29.34,69.46],[29.13,69.67],[28.4,69.8],[27.87,70.08],[27.31,69.93],[26.5,69.92],[26.03,69.7],[25.65,68.88],[25.12,68.64],[23.93,68.82],[23.2,68.62],[22.6,68.72],[21.66,69.26],[21.31,69.29],[20.62,69.04],[22.07,68.48],[23.05,68.3],[23.5,67.88],[23.77,67.42],[23.58,67.15],[24,66.81],[23.64,66.44],[23.72,66.21],[24.16,65.82],[25.35,65.48],[25.28,65.19],[25.44,64.97],[24.77,64.87],[24.34,64.53],[23.72,64.21],[23.6,64.03],[22.5,63.62],[22.37,63.32],[21.62,63.2],[21.38,62.87],[21.11,62.78],[21.12,62.5],[21.34,62.36],[21.24,61.99],[21.62,61.55],[21.34,61],[21.47,60.61],[22.06,60.44],[22.63,60.38],[23.24,59.9],[24.3,60.07],[25.74,60.25],[26.09,60.42],[26.69,60.42],[27.05,60.55],[27.46,60.46],[27.81,60.55],[28.8,61.1],[29.2,61.25],[29.78,61.59],[30.64,62.18],[31.22,62.49],[31.57,62.91],[31.23,63.2],[30.49,63.46],[29.98,63.74],[30.51,63.99],[30.56,64.22],[30.09,64.36],[29.59,64.99],[29.82,65.09],[29.7,65.63],[30.11,65.71],[29.9,66.11],[29.09,66.84],[29.1,66.99],[29.92,67.51],[30.01,67.69],[29.3,68.08],[28.66,68.2],[28.45,68.51],[28.95,69.03]]]},"properties":{"name":"Finland","ISO3166-1-Alpha-3":"FIN","ISO3166-1-Alpha-2":"FI"}},{"type":"Feature","geometry":{"type":"Polygon","coordinates":[[[107.52,14.7],[107.32,14.12],[107.6,13.54],[107.61,13.37],[107.46,13.02],[107.57,12.61],[107.51,12.34],[107.15,12.28],[106.98,12.1],[106.7,11.97],[106.39,11.97],[106.29,11.67],[106.02,11.77],[105.85,11.55],[105.84,11.3],[106.06,11.09],[106.16,10.78],[105.86,10.84],[105.75,11.02],[105.07,10.75],[104.85,10.53],[104.55,10.52],[104.45,10.42],[104.59,10.26],[104.8,10.21],[105.09,10],[104.89,9.85],[104.77,8.82],[104.86,8.57],[105.1,8.63],[105.33,8.84],[105.54,9.13],[106.19,9.37],[106.2,9.54],[106.58,9.65],[106.79,10.39],[106.73,10.52],[107.33,10.44],[107.88,10.72],[108.11,10.92],[108.34,10.95],[108.58,11.18],[109.02,11.36],[109.03,11.52],[109.24,11.74],[109.2,11.95],[109.2,12.65],[109.47,12.91],[109.23,13.39],[109.3,13.76],[109.08,14.73],[108.94,14.98],[108.88,15.34],[108.7,15.45],[108.31,15.96],[108.15,16.22],[107.76,16.46],[107.22,16.91],[107.11,17.09],[106.76,17.34],[106.47,17.75],[106.52,17.95],[106.1,18.29],[105.83,18.59],[105.65,18.89],[105.74,19.11],[105.81,19.6],[105.96,19.93],[106.57,20.23],[106.57,20.52],[106.76,20.94],[107.16,20.93],[107.33,21.01],[107.39,21.28],[107.6,21.3],[107.88,21.53],[107.99,21.49],[107.74,21.66],[107.35,21.6],[107.02,21.89],[106.72,22.01],[106.53,22.43],[106.74,22.7],[106.67,22.87],[106.32,22.85],[106,22.98],[105.85,22.9],[105.33,23.32],[104.8,23.09],[104.73,22.84],[104.34,22.69],[104.21,22.83],[103.87,22.58],[103.65,22.8],[103.47,22.59],[103.31,22.79],[102.99,22.44],[102.85,22.59],[102.44,22.77],[102.22,22.41],[102.12,22.4],[102.23,22.23],[102.59,21.9],[102.65,21.66],[102.95,21.74],[102.89,21.23],[103.12,20.87],[103.43,20.82],[103.67,20.66],[103.78,20.83],[104.06,20.96],[104.3,20.88],[104.6,20.66],[104.54,20.54],[104.91,20.18],[104.95,20.01],[104.81,19.79],[104.51,19.6],[104.23,19.71],[104.09,19.48],[103.86,19.32],[104.15,19.18],[104.72,18.79],[105.11,18.7],[105.16,18.32],[105.48,18.13],[105.74,17.66],[106.42,16.99],[106.66,16.47],[107.12,16.25],[107.39,15.94],[107.16,15.76],[107.37,15.5],[107.66,15.28],[107.52,14.7]]]},"properties":{"name":"Vietnam","ISO3166-1-Alpha-3":"VNM","ISO3166-1-Alpha-2":"VN"}},{"type":"Feature","geometry":{"type":"Polygon","coordinates":[[[107.52,14.7],[107.41,14.54],[106.95,14.32],[106.79,14.32],[106.51,14.59],[105.97,14.33],[106.14,14.07],[105.87,13.94],[105.53,14.16],[105.35,14.11],[105.18,14.35],[104.77,14.44],[104.46,14.36],[104.25,14.4],[103.87,14.34],[103.55,14.42],[103.09,14.3],[102.51,13.57],[102.33,13.56],[102.33,13.28],[102.47,13.01],[102.56,12.63],[102.77,12.42],[102.7,12.14],[102.91,11.77],[102.91,11.65],[103.11,11.46],[103.1,10.93],[103.4,10.88],[103.47,11.13],[103.66,11.03],[103.62,10.5],[103.85,10.59],[104.29,10.54],[104.45,10.42],[104.55,10.52],[104.85,10.53],[105.07,10.75],[105.75,11.02],[105.86,10.84],[106.16,10.78],[106.06,11.09],[105.84,11.3],[105.85,11.55],[106.02,11.77],[106.29,11.67],[106.39,11.97],[106.7,11.97],[106.98,12.1],[107.15,12.28],[107.51,12.34],[107.57,12.61],[107.46,13.02],[107.61,13.37],[107.6,13.54],[107.32,14.12],[107.52,14.7]]]},"properties":{"name":"Cambodia","ISO3166-1-Alpha-3":"KHM","ISO3166-1-Alpha-2":"KH"}},{"type":"Feature","geometry":{"type":"Polygon","coordinates":[[[6.12,50.12],[5.71,49.88],[5.79,49.54],[6.35,49.46],[6.5,49.79],[6.22,49.89],[6.12,50.12]]]},"properties":{"name":"Luxembourg","ISO3166-1-Alpha-3":"LUX","ISO3166-1-Alpha-2":"LU"}},{"type":"Feature","geometry":{"type":"Polygon","coordinates":[[[56.28,25.63],[56.15,25.67],[56.18,26.01],[56.08,26.06],[55.84,25.71],[55.52,25.54],[55.08,25.02],[54.71,24.8],[54.45,24.32],[54.12,24.14],[53.58,24.05],[52.67,24.14],[52.22,23.97],[51.81,24],[51.77,24.18],[51.57,24.26],[51.59,24.08],[52.54,22.95],[52.58,22.93],[54.13,22.74],[55.11,22.62],[55.19,22.7],[55.19,23],[55.54,23.77],[55.5,23.97],[56,24.08],[55.81,24.34],[55.79,24.86],[56.01,24.96],[56.12,24.74],[56.38,24.98],[56.37,25.53],[56.28,25.63]]]},"properties":{"name":"United Arab Emirates","ISO3166-1-Alpha-3":"ARE","ISO3166-1-Alpha-2":"AE"}},{"type":"Feature","geometry":{"type":"Polygon","coordinates":[[[2.52,51.09],[2.79,50.72],[3.15,50.77],[3.27,50.53],[3.76,50.35],[4.02,50.34],[4.21,50.06],[4.44,49.93],[4.79,49.97],[4.99,49.79],[5.4,49.6],[5.79,49.54],[5.71,49.88],[6.12,50.12],[6.34,50.37],[5.99,50.75],[5.64,50.82],[5.84,51.14],[5.47,51.29],[5.22,51.26],[4.73,51.49],[4.26,51.37],[4.22,51.37],[3.93,51.21],[3.35,51.38],[2.52,51.09]]]},"properties":{"name":"Belgium","ISO3166-1-Alpha-3":"BEL","ISO3166-1-Alpha-2":"BE"}},{"type":"Feature","geometry":{"type":"Polygon","coordinates":[[[39.99,43.39],[40.34,43.14],[40.86,43.06],[41.15,42.8],[41.5,42.64],[41.77,41.82],[41.52,41.51],[42.44,41.43],[42.57,41.57],[42.96,41.44],[43.23,41.17],[43.44,41.11],[43.73,41.11],[44.19,41.23],[44.55,41.18],[45,41.29],[45.25,41.44],[45.46,41.43],[45.97,41.17],[46.21,41.2],[46.5,41.04],[46.69,41.27],[46.19,41.61],[46.43,41.89],[45.95,42.02],[45.62,42.22],[45.7,42.51],[45.36,42.52],[45.18,42.67],[44.86,42.76],[44.27,42.7],[43.94,42.55],[43.8,42.75],[43.19,42.93],[42.75,43.18],[41.55,43.23],[41.01,43.38],[40.65,43.54],[40.23,43.58],[39.99,43.39]]]},"properties":{"name":"Georgia","ISO3166-1-Alpha-3":"GEO","ISO3166-1-Alpha-2":"GE"}},{"type":"Feature","geometry":{"type":"Polygon","coordinates":[[[20.57,41.87],[20.44,41.55],[20.48,41.32],[20.7,40.94],[20.97,40.85],[21.58,40.87],[21.91,41.1],[22.73,41.17],[22.92,41.34],[23.01,41.72],[22.84,42.01],[22.53,42.13],[22.35,42.31],[21.94,42.33],[21.56,42.25],[21.1,42.2],[20.77,42.06],[20.57,41.87]]]},"properties":{"name":"North Macedonia","ISO3166-1-Alpha-3":"MKD","ISO3166-1-Alpha-2":"MK"}},{"type":"Feature","geometry":{"type":"Polygon","coordinates":[[[20.57,41.87],[20.5,42.21],[20.25,42.32],[20.06,42.55],[19.82,42.47],[19.61,42.58],[19.27,42.18],[19.37,41.85],[19.59,41.82],[19.41,41.38],[19.52,41.26],[19.31,40.64],[19.48,40.45],[19.48,40.21],[19.86,40.05],[20,39.69],[20.2,39.64],[20.43,40.06],[20.64,40.09],[20.83,40.46],[21.04,40.64],[20.97,40.85],[20.7,40.94],[20.48,41.32],[20.44,41.55],[20.57,41.87]]]},"properties":{"name":"Albania","ISO3166-1-Alpha-3":"ALB","ISO3166-1-Alpha-2":"AL"}},{"type":"Feature","geometry":{"type":"MultiPolygon","coordinates":[[[[45,41.29],[45.22,41.01],[45.56,40.78],[45.37,40.68],[45.53,40.44],[45.98,40.22],[45.86,39.8],[46.21,39.59],[46.6,39.23],[46.51,38.88],[46.87,39.17],[47.85,39.69],[48.05,39.65],[48.34,39.38],[48.12,39.3],[48.31,39.05],[48.06,38.95],[48.21,38.73],[48.61,38.4],[48.87,38.43],[48.86,38.76],[48.97,39.18],[49.19,39.02],[49.32,39.62],[49.58,40.22],[49.89,40.37],[50.05,40.58],[49.59,40.63],[49.54,40.79],[49.2,41.06],[49.04,41.41],[48.58,41.85],[48.37,41.58],[48.05,41.46],[47.87,41.21],[47.27,41.3],[46.75,41.84],[46.43,41.89],[46.19,41.61],[46.69,41.27],[46.5,41.04],[46.21,41.2],[45.97,41.17],[45.46,41.43],[45.25,41.44],[45,41.29]]],[[[46.14,38.86],[45.77,39.35],[45.17,39.57],[45.03,39.77],[44.77,39.7],[44.81,39.64],[45.44,39],[46.14,38.86]]]]},"properties":{"name":"Azerbaijan","ISO3166-1-Alpha-3":"AZE","ISO3166-1-Alpha-2":"AZ"}},{"type":"Feature","geometry":{"type":"Polygon","coordinates":[[[20.06,42.55],[20.25,42.32],[20.5,42.21],[20.57,41.87],[20.77,42.06],[21.1,42.2],[21.56,42.25],[21.74,42.68],[21.38,42.74],[21.09,43.09],[20.84,43.17],[20.35,42.83],[20.08,42.77],[20.06,42.55]]]},"properties":{"name":"Kosovo","ISO3166-1-Alpha-3":"-99","ISO3166-1-Alpha-2":"-99"}},{"type":"Feature","geometry":{"type":"MultiPolygon","coordinates":[[[[43.44,41.11],[43.23,41.17],[42.96,41.44],[42.57,41.57],[42.44,41.43],[41.52,41.51],[41.39,41.38],[40.7,41.1],[40.14,40.92],[39.59,41.03],[38.93,41.04],[38.33,40.92],[37.5,41.04],[37.04,41.18],[36.62,41.38],[36.45,41.24],[35.89,41.71],[35.53,41.63],[35.22,41.76],[35.1,42.02],[34.69,41.95],[33.32,42.02],[32.26,41.72],[32.13,41.6],[31.4,41.32],[31.25,41.11],[30.83,41.08],[30.27,41.21],[29.88,41.15],[29.23,41.24],[29.03,40.98],[29.26,40.87],[29.28,40.67],[28.99,40.64],[28.64,40.37],[28.11,40.4],[27.45,40.32],[27.3,40.46],[26.74,40.4],[26.15,39.94],[26.15,39.46],[26.89,39.58],[26.67,39.31],[27.01,38.87],[26.72,38.72],[26.94,38.43],[26.27,38.29],[26.61,38.11],[27.24,37.99],[27.19,37.36],[27.26,36.96],[27.99,37.04],[28.11,36.6],[28.42,36.83],[28.6,36.73],[29.1,36.67],[29.12,36.42],[29.32,36.25],[29.8,36.15],[30.25,36.31],[30.44,36.24],[30.69,36.89],[31.34,36.81],[32.03,36.54],[32.37,36.18],[32.67,36.05],[33.54,36.14],[34.08,36.33],[34.08,36.41],[34.55,36.77],[34.77,36.82],[35.35,36.54],[35.61,36.74],[36.02,36.93],[36.19,36.6],[35.79,36.32],[35.98,36.02],[35.91,35.92],[36.14,35.82],[36.36,36.02],[36.36,36.18],[36.59,36.32],[36.54,36.49],[36.66,36.83],[37.01,36.64],[37.45,36.63],[38.19,36.91],[38.66,36.72],[39.24,36.66],[39.77,36.74],[40.71,37.1],[41.48,37.08],[42.01,37.18],[42.36,37.11],[42.56,37.15],[42.77,37.37],[43.08,37.37],[43.48,37.24],[44.22,37.25],[44.23,36.98],[44.58,37.17],[44.77,37.14],[44.8,37.29],[44.57,37.45],[44.6,37.72],[44.22,37.88],[44.42,38.38],[44.29,38.38],[44.28,38.84],[44.14,38.99],[44.06,39.4],[44.4,39.43],[44.46,39.7],[44.81,39.64],[44.77,39.7],[44.46,39.97],[44.03,40.01],[43.72,40.17],[43.59,40.35],[43.73,40.68],[43.44,41.11]]],[[[28.02,41.97],[27.53,41.91],[27.27,42.09],[26.62,41.97],[26.33,41.71],[26.6,41.6],[26.64,41.38],[26.33,41.25],[26.36,40.96],[26.04,40.74],[26.08,40.61],[26.79,40.66],[26.22,40.33],[26.38,40.15],[26.68,40.46],[27.18,40.63],[27.52,40.99],[27.94,40.97],[28.24,41.09],[28.63,40.97],[28.98,41],[29.11,41.24],[28.38,41.45],[28.11,41.61],[28.02,41.97]]]]},"properties":{"name":"Turkey","ISO3166-1-Alpha-3":"TUR","ISO3166-1-Alpha-2":"TR"}},{"type":"Feature","geometry":{"type":"MultiPolygon","coordinates":[[[[-1.79,43.39],[-2.37,43.32],[-2.76,43.45],[-3.11,43.35],[-3.55,43.52],[-4.19,43.41],[-4.73,43.42],[-5.42,43.56],[-6.22,43.6],[-7.23,43.57],[-7.37,43.68],[-8.06,43.71],[-8.51,43.33],[-8.84,43.34],[-9.22,43.16],[-9.07,42.6],[-8.82,42.57],[-8.75,41.97],[-8.22,42.15],[-8.05,41.82],[-7.72,41.9],[-7.25,41.86],[-7.15,41.99],[-6.66,41.93],[-6.56,41.67],[-6.21,41.57],[-6.82,41.05],[-6.86,40.44],[-7.04,40.18],[-6.88,40.01],[-7.04,39.69],[-7.56,39.68],[-7.31,39.46],[-7.17,39.11],[-6.97,39.01],[-7.27,38.74],[-7.36,38.45],[-7.02,38.02],[-7.27,37.95],[-7.53,37.57],[-7.41,37.19],[-7.03,37.21],[-6.5,36.96],[-6.04,36.19],[-5.61,36.01],[-5.36,36.14],[-5.34,36.14],[-5.19,36.41],[-4.72,36.49],[-4.43,36.71],[-3.6,36.74],[-3.42,36.7],[-2.58,36.81],[-2.07,36.78],[-1.9,36.95],[-1.67,37.36],[-1.32,37.56],[-0.93,37.56],[-0.65,37.99],[-0.61,38.18],[-0.33,38.47],[-0.09,38.54],[0.23,38.76],[-0.21,39.08],[-0.32,39.52],[-0.19,39.72],[0.99,41.04],[2.06,41.27],[2.3,41.47],[3.15,41.85],[3.18,42.43],[2.93,42.47],[2.46,42.34],[2.05,42.35],[1.71,42.5],[1.45,42.43],[1.43,42.6],[1.32,42.71],[0.66,42.84],[0.61,42.69],[-0.04,42.69],[-0.31,42.83],[-0.56,42.77],[-0.76,42.95],[-1.27,43.05],[-1.4,43.24],[-1.79,43.39]]],[[[-15.39,28.03],[-15.71,28.17],[-15.79,27.84],[-15.58,27.73],[-15.38,27.85],[-15.39,28.03]]],[[[-16.43,28.15],[-16.51,28.42],[-16.92,28.35],[-16.68,28],[-16.43,28.15]]],[[[-13.97,28.74],[-14.15,28.42],[-13.85,28.4],[-13.84,28.72],[-13.97,28.74]]],[[[3.35,39.78],[2.93,39.91],[2.36,39.61],[2.49,39.47],[3.06,39.27],[3.22,39.36],[3.47,39.74],[3.35,39.78]]]]},"properties":{"name":"Spain","ISO3166-1-Alpha-3":"ESP","ISO3166-1-Alpha-2":"ES"}},{"type":"Feature","geometry":{"type":"Polygon","coordinates":[[[102.12,22.4],[101.65,22.45],[101.52,22.23],[101.75,21.81],[101.72,21.3],[101.28,21.17],[101.16,21.55],[100.73,21.31],[100.52,20.89],[100.21,20.7],[100.1,20.32],[100.36,20.37],[100.54,20.07],[100.38,19.76],[100.46,19.54],[100.75,19.49],[100.87,19.61],[101.19,19.45],[101.24,18.67],[101.03,18.43],[101.15,18.34],[101.17,18.05],[101.01,17.9],[100.9,17.56],[101.13,17.46],[101.58,17.87],[101.73,17.91],[102.08,18.21],[102.6,17.85],[103.04,17.99],[103.26,18.4],[103.4,18.44],[104,18.32],[104.48,17.64],[104.82,17.37],[104.75,17.02],[104.75,16.53],[105.02,16.28],[105.04,16.14],[105.4,16.02],[105.45,15.76],[105.65,15.63],[105.56,15.27],[105.44,15.13],[105.58,14.98],[105.42,14.43],[105.18,14.35],[105.35,14.11],[105.53,14.16],[105.87,13.94],[106.14,14.07],[105.97,14.33],[106.51,14.59],[106.79,14.32],[106.95,14.32],[107.41,14.54],[107.52,14.7],[107.66,15.28],[107.37,15.5],[107.16,15.76],[107.39,15.94],[107.12,16.25],[106.66,16.47],[106.42,16.99],[105.74,17.66],[105.48,18.13],[105.16,18.32],[105.11,18.7],[104.72,18.79],[104.15,19.18],[103.86,19.32],[104.09,19.48],[104.23,19.71],[104.51,19.6],[104.81,19.79],[104.95,20.01],[104.91,20.18],[104.54,20.54],[104.6,20.66],[104.3,20.88],[104.06,20.96],[103.78,20.83],[103.67,20.66],[103.43,20.82],[103.12,20.87],[102.89,21.23],[102.95,21.74],[102.65,21.66],[102.59,21.9],[102.23,22.23],[102.12,22.4]]]},"properties":{"name":"Laos","ISO3166-1-Alpha-3":"LAO","ISO3166-1-Alpha-2":"LA"}},{"type":"Feature","geometry":{"type":"Polygon","coordinates":[[[80.21,42.19],[79.92,42.42],[79.48,42.45],[79.03,42.76],[78.5,42.88],[77.16,42.92],[75.77,42.93],[75.65,42.81],[75.18,42.85],[74.71,43],[74.26,43.22],[73.63,43.06],[73.41,42.59],[72.84,42.56],[72.73,42.65],[71.85,42.83],[71.4,42.79],[71,42.56],[70.95,42.25],[70.83,41.94],[70.17,41.58],[70.76,41.27],[71.28,41.11],[71.59,41.32],[72.17,41.17],[72.62,40.88],[73,40.87],[72.37,40.39],[72.1,40.43],[71.67,40.15],[71.37,40.29],[70.96,40.24],[70.63,39.99],[69.97,40.21],[69.31,39.99],[69.29,39.54],[69.67,39.58],[70.21,39.52],[70.62,39.56],[70.74,39.39],[71.01,39.41],[71.46,39.61],[71.74,39.45],[72.32,39.33],[72.65,39.39],[73.17,39.36],[73.63,39.45],[73.93,39.59],[73.82,39.81],[74,40.06],[74.37,40.11],[74.84,40.51],[75.19,40.44],[75.56,40.63],[75.68,40.29],[76.24,40.44],[76.45,40.42],[76.86,41.01],[77.47,40.98],[78.07,41.04],[78.36,41.38],[79.3,41.79],[79.75,41.88],[79.84,42],[80.18,42.02],[80.21,42.19]]]},"properties":{"name":"Kyrgyzstan","ISO3166-1-Alpha-3":"KGZ","ISO3166-1-Alpha-2":"KG"}},{"type":"Feature","geometry":{"type":"Polygon","coordinates":[[[45,41.29],[44.55,41.18],[44.19,41.23],[43.73,41.11],[43.44,41.11],[43.73,40.68],[43.59,40.35],[43.72,40.17],[44.03,40.01],[44.46,39.97],[44.77,39.7],[45.03,39.77],[45.17,39.57],[45.77,39.35],[46.14,38.86],[46.51,38.88],[46.6,39.23],[46.21,39.59],[45.86,39.8],[45.98,40.22],[45.53,40.44],[45.37,40.68],[45.56,40.78],[45.22,41.01],[45,41.29]]]},"properties":{"name":"Armenia","ISO3166-1-Alpha-3":"ARM","ISO3166-1-Alpha-2":"AM"}},{"type":"Feature","geometry":{"type":"MultiPolygon","coordinates":[[[[8.66,54.9],[9.44,54.81],[9.74,54.98],[9.49,55.16],[9.59,55.43],[10.25,55.91],[10.38,56.2],[10.75,56.22],[10.96,56.45],[10.36,56.56],[10.27,56.91],[10.54,57.24],[10.43,57.57],[9.97,57.59],[9.41,57.17],[9.11,57.04],[8.6,56.5],[8.12,56.55],[8.11,56.12],[8.39,55.93],[8.19,55.81],[8.29,55.58],[8.62,55.44],[8.66,54.9]]],[[[11.85,54.73],[11.73,54.87],[11.02,54.9],[11.03,54.76],[11.45,54.63],[11.85,54.73]]],[[[10.67,55.06],[10.83,55.31],[10.31,55.62],[9.89,55.51],[9.88,55.25],[10.31,55.06],[10.67,55.06]]],[[[12.04,54.89],[12.05,55.14],[12.39,55.26],[12.25,55.55],[12.6,55.71],[12.25,56.13],[11.76,55.75],[11.64,55.94],[11.07,55.68],[11.25,55.21],[11.65,55.18],[12.04,54.89]]]]},"properties":{"name":"Denmark","ISO3166-1-Alpha-3":"DNK","ISO3166-1-Alpha-2":"DK"}},{"type":"Feature","geometry":{"type":"Polygon","coordinates":[[[11.51,33.18],[11.44,32.37],[10.87,32.14],[10.61,31.95],[10.51,31.76],[10.26,31.68],[10.11,31.41],[10.27,30.92],[10.19,30.73],[9.87,30.36],[9.52,30.23],[9.29,30.12],[9.67,29.61],[9.83,29.13],[9.85,28.79],[9.78,28.27],[9.94,27.87],[9.72,27.29],[9.91,26.84],[9.84,26.5],[9.48,26.35],[9.4,26.11],[9.97,25.4],[10.03,24.86],[10.26,24.58],[10.45,24.48],[10.72,24.55],[11.57,24.27],[11.97,23.52],[13.48,23.18],[14.23,22.62],[14.98,23],[15.99,23.44],[17.43,22.73],[19.16,21.87],[20.52,21.2],[21.63,20.65],[23.24,19.86],[23.98,19.5],[23.98,20],[24.97,19.99],[24.98,22],[24.98,23.75],[24.98,25.21],[24.98,26.66],[24.98,27.67],[24.98,29.18],[24.87,29.47],[24.81,29.89],[24.69,30.14],[24.91,30.5],[24.99,30.79],[24.86,31.15],[24.86,31.38],[25.15,31.66],[24.98,31.97],[24.09,32.01],[23.67,32.18],[23.24,32.22],[23.1,32.32],[23.09,32.65],[22.1,32.92],[21.61,32.93],[21.45,32.81],[21.1,32.78],[20.56,32.56],[20.07,32.18],[19.92,31.72],[20.15,31.22],[20.04,30.82],[19.75,30.51],[19.34,30.3],[19.06,30.27],[18.65,30.42],[18.18,30.79],[17.37,31.09],[16.73,31.22],[16.04,31.28],[15.76,31.39],[15.49,31.66],[15.37,32.16],[15.2,32.39],[14.47,32.52],[14.18,32.72],[13.57,32.8],[13.35,32.9],[12.73,32.8],[12.35,32.83],[11.85,33.08],[11.51,33.18]]]},"properties":{"name":"Libya","ISO3166-1-Alpha-3":"LBY","ISO3166-1-Alpha-2":"LY"}},{"type":"Feature","geometry":{"type":"Polygon","coordinates":[[[11.51,33.18],[11.18,33.21],[11.11,33.55],[10.72,33.48],[10.72,33.71],[10.33,33.7],[10.05,33.98],[10.13,34.33],[10.6,34.54],[10.92,34.87],[11.11,35.21],[11.01,35.66],[10.61,35.86],[10.48,36.08],[10.52,36.34],[10.8,36.45],[11.12,36.84],[11.01,37.08],[10.54,36.77],[10.22,36.98],[10.15,37.24],[9.67,37.34],[9.21,37.23],[8.8,36.97],[8.6,36.94],[8.44,36.8],[8.24,35.83],[8.32,35.65],[8.31,35.1],[8.24,34.65],[7.83,34.41],[7.52,34.1],[7.48,33.89],[7.75,33.21],[8.09,33.09],[8.28,32.84],[8.32,32.56],[9.05,32.07],[9.52,30.23],[9.87,30.36],[10.19,30.73],[10.27,30.92],[10.11,31.41],[10.26,31.68],[10.51,31.76],[10.61,31.95],[10.87,32.14],[11.44,32.37],[11.51,33.18]]]},"properties":{"name":"Tunisia","ISO3166-1-Alpha-3":"TUN","ISO3166-1-Alpha-2":"TN"}},{"type":"Feature","geometry":{"type":"Polygon","coordinates":[[[22.88,47.95],[22.75,47.82],[22.26,47.72],[21.63,47.02],[21.48,46.68],[21.32,46.62],[21.16,46.32],[20.82,46.27],[20.66,46.14],[20.24,46.11],[20.71,45.73],[20.76,45.49],[20.98,45.33],[21.49,45.15],[21.37,44.86],[21.66,44.69],[22.32,44.69],[22.69,44.23],[22.92,43.83],[23.33,43.89],[24.16,43.75],[24.5,43.8],[25.36,43.65],[25.78,43.73],[26.15,44.01],[27.03,44.18],[27.38,44.02],[27.94,43.96],[28.22,43.76],[28.58,43.74],[28.67,44],[28.64,44.33],[28.84,44.49],[28.79,44.71],[29.61,44.85],[29.66,45.22],[29.32,45.44],[28.71,45.23],[28.33,45.32],[28.2,45.46],[28.09,46],[28.25,46.43],[28.23,46.66],[28.04,47.02],[27.81,47.14],[27.27,47.71],[27.05,48.12],[26.62,48.26],[26.3,48.21],[26.17,47.99],[25.26,47.9],[24.9,47.71],[24.56,47.94],[23.36,47.99],[22.88,47.95]]]},"properties":{"name":"Romania","ISO3166-1-Alpha-3":"ROU","ISO3166-1-Alpha-2":"RO"}},{"type":"Feature","geometry":{"type":"Polygon","coordinates":[[[22.88,47.95],[22.13,48.4],[21.73,48.34],[21.42,48.56],[21.11,48.49],[20.48,48.53],[20.27,48.25],[19.88,48.13],[19.62,48.23],[19.43,48.09],[18.84,48.04],[18.77,47.82],[17.83,47.75],[17.15,48.01],[17.05,47.7],[16.8,47.68],[16.42,47.35],[16.44,47.03],[16.09,46.86],[16.27,46.86],[16.52,46.5],[16.84,46.38],[17.35,45.96],[17.89,45.79],[18.41,45.74],[18.9,45.93],[19.26,45.98],[19.55,46.16],[20.24,46.11],[20.66,46.14],[20.82,46.27],[21.16,46.32],[21.32,46.62],[21.48,46.68],[21.63,47.02],[22.26,47.72],[22.75,47.82],[22.88,47.95]]]},"properties":{"name":"Hungary","ISO3166-1-Alpha-3":"HUN","ISO3166-1-Alpha-2":"HU"}},{"type":"Feature","geometry":{"type":"Polygon","coordinates":[[[22.54,49.07],[22.01,49.21],[21.82,49.38],[21.27,49.45],[20.94,49.3],[20.33,49.39],[20.07,49.18],[19.75,49.22],[19.44,49.6],[19.17,49.4],[18.83,49.51],[18.54,49.48],[18.19,49.28],[18.1,49.09],[17.54,48.81],[17.17,48.86],[16.95,48.6],[16.84,48.37],[17.15,48.01],[17.83,47.75],[18.77,47.82],[18.84,48.04],[19.43,48.09],[19.62,48.23],[19.88,48.13],[20.27,48.25],[20.48,48.53],[21.11,48.49],[21.42,48.56],[21.73,48.34],[22.13,48.4],[22.54,49.07]]]},"properties":{"name":"Slovakia","ISO3166-1-Alpha-3":"SVK","ISO3166-1-Alpha-2":"SK"}},{"type":"Feature","geometry":{"type":"Polygon","coordinates":[[[18.83,49.51],[19.17,49.4],[19.44,49.6],[19.75,49.22],[20.07,49.18],[20.33,49.39],[20.94,49.3],[21.27,49.45],[21.82,49.38],[22.01,49.21],[22.54,49.07],[22.74,49.05],[22.64,49.53],[23.1,49.96],[23.75,50.39],[24.11,50.54],[23.87,51.14],[23.61,51.52],[23.64,52.08],[23.17,52.29],[23.39,52.51],[23.87,52.67],[23.89,53.15],[23.59,53.61],[23.49,53.94],[23.43,54.17],[22.97,54.38],[22.77,54.36],[20.93,54.4],[19.61,54.46],[19,54.34],[18.59,54.43],[18.43,54.78],[17.89,54.82],[17.34,54.75],[16.57,54.56],[16.22,54.28],[15.86,54.25],[14.21,53.94],[14.2,53.88],[14.26,53.7],[14.41,53.27],[14.22,52.82],[14.64,52.58],[14.54,52.42],[14.76,52.08],[14.59,51.8],[14.73,51.52],[15.02,51.27],[14.81,50.86],[15.23,50.98],[15.35,50.78],[16.33,50.64],[16.33,50.37],[16.7,50.09],[17.19,50.38],[17.84,49.97],[18.09,50.02],[18.56,49.91],[18.83,49.51]]]},"properties":{"name":"Poland","ISO3166-1-Alpha-3":"POL","ISO3166-1-Alpha-2":"PL"}},{"type":"Feature","geometry":{"type":"Polygon","coordinates":[[[-7.25,55.07],[-6.94,55.24],[-7.33,55.37],[-7.81,55.2],[-8.26,55.16],[-8.6,54.62],[-8.12,54.65],[-8.49,54.29],[-9.21,54.27],[-9.79,54.34],[-9.99,54.21],[-9.84,53.96],[-10.03,53.39],[-9.27,53.15],[-9.58,52.57],[-9.85,52.43],[-9.84,52.25],[-10.28,52.27],[-10.23,51.85],[-9.77,51.59],[-9.11,51.55],[-8.54,51.65],[-7.59,51.99],[-7.44,52.13],[-6.37,52.18],[-6.45,52.36],[-6.21,52.55],[-6,52.96],[-6.09,53.58],[-6.22,53.65],[-6.27,54.1],[-6.64,54.17],[-7.05,54.41],[-7.31,54.11],[-7.84,54.2],[-8.16,54.44],[-7.91,54.66],[-7.55,54.75],[-7.25,55.07]]]},"properties":{"name":"Ireland","ISO3166-1-Alpha-3":"IRL","ISO3166-1-Alpha-2":"IE"}},{"type":"Feature","geometry":{"type":"MultiPolygon","coordinates":[[[[-7.25,55.07],[-7.55,54.75],[-7.91,54.66],[-8.16,54.44],[-7.84,54.2],[-7.31,54.11],[-7.05,54.41],[-6.64,54.17],[-6.27,54.1],[-5.61,54.26],[-5.43,54.47],[-5.54,54.66],[-6.06,55.07],[-6.48,55.25],[-7.25,55.07]]],[[[-2.67,51.62],[-3.06,51.21],[-3.77,51.25],[-4.15,51.21],[-4.79,50.6],[-5.44,50.19],[-5.21,49.97],[-4.75,50.33],[-4.22,50.42],[-3.65,50.23],[-3.47,50.59],[-2.86,50.73],[-1.98,50.6],[-1.95,50.71],[-1.32,50.8],[-0.81,50.73],[-0.17,50.83],[0.27,50.75],[1.36,51.13],[1.42,51.39],[0.98,51.35],[0.92,51.59],[1.58,52.08],[1.77,52.49],[1.64,52.78],[1.27,52.93],[0.57,52.97],[0.38,52.79],[0.02,52.91],[0.33,53.09],[0.13,53.64],[-0.56,54.48],[-1.28,54.75],[-1.57,55.29],[-1.63,55.59],[-2.15,55.92],[-2.96,56.21],[-2.22,56.87],[-1.98,57.32],[-1.76,57.47],[-2.11,57.7],[-2.43,57.67],[-3.49,57.71],[-3.84,57.59],[-4.03,57.95],[-3.22,58.31],[-3.2,58.66],[-4.38,58.52],[-4.99,58.63],[-5.31,58.24],[-5.29,57.98],[-5.81,57.84],[-5.81,57.35],[-5.6,57.28],[-5.74,56.89],[-6,56.62],[-5.67,56.5],[-5.52,56.17],[-5.7,55.92],[-5.58,55.76],[-4.98,55.87],[-4.62,55.5],[-5.17,55.01],[-4.86,54.87],[-3.96,54.77],[-3.39,54.88],[-3.63,54.51],[-3.02,53.93],[-2.95,53.71],[-3.06,53.43],[-3.56,53.29],[-4.15,53.23],[-4.36,53.03],[-4.13,52.89],[-4.05,52.54],[-4.2,52.28],[-4.51,52.14],[-5.29,51.92],[-4.94,51.6],[-4.65,51.73],[-4.27,51.55],[-3.97,51.56],[-3.54,51.4],[-2.67,51.62]]],[[[-6.56,57.35],[-6.32,57.16],[-6.02,57.2],[-6.15,57.59],[-6.71,57.51],[-6.56,57.35]]],[[[-6.96,57.74],[-6.35,58.04],[-6.35,58.46],[-7.13,58.12],[-6.96,57.74]]],[[[-1.1,60.42],[-1.67,60.24],[-1.26,60.12],[-1.1,60.42]]]]},"properties":{"name":"United Kingdom","ISO3166-1-Alpha-3":"GBR","ISO3166-1-Alpha-2":"GB"}},{"type":"Feature","geometry":{"type":"MultiPolygon","coordinates":[[[[20.97,40.85],[21.04,40.64],[20.83,40.46],[20.64,40.09],[20.43,40.06],[20.2,39.64],[20,39.69],[20.29,39.33],[20.69,39.07],[21.02,38.61],[21.16,38.3],[21.54,38.31],[21.99,38.41],[23.11,38.21],[22.87,37.94],[22.68,38.07],[22.23,38.19],[21.96,38.34],[21.33,38.02],[21.12,37.84],[21.55,37.56],[21.68,37.28],[21.57,37.16],[21.71,36.82],[22.15,37.02],[22.37,36.67],[22.77,36.8],[22.97,36.52],[23.1,36.81],[22.72,37.54],[23.17,37.61],[23.09,37.91],[23.45,38.02],[24.07,37.69],[23.95,38.29],[23.71,38.34],[23.2,38.68],[22.77,38.78],[23.02,39.01],[22.83,39.22],[23.1,39.5],[22.57,40.05],[22.71,40.51],[23.3,40.24],[23.87,40.41],[23.81,40.78],[24.11,40.73],[24.42,40.95],[24.8,40.85],[25.3,40.95],[25.92,40.85],[26.04,40.74],[26.36,40.96],[26.33,41.25],[26.64,41.38],[26.6,41.6],[26.33,41.71],[26.12,41.36],[25.29,41.24],[24.53,41.55],[24.05,41.53],[23.61,41.37],[22.92,41.34],[22.73,41.17],[21.91,41.1],[21.58,40.87],[20.97,40.85]]],[[[26.32,35.32],[25.83,35.12],[25.77,35.34],[25.48,35.3],[24.72,35.43],[24.34,35.35],[24.04,35.53],[23.57,35.43],[23.59,35.24],[24.4,35.19],[24.71,35.1],[24.74,34.93],[26.24,35.04],[26.32,35.32]]],[[[28.24,36.43],[27.9,36.34],[27.7,36.16],[27.78,35.89],[28.13,36.19],[28.24,36.43]]],[[[24.59,38.16],[24.33,38.19],[24.07,38.68],[23.86,38.68],[23.45,38.87],[23.2,38.83],[23.64,38.53],[24.05,38.39],[24.37,37.97],[24.59,38.16]]],[[[26.61,39.05],[26.34,39.38],[25.86,39.26],[25.89,39.14],[26.42,38.97],[26.61,39.05]]]]},"properties":{"name":"Greece","ISO3166-1-Alpha-3":"GRC","ISO3166-1-Alpha-2":"GR"}},{"type":"Feature","geometry":{"type":"Polygon","coordinates":[[[32.92,-9.41],[32.52,-9.26],[32.38,-9.13],[31.67,-8.91],[31.35,-8.59],[30.96,-8.55],[30.75,-8.19],[28.92,-8.47],[28.93,-8.68],[28.77,-8.93],[28.37,-9.24],[28.52,-9.38],[28.67,-9.82],[28.62,-9.95],[28.63,-10.52],[28.44,-11.35],[28.36,-11.45],[28.5,-11.86],[28.84,-12.09],[29.03,-12.38],[29.45,-12.34],[29.8,-12.15],[29.8,-13.42],[29.57,-13.23],[29.17,-13.43],[28.99,-13.4],[28.9,-13.16],[28.42,-12.52],[27.93,-12.3],[27.64,-12.29],[27.42,-11.92],[27.23,-11.81],[27.18,-11.57],[27.01,-11.61],[26.97,-11.87],[26.64,-11.99],[26.41,-11.91],[25.99,-11.9],[25.85,-11.79],[25.35,-11.65],[25.28,-11.2],[24.67,-11.34],[24.56,-11.44],[24.31,-11.41],[24.38,-11.12],[24.12,-11.04],[23.97,-10.87],[24.06,-11.39],[23.96,-11.62],[23.96,-12.2],[24.03,-12.39],[23.87,-12.79],[24,-13],[21.98,-13],[21.98,-14.36],[21.98,-16.17],[22.15,-16.6],[22.33,-16.67],[22.76,-17.15],[23.38,-17.64],[24.22,-17.48],[24.96,-17.55],[25.26,-17.79],[25.68,-17.81],[25.98,-18],[26.2,-17.89],[26.71,-18.07],[27.05,-17.94],[27.16,-17.77],[27.58,-17.36],[27.78,-17],[28.28,-16.71],[28.82,-16.47],[28.87,-16.09],[29.19,-15.81],[29.84,-15.61],[30.4,-15.64],[30.37,-15.37],[30.21,-14.98],[30.82,-14.77],[31.41,-14.63],[31.66,-14.52],[33.2,-14.01],[33.05,-14],[32.72,-13.57],[33,-13.19],[33.02,-12.61],[33.37,-12.52],[33.25,-12.07],[33.3,-11.61],[33.23,-11.42],[33.39,-11.16],[33.32,-10.82],[33.5,-10.77],[33.67,-10.58],[33.53,-10.23],[33.31,-10.01],[33.22,-9.73],[32.97,-9.6],[32.92,-9.41]]]},"properties":{"name":"Zambia","ISO3166-1-Alpha-3":"ZMB","ISO3166-1-Alpha-2":"ZM"}},{"type":"Feature","geometry":{"type":"Polygon","coordinates":[[[-10.28,8.48],[-10.52,8.33],[-10.64,8.52],[-10.48,8.67],[-10.6,8.82],[-10.68,9.31],[-10.85,9.46],[-11.01,9.74],[-11.27,10],[-11.91,9.99],[-12.14,9.87],[-12.51,9.86],[-12.7,9.42],[-12.96,9.27],[-13.03,9.1],[-13.3,9.04],[-13.14,8.43],[-12.98,8.24],[-12.88,7.83],[-12.53,7.69],[-12.51,7.39],[-11.84,7.15],[-11.48,6.92],[-11.37,7.14],[-10.62,7.77],[-10.62,8.01],[-10.36,8.15],[-10.28,8.48]]]},"properties":{"name":"Sierra Leone","ISO3166-1-Alpha-3":"SLE","ISO3166-1-Alpha-2":"SL"}},{"type":"Feature","geometry":{"type":"Polygon","coordinates":[[[-13.3,9.04],[-13.03,9.1],[-12.96,9.27],[-12.7,9.42],[-12.51,9.86],[-12.14,9.87],[-11.91,9.99],[-11.27,10],[-11.01,9.74],[-10.85,9.46],[-10.68,9.31],[-10.6,8.82],[-10.48,8.67],[-10.64,8.52],[-10.52,8.33],[-10.28,8.48],[-9.68,8.49],[-9.42,8.02],[-9.35,7.62],[-9.44,7.42],[-9.12,7.24],[-8.93,7.25],[-8.73,7.51],[-8.49,7.56],[-8.23,7.54],[-8.02,8.12],[-8.27,8.25],[-8.2,8.49],[-7.97,8.5],[-7.77,8.39],[-7.69,8.61],[-7.96,8.78],[-7.87,9.41],[-8.09,9.42],[-8.16,9.58],[-8.17,9.94],[-7.99,10.16],[-8.02,10.34],[-8.3,10.54],[-8.31,11],[-8.51,11.05],[-8.53,11.42],[-8.85,11.66],[-8.8,11.91],[-8.93,12.06],[-8.99,12.39],[-9.31,12.35],[-9.63,12.17],[-9.72,12.03],[-10.27,12.22],[-10.71,11.89],[-10.91,12.2],[-11.19,12.01],[-11.51,12.19],[-11.39,12.4],[-12.08,12.41],[-12.36,12.31],[-12.77,12.44],[-13.08,12.64],[-13.73,12.67],[-13.73,11.71],[-14.02,11.64],[-14.28,11.67],[-14.69,11.51],[-15.02,10.97],[-14.75,10.82],[-14.46,10.33],[-14.15,10.06],[-13.62,9.72],[-13.56,9.51],[-13.32,9.35],[-13.3,9.04]]]},"properties":{"name":"Guinea","ISO3166-1-Alpha-3":"GIN","ISO3166-1-Alpha-2":"GN"}},{"type":"Feature","geometry":{"type":"Polygon","coordinates":[[[-11.48,6.92],[-11.35,6.7],[-10.82,6.44],[-10.79,6.29],[-10.4,6.18],[-9.5,5.39],[-9.28,5.15],[-8.26,4.58],[-7.54,4.35],[-7.61,4.9],[-7.39,5.52],[-7.45,5.85],[-7.8,5.97],[-7.93,6.27],[-8.39,6.36],[-8.57,6.55],[-8.35,6.76],[-8.28,7.02],[-8.49,7.56],[-8.73,7.51],[-8.93,7.25],[-9.12,7.24],[-9.44,7.42],[-9.35,7.62],[-9.42,8.02],[-9.68,8.49],[-10.28,8.48],[-10.36,8.15],[-10.62,8.01],[-10.62,7.77],[-11.37,7.14],[-11.48,6.92]]]},"properties":{"name":"Liberia","ISO3166-1-Alpha-3":"LBR","ISO3166-1-Alpha-2":"LR"}},{"type":"Feature","geometry":{"type":"Polygon","coordinates":[[[22.86,10.92],[22.46,11],[22.18,10.82],[21.72,10.64],[21.75,10.41],[21.66,10.23],[21.26,9.98],[20.83,9.42],[20.5,9.27],[20.36,9.12],[20.07,9.14],[19.89,9.05],[19.1,9.02],[18.89,8.9],[19.12,8.68],[18.59,8.05],[17.68,7.99],[17.25,7.82],[17.1,7.68],[16.77,7.55],[16.55,7.87],[16.37,7.67],[15.79,7.46],[15.48,7.52],[15.22,7.25],[15.04,6.79],[14.93,6.71],[14.72,6.26],[14.4,6.02],[14.58,5.92],[14.63,5.74],[14.52,5.28],[14.66,5.14],[14.72,4.62],[15,4.4],[15.17,3.76],[15.79,3.11],[15.91,3.1],[16.09,2.86],[16.09,2.51],[16.2,2.24],[16.48,2.84],[16.57,3.46],[17.33,3.62],[17.46,3.71],[17.86,3.54],[18.51,3.59],[18.63,3.48],[18.65,3.98],[18.54,4.31],[18.72,4.38],[19.08,4.91],[19.41,5.13],[19.72,5.14],[20.34,4.77],[20.6,4.41],[20.87,4.45],[21.54,4.24],[21.72,4.3],[22.21,4.15],[22.49,4.17],[22.79,4.72],[22.9,4.82],[23.39,4.59],[23.57,4.72],[24.16,4.91],[24.46,5.11],[24.66,4.92],[25.31,5.03],[25.36,5.31],[25.58,5.37],[26.03,5.19],[26.13,5.26],[26.46,5.06],[27.12,5.2],[27.44,5.07],[27.3,5.21],[27.17,5.72],[26.71,6.01],[26.53,6.04],[26.45,6.28],[26.29,6.39],[26.38,6.65],[26.08,6.84],[26.03,7],[25.36,7.34],[25.19,7.5],[25.28,7.66],[24.83,8.17],[24.13,8.34],[24.24,8.57],[24.17,8.69],[23.72,8.7],[23.48,8.78],[23.46,9.15],[23.63,9.28],[23.67,9.69],[23.62,9.91],[23.29,10.44],[23.01,10.69],[22.86,10.92]]]},"properties":{"name":"Central African Republic","ISO3166-1-Alpha-3":"CAF","ISO3166-1-Alpha-2":"CF"}},{"type":"Feature","geometry":{"type":"Polygon","coordinates":[[[22.86,10.92],[23.01,10.69],[23.29,10.44],[23.62,9.91],[23.67,9.69],[23.63,9.28],[23.46,9.15],[23.48,8.78],[23.72,8.7],[24.17,8.69],[24.56,8.89],[24.68,9.37],[24.79,9.53],[24.79,9.8],[24.98,9.97],[25.08,10.29],[25.84,10.42],[25.9,10.19],[26.18,9.96],[26.56,9.52],[26.69,9.48],[27.08,9.61],[27.9,9.6],[28.05,9.33],[28.84,9.32],[29.01,9.6],[29.48,9.76],[29.62,10.06],[30.01,10.27],[30.48,9.97],[30.75,9.74],[31.23,9.79],[31.66,10.21],[31.94,10.66],[32.41,11.05],[32.35,11.71],[32.08,12],[32.75,12],[32.73,12.22],[33.21,12.21],[33.08,11.58],[33.18,10.84],[33.9,10.19],[33.97,9.84],[33.9,9.46],[34.07,9.45],[34.1,9.68],[34.32,10.27],[34.28,10.57],[34.59,10.88],[34.84,10.73],[34.93,10.85],[34.95,11.27],[35.07,11.55],[35.05,11.77],[35.22,11.9],[35.62,12.58],[35.73,12.67],[36.12,12.72],[36.11,12.93],[36.23,13.36],[36.38,13.57],[36.53,14.26],[36.42,15.11],[36.52,15.25],[36.67,15.72],[36.94,16.25],[36.88,16.53],[36.98,16.77],[37,17.07],[37.4,17.03],[37.51,17.32],[38.34,17.66],[38.6,18],[38.54,18.12],[38.15,18.25],[37.93,18.59],[37.43,18.86],[37.24,19.66],[37.18,20.35],[37.23,20.57],[37.15,21.17],[36.9,21.68],[36.88,22],[35.49,22],[34.08,22],[33.87,21.75],[33.56,21.71],[33.18,22],[31.25,21.99],[29.46,21.99],[28.29,21.99],[26.34,22],[24.98,22],[24.97,19.99],[23.98,20],[23.98,19.5],[23.98,17.87],[23.98,15.72],[23.59,15.75],[23.09,15.7],[22.93,15.56],[22.97,15.22],[22.74,14.98],[22.67,14.68],[22.47,14.63],[22.44,14.25],[22.53,14.12],[22.24,13.98],[22.07,13.77],[22.27,13.33],[21.94,13.06],[21.81,12.79],[21.94,12.64],[22.2,12.74],[22.45,12.61],[22.37,12.46],[22.59,11.99],[22.54,11.68],[22.63,11.51],[22.91,11.4],[22.96,11.21],[22.86,10.92]]]},"properties":{"name":"Sudan","ISO3166-1-Alpha-3":"SDN","ISO3166-1-Alpha-2":"SD"}},{"type":"Feature","geometry":{"type":"Polygon","coordinates":[[[43.24,11.49],[43.04,11.8],[43.38,12],[43.41,12.24],[43.12,12.71],[42.85,12.61],[42.68,12.36],[42.38,12.47],[41.75,11.54],[41.8,10.97],[42.39,11.01],[42.62,11.09],[42.92,11],[43.24,11.49]]]},"properties":{"name":"Djibouti","ISO3166-1-Alpha-3":"DJI","ISO3166-1-Alpha-2":"DJ"}},{"type":"Feature","geometry":{"type":"Polygon","coordinates":[[[43.12,12.71],[43.09,12.82],[42.77,12.86],[42.52,13.24],[42.38,13.22],[42.29,13.57],[41.98,13.84],[41.68,13.94],[41.16,14.64],[40.81,14.7],[40.55,14.99],[40.16,14.98],[39.88,15.5],[39.72,15.26],[39.24,16.11],[39.16,16.63],[38.93,17.4],[38.6,18],[38.34,17.66],[37.51,17.32],[37.4,17.03],[37,17.07],[36.98,16.77],[36.88,16.53],[36.94,16.25],[36.67,15.72],[36.52,15.25],[36.42,15.11],[36.53,14.26],[36.75,14.33],[37.07,14.29],[37.29,14.46],[37.56,14.12],[37.89,14.88],[38.01,14.72],[38.23,14.68],[38.43,14.42],[38.87,14.49],[39.08,14.64],[39.21,14.44],[39.49,14.52],[39.91,14.42],[40.1,14.47],[40.42,14.27],[40.83,14.11],[41.19,13.62],[41.71,13.25],[41.95,12.88],[42.14,12.77],[42.38,12.47],[42.68,12.36],[42.85,12.61],[43.12,12.71]]]},"properties":{"name":"Eritrea","ISO3166-1-Alpha-3":"ERI","ISO3166-1-Alpha-2":"ER"}},{"type":"Feature","geometry":{"type":"Polygon","coordinates":[[[16.95,48.6],[16.87,48.72],[16.44,48.79],[16.03,48.76],[15.26,48.98],[14.98,49.01],[14.92,48.76],[14.7,48.59],[14.07,48.59],[13.82,48.77],[13.71,48.52],[12.75,48.12],[12.99,47.85],[12.74,47.67],[11.62,47.59],[11.08,47.39],[10.61,47.56],[10.31,47.3],[9.95,47.52],[9.55,47.53],[9.52,47.26],[9.58,47.06],[10.11,46.85],[10.45,46.86],[11,46.77],[11.31,46.99],[12.11,46.99],[12.41,46.69],[13.23,46.55],[13.7,46.52],[14.5,46.42],[15.06,46.65],[15.46,46.61],[15.97,46.74],[16.09,46.86],[16.44,47.03],[16.42,47.35],[16.8,47.68],[17.05,47.7],[17.15,48.01],[16.84,48.37],[16.95,48.6]]]},"properties":{"name":"Austria","ISO3166-1-Alpha-3":"AUT","ISO3166-1-Alpha-2":"AT"}},{"type":"Feature","geometry":{"type":"Polygon","coordinates":[[[44.77,37.14],[44.58,37.17],[44.23,36.98],[44.22,37.25],[43.48,37.24],[43.08,37.37],[42.77,37.37],[42.56,37.15],[42.36,37.11],[41.84,36.62],[41.41,36.53],[41.28,36.35],[41.24,36.04],[41.36,35.66],[41.19,35.18],[41.2,34.77],[40.99,34.43],[40.69,34.33],[38.77,33.37],[39.15,32.12],[40.42,31.92],[42.08,31.08],[42.86,30.49],[44.69,29.2],[46.36,29.06],[46.53,29.1],[46.85,29.44],[47.11,29.96],[47.36,30.09],[47.67,30.1],[47.95,29.99],[48.53,29.96],[48.4,30.22],[48.01,30.46],[48.02,30.98],[47.67,30.99],[47.68,31.41],[47.83,31.76],[47.4,32.34],[47.12,32.46],[46.72,32.76],[46.27,32.96],[46.16,33.26],[45.89,33.63],[45.66,33.68],[45.42,33.99],[45.53,34.13],[45.45,34.36],[45.5,34.59],[45.84,34.89],[45.86,35.02],[46.17,35.19],[45.96,35.49],[46.06,35.86],[45.81,35.81],[45.35,36.09],[45.24,36.4],[44.99,36.53],[44.83,36.79],[44.77,37.14]]]},"properties":{"name":"Iraq","ISO3166-1-Alpha-3":"IRQ","ISO3166-1-Alpha-2":"IQ"}},{"type":"Feature","geometry":{"type":"MultiPolygon","coordinates":[[[[7.02,45.93],[6.8,45.83],[7.06,45.22],[6.6,45.1],[7.02,44.74],[6.84,44.5],[7.03,44.24],[7.69,44.08],[7.5,43.79],[7.96,43.85],[8.47,44.3],[8.76,44.43],[9.23,44.35],[9.77,44.08],[10.11,44.02],[10.26,43.81],[10.33,43.48],[10.55,43.15],[10.5,42.94],[10.99,42.71],[11.19,42.52],[11.66,42.28],[11.83,42.03],[12.15,41.9],[12.24,41.74],[12.62,41.46],[12.89,41.4],[13.04,41.23],[13.32,41.29],[13.72,41.25],[14.05,40.84],[14.29,40.84],[14.54,40.61],[14.75,40.68],[15,40.4],[14.91,40.24],[15.41,39.99],[15.61,40.07],[16,39.44],[16.08,39.08],[16.22,38.9],[16.12,38.72],[15.84,38.66],[15.9,38.47],[15.65,38.24],[15.67,37.97],[16.09,37.95],[16.17,38.14],[16.57,38.43],[16.54,38.72],[16.84,38.92],[17.13,38.93],[17.16,39.41],[16.52,39.69],[16.6,40.08],[17.05,40.52],[17.51,40.3],[17.85,40.29],[18.01,39.99],[18.38,39.81],[18.52,40.11],[18.44,40.27],[18.01,40.65],[17.48,40.83],[17.06,41.08],[16.59,41.21],[16.02,41.43],[15.93,41.64],[16.19,41.79],[16.03,41.94],[15.12,41.93],[14.74,42.08],[14.08,42.6],[13.62,43.53],[12.71,43.98],[12.37,44.25],[12.25,44.75],[12.38,45.04],[12.27,45.46],[12.49,45.46],[13.13,45.77],[13.73,45.7],[13.71,45.59],[13.78,45.74],[13.58,45.81],[13.62,45.97],[13.37,46.29],[13.7,46.52],[13.23,46.55],[12.41,46.69],[12.11,46.99],[11.31,46.99],[11,46.77],[10.45,46.86],[10.13,46.41],[9.67,46.29],[9.26,46.49],[9.22,46.23],[9,46.04],[8.6,46.12],[8.43,46.25],[7.83,45.91],[7.54,45.98],[7.02,45.93]],[[12.43,43.89],[12.39,43.92],[12.42,43.97],[12.49,43.94],[12.43,43.89]]],[[[15.53,38.3],[15.09,38.13],[14.91,38.19],[14.27,38.02],[13.79,37.97],[13.31,38.22],[12.9,38.03],[12.73,38.13],[12.5,38.01],[12.43,37.8],[12.7,37.56],[12.94,37.57],[13.89,37.1],[14.28,37.04],[14.49,36.79],[15.07,36.66],[15.17,36.94],[15.33,37.03],[15.11,37.32],[15.21,37.75],[15.5,38.08],[15.53,38.3]]],[[[9.79,40.56],[9.57,40.91],[9.55,41.12],[9.23,41.26],[8.76,40.91],[8.31,40.85],[8.13,40.73],[8.46,40.31],[8.56,39.85],[8.39,39.47],[8.37,39.23],[8.64,38.89],[9.02,39],[9.08,39.21],[9.56,39.14],[9.73,40.08],[9.63,40.26],[9.79,40.56]]]]},"properties":{"name":"Italy","ISO3166-1-Alpha-3":"ITA","ISO3166-1-Alpha-2":"IT"}},{"type":"Feature","geometry":{"type":"Polygon","coordinates":[[[10.45,46.86],[10.11,46.85],[9.58,47.06],[9.48,47.18],[9.52,47.26],[9.55,47.53],[9.27,47.65],[8.91,47.65],[8.56,47.8],[8.09,47.57],[7.59,47.58],[7.04,47.34],[6.43,46.76],[6.06,46.47],[6.21,46.32],[6.48,46.45],[6.76,46.43],[7.02,45.93],[7.54,45.98],[7.83,45.91],[8.43,46.25],[8.6,46.12],[9,46.04],[9.22,46.23],[9.26,46.49],[9.67,46.29],[10.13,46.41],[10.45,46.86]]]},"properties":{"name":"Switzerland","ISO3166-1-Alpha-3":"CHE","ISO3166-1-Alpha-2":"CH"}},{"type":"Feature","geometry":{"type":"Polygon","coordinates":[[[44.81,39.64],[44.46,39.7],[44.4,39.43],[44.06,39.4],[44.14,38.99],[44.28,38.84],[44.29,38.38],[44.42,38.38],[44.22,37.88],[44.6,37.72],[44.57,37.45],[44.8,37.29],[44.77,37.14],[44.83,36.79],[44.99,36.53],[45.24,36.4],[45.35,36.09],[45.81,35.81],[46.06,35.86],[45.96,35.49],[46.17,35.19],[45.86,35.02],[45.84,34.89],[45.5,34.59],[45.45,34.36],[45.53,34.13],[45.42,33.99],[45.66,33.68],[45.89,33.63],[46.16,33.26],[46.27,32.96],[46.72,32.76],[47.12,32.46],[47.4,32.34],[47.83,31.76],[47.68,31.41],[47.67,30.99],[48.02,30.98],[48.01,30.46],[48.4,30.22],[48.53,29.96],[48.93,30.08],[48.86,30.35],[49.6,30.03],[50.07,30.2],[50.14,29.94],[50.66,29.45],[50.64,29.14],[51.06,28.74],[51.14,28.4],[51.38,27.99],[51.59,27.85],[52.01,27.83],[52.57,27.54],[52.6,27.35],[53.07,27.1],[53.41,26.99],[53.72,26.71],[54.31,26.71],[54.39,26.61],[54.8,26.5],[55.27,26.79],[55.55,26.81],[55.68,27],[55.94,27.03],[56.35,27.2],[56.81,27.14],[56.97,26.97],[57.09,26.62],[57.16,26.09],[57.33,25.78],[57.96,25.69],[58.07,25.56],[58.81,25.56],[59.12,25.39],[59.45,25.46],[59.9,25.33],[60.36,25.33],[61.03,25.21],[61.41,25.06],[61.59,25.2],[61.66,25.77],[61.76,25.84],[61.86,26.24],[62.24,26.35],[62.29,26.5],[62.75,26.64],[63.14,26.63],[63.26,26.89],[63.25,27.22],[62.8,27.23],[62.81,27.49],[62.74,27.99],[62.36,28.42],[61.89,28.54],[61.65,28.76],[61.28,29.41],[60.84,29.86],[61.79,30.83],[61.83,31.03],[61.66,31.38],[60.86,31.48],[60.77,32.03],[60.83,32.25],[60.58,32.99],[60.57,33.15],[60.88,33.55],[60.51,33.64],[60.49,34.09],[60.71,34.54],[61.07,34.81],[61.11,35.28],[61.27,35.62],[61.22,36.12],[61.08,36.65],[60.34,36.64],[60.02,37.03],[59.51,37.19],[59.35,37.49],[58.86,37.67],[58.37,37.63],[58.18,37.77],[57.35,37.97],[57.22,38.27],[57.04,38.19],[56.44,38.26],[56.3,38.08],[55.71,38.12],[55.42,38.08],[54.86,37.76],[54.78,37.52],[54.19,37.32],[53.91,37.34],[54.01,36.82],[53.49,36.89],[51.91,36.58],[51.09,36.74],[50.48,37.03],[50.15,37.4],[49.44,37.49],[49.01,37.74],[48.87,38.43],[48.61,38.4],[48.21,38.73],[48.06,38.95],[48.31,39.05],[48.12,39.3],[48.34,39.38],[48.05,39.65],[47.85,39.69],[46.87,39.17],[46.51,38.88],[46.14,38.86],[45.44,39],[44.81,39.64]]]},"properties":{"name":"Iran","ISO3166-1-Alpha-3":"IRN","ISO3166-1-Alpha-2":"IR"}},{"type":"Feature","geometry":{"type":"MultiPolygon","coordinates":[[[[7.19,53.25],[6.73,53.46],[5.98,53.41],[5.59,53.3],[5.38,53.1],[4.91,52.91],[4.75,52.97],[4.51,52.34],[4.14,52.01],[4.12,51.63],[3.56,51.59],[3.54,51.46],[4.26,51.37],[4.73,51.49],[5.22,51.26],[5.47,51.29],[5.84,51.14],[5.64,50.82],[5.99,50.75],[5.98,51.07],[6.19,51.51],[5.93,51.81],[6.72,51.9],[6.77,52.11],[7.05,52.37],[6.7,52.48],[7.04,52.65],[7.19,53.25]]],[[[3.35,51.38],[3.93,51.21],[4.22,51.37],[3.35,51.38]]]]},"properties":{"name":"Netherlands","ISO3166-1-Alpha-3":"NLD","ISO3166-1-Alpha-2":"NL"}},{"type":"Feature","geometry":{"type":"Polygon","coordinates":[[[9.52,47.26],[9.48,47.18],[9.58,47.06],[9.52,47.26]]]},"properties":{"name":"Liechtenstein","ISO3166-1-Alpha-3":"LIE","ISO3166-1-Alpha-2":"LI"}},{"type":"Feature","geometry":{"type":"Polygon","coordinates":[[[-7.99,10.16],[-8.17,9.94],[-8.16,9.58],[-8.09,9.42],[-7.87,9.41],[-7.96,8.78],[-7.69,8.61],[-7.77,8.39],[-7.97,8.5],[-8.2,8.49],[-8.27,8.25],[-8.02,8.12],[-8.23,7.54],[-8.49,7.56],[-8.28,7.02],[-8.35,6.76],[-8.57,6.55],[-8.39,6.36],[-7.93,6.27],[-7.8,5.97],[-7.45,5.85],[-7.39,5.52],[-7.61,4.9],[-7.54,4.35],[-7.46,4.34],[-6.91,4.66],[-5.85,5.03],[-5.52,5.1],[-4.78,5.14],[-4.13,5.31],[-3.84,5.2],[-3.31,5.12],[-2.84,5.15],[-2.73,5.36],[-2.78,5.58],[-2.97,5.62],[-3.26,6.62],[-3.22,6.85],[-3.05,7.07],[-2.94,7.58],[-2.84,7.82],[-2.51,8.21],[-2.62,8.92],[-2.77,9.05],[-2.66,9.27],[-2.69,9.49],[-2.76,9.39],[-3.14,9.83],[-3.66,9.95],[-4.27,9.74],[-4.32,9.61],[-4.97,9.9],[-5.11,10.28],[-5.4,10.3],[-5.52,10.43],[-5.81,10.41],[-6.02,10.19],[-6.18,10.22],[-6.21,10.64],[-6.52,10.56],[-6.7,10.34],[-6.96,10.19],[-7.35,10.25],[-7.47,10.43],[-7.71,10.4],[-7.99,10.16]]]},"properties":{"name":"Ivory Coast","ISO3166-1-Alpha-3":"CIV","ISO3166-1-Alpha-2":"CI"}},{"type":"Feature","geometry":{"type":"Polygon","coordinates":[[[20.24,46.11],[19.55,46.16],[19.26,45.98],[18.9,45.93],[19.02,45.57],[18.98,45.39],[19.29,45.24],[19.02,44.87],[19.37,44.89],[19.13,44.52],[19.18,44.29],[19.62,44.04],[19.28,43.93],[19.46,43.76],[19.2,43.53],[19.62,43.17],[19.93,43.11],[20.35,42.83],[20.84,43.17],[21.09,43.09],[21.38,42.74],[21.74,42.68],[21.56,42.25],[21.94,42.33],[22.35,42.31],[22.51,42.87],[22.73,42.89],[22.94,43.09],[22.8,43.33],[22.52,43.47],[22.35,43.81],[22.4,43.99],[22.69,44.23],[22.32,44.69],[21.66,44.69],[21.37,44.86],[21.49,45.15],[20.98,45.33],[20.76,45.49],[20.71,45.73],[20.24,46.11]]]},"properties":{"name":"Republic of Serbia","ISO3166-1-Alpha-3":"SRB","ISO3166-1-Alpha-2":"RS"}},{"type":"Feature","geometry":{"type":"Polygon","coordinates":[[[-12.26,14.77],[-12.17,14.63],[-12.22,14.39],[-12,14.17],[-11.96,13.91],[-12.1,13.7],[-12,13.54],[-11.61,13.36],[-11.45,13.08],[-11.39,12.4],[-11.51,12.19],[-11.19,12.01],[-10.91,12.2],[-10.71,11.89],[-10.27,12.22],[-9.72,12.03],[-9.63,12.17],[-9.31,12.35],[-8.99,12.39],[-8.93,12.06],[-8.8,11.91],[-8.85,11.66],[-8.53,11.42],[-8.51,11.05],[-8.31,11],[-8.3,10.54],[-8.02,10.34],[-7.99,10.16],[-7.71,10.4],[-7.47,10.43],[-7.35,10.25],[-6.96,10.19],[-6.7,10.34],[-6.52,10.56],[-6.21,10.64],[-6.18,10.22],[-6.02,10.19],[-5.81,10.41],[-5.52,10.43],[-5.43,10.84],[-5.49,11.08],[-5.32,11.14],[-5.22,11.42],[-5.31,11.63],[-5.17,11.94],[-4.81,12],[-4.41,12.31],[-4.39,12.53],[-4.23,12.95],[-4.35,13.12],[-3.98,13.4],[-3.6,13.2],[-3.25,13.29],[-3.26,13.66],[-3.07,13.61],[-2.84,14.04],[-2.46,14.28],[-2.15,14.16],[-2.02,14.2],[-1.97,14.48],[-1.7,14.5],[-1.35,14.71],[-1.04,14.82],[-0.75,15.07],[-0.24,15.07],[0.22,14.91],[0.51,14.99],[0.97,14.99],[1.33,15.28],[3,15.34],[3.07,15.43],[3.51,15.35],[3.53,15.5],[3.87,15.71],[4.06,16.3],[4.18,16.42],[4.24,17],[4.23,19.14],[3.31,18.98],[3.1,19.15],[3.26,19.41],[3.22,19.79],[2.95,19.94],[2.4,20.06],[2.18,20.28],[1.78,20.3],[1.64,20.52],[1.15,20.8],[1.15,21.1],[-0.01,21.86],[-0.96,22.48],[-2.52,23.5],[-3.45,24.11],[-4.82,25],[-6.59,24.99],[-6.37,23.15],[-6.22,21.82],[-5.96,19.62],[-5.76,17.74],[-5.62,16.53],[-5.35,16.31],[-5.51,15.5],[-6.67,15.49],[-8.33,15.5],[-9.35,15.5],[-9.84,15.37],[-10.31,15.44],[-10.74,15.42],[-10.92,15.1],[-11.41,15.6],[-11.73,15.54],[-11.85,15.18],[-11.84,14.89],[-11.97,14.78],[-12.26,14.77]]]},"properties":{"name":"Mali","ISO3166-1-Alpha-3":"MLI","ISO3166-1-Alpha-2":"ML"}},{"type":"Feature","geometry":{"type":"Polygon","coordinates":[[[-12.26,14.77],[-12.47,15],[-12.86,15.22],[-12.96,15.51],[-13.24,15.62],[-13.31,15.92],[-13.48,16.15],[-13.81,16.12],[-14.34,16.64],[-14.93,16.64],[-15.49,16.56],[-15.67,16.48],[-16.33,16.47],[-16.47,16.17],[-16.54,15.81],[-16.88,15.23],[-17.14,14.93],[-17.37,14.8],[-17.18,14.65],[-16.8,14.11],[-16.71,13.77],[-16.56,13.59],[-15.52,13.58],[-15.39,13.77],[-14.92,13.79],[-14.73,13.62],[-14.59,13.66],[-14.33,13.46],[-13.97,13.58],[-13.85,13.34],[-14.2,13.23],[-15.02,13.5],[-15.82,13.32],[-15.83,13.16],[-16.67,13.16],[-16.75,13.07],[-16.8,12.43],[-16.73,12.33],[-16.23,12.45],[-15.68,12.44],[-15.2,12.68],[-13.73,12.67],[-13.08,12.64],[-12.77,12.44],[-12.36,12.31],[-12.08,12.41],[-11.39,12.4],[-11.45,13.08],[-11.61,13.36],[-12,13.54],[-12.1,13.7],[-11.96,13.91],[-12,14.17],[-12.22,14.39],[-12.17,14.63],[-12.26,14.77]]]},"properties":{"name":"Senegal","ISO3166-1-Alpha-3":"SEN","ISO3166-1-Alpha-2":"SN"}},{"type":"Feature","geometry":{"type":"Polygon","coordinates":[[[3.6,11.7],[3.48,11.39],[3.72,11.11],[3.73,10.83],[3.84,10.6],[3.51,9.85],[3.13,9.43],[3.09,9.13],[2.77,9.06],[2.72,8.77],[2.73,8.21],[2.67,7.89],[2.77,7.05],[2.78,6.7],[2.7,6.37],[3.38,6.4],[3.54,6.45],[4.41,6.36],[4.72,6.16],[5.01,5.85],[5.34,5.34],[5.36,5.17],[5.59,4.64],[5.95,4.34],[6.1,4.28],[6.97,4.37],[7.17,4.61],[7.56,4.53],[8.3,4.55],[8.59,4.82],[8.8,5.16],[8.89,5.62],[8.86,5.85],[9.59,6.5],[9.77,6.77],[10.12,6.99],[10.24,6.87],[10.5,6.87],[10.6,7.06],[10.83,6.95],[11.06,6.7],[11.1,6.45],[11.32,6.44],[11.51,6.61],[11.62,6.93],[11.88,7.1],[11.78,7.24],[12.02,7.6],[12.2,7.98],[12.25,8.42],[12.38,8.6],[12.66,8.66],[12.81,8.83],[12.86,9.38],[13.2,9.54],[13.25,10.08],[13.43,10.15],[13.57,10.68],[13.75,11.02],[13.98,11.28],[14.17,11.24],[14.59,11.5],[14.55,11.72],[14.67,12.17],[14.51,12.32],[14.18,12.39],[14.06,13.08],[13.61,13.7],[13.36,13.71],[13.23,13.55],[12.88,13.5],[12.56,13.24],[12.47,13.06],[12.06,13.12],[11.85,13.25],[11.44,13.36],[10.67,13.38],[10.16,13.27],[9.93,13.15],[9.64,12.82],[9.27,12.81],[8.68,12.92],[8.08,13.31],[7.76,13.33],[7.39,13.11],[6.91,13.01],[6.37,13.63],[6.12,13.65],[5.55,13.87],[5.27,13.75],[4.86,13.77],[4.51,13.69],[4.13,13.47],[4.09,13],[3.93,12.75],[3.65,12.53],[3.6,11.7]]]},"properties":{"name":"Nigeria","ISO3166-1-Alpha-3":"NGA","ISO3166-1-Alpha-2":"NG"}},{"type":"Feature","geometry":{"type":"Polygon","coordinates":[[[3.6,11.7],[2.84,12.4],[2.36,12.22],[2.39,11.9],[2.29,11.67],[2.01,11.43],[1.6,11.39],[1.43,11.46],[1.13,11.25],[0.9,10.99],[0.78,10.69],[0.77,10.37],[1.33,10],[1.43,9.28],[1.6,9.05],[1.62,8],[1.63,7],[1.57,6.68],[1.78,6.28],[1.62,6.21],[1.88,6.27],[2.7,6.37],[2.78,6.7],[2.77,7.05],[2.67,7.89],[2.73,8.21],[2.72,8.77],[2.77,9.06],[3.09,9.13],[3.13,9.43],[3.51,9.85],[3.84,10.6],[3.73,10.83],[3.72,11.11],[3.48,11.39],[3.6,11.7]]]},"properties":{"name":"Benin","ISO3166-1-Alpha-3":"BEN","ISO3166-1-Alpha-2":"BJ"}},{"type":"Feature","geometry":{"type":"MultiPolygon","coordinates":[[[[13.07,-4.64],[12.76,-4.39],[12.61,-4.57],[12.38,-4.62],[12.01,-5.02],[12.23,-5.48],[12.21,-5.76],[12.51,-5.73],[12.53,-5.16],[12.83,-4.72],[13.07,-4.64]]],[[[23.97,-10.87],[23.83,-11.03],[23.49,-10.96],[23.01,-11.1],[22.54,-11.04],[22.28,-11.24],[22.17,-10.85],[22.32,-10.74],[22.31,-10.37],[22.16,-9.93],[21.85,-9.62],[21.86,-8.85],[21.94,-8.41],[21.76,-8.02],[21.85,-7.59],[21.78,-7.28],[20.52,-7.29],[20.61,-6.92],[20.29,-7],[19.52,-7],[19.36,-8],[18.18,-8],[18.1,-8.11],[17.54,-8.02],[17,-7.3],[16.93,-6.89],[16.73,-6.57],[16.73,-6.19],[16.6,-5.92],[16.32,-5.85],[14.7,-5.88],[13.18,-5.86],[12.93,-5.98],[12.28,-6.15],[12.62,-6.73],[12.82,-6.95],[12.85,-7.27],[13.37,-8.32],[13.38,-8.76],[13.21,-8.81],[13,-9.09],[13.17,-9.4],[13.2,-9.71],[13.75,-10.65],[13.85,-11.11],[13.79,-11.77],[13.64,-12.25],[13.36,-12.59],[13.18,-12.6],[12.94,-12.82],[12.94,-12.98],[12.51,-13.44],[12.5,-13.86],[12.33,-14.09],[12.27,-14.75],[12.06,-15.23],[11.99,-15.62],[11.74,-15.9],[11.82,-16.48],[11.77,-17.25],[12.1,-17.14],[12.55,-17.24],[12.89,-17.03],[13.36,-16.96],[13.94,-17.41],[15.06,-17.39],[16.34,-17.39],[18.45,-17.39],[18.76,-17.75],[19.02,-17.82],[19.67,-17.84],[20.03,-17.9],[20.34,-17.85],[20.81,-18.03],[21.22,-17.93],[21.38,-18.01],[23.38,-17.64],[22.76,-17.15],[22.33,-16.67],[22.15,-16.6],[21.98,-16.17],[21.98,-14.36],[21.98,-13],[24,-13],[23.87,-12.79],[24.03,-12.39],[23.96,-12.2],[23.96,-11.62],[24.06,-11.39],[23.97,-10.87]]]]},"properties":{"name":"Angola","ISO3166-1-Alpha-3":"AGO","ISO3166-1-Alpha-2":"AO"}},{"type":"Feature","geometry":{"type":"MultiPolygon","coordinates":[[[[16.52,46.5],[15.66,46.22],[15.67,45.83],[15.25,45.71],[15.31,45.45],[14.67,45.53],[13.89,45.42],[13.59,45.49],[13.64,45.07],[13.97,44.83],[14.33,45.35],[14.83,45.11],[14.9,44.69],[15.31,44.35],[15.14,44.2],[15.47,43.92],[15.93,43.68],[16.1,43.48],[16.43,43.55],[16.88,43.41],[17.58,42.94],[17.08,43.51],[16.22,44.21],[16.12,44.52],[15.72,44.79],[15.78,45.16],[16,45.22],[16.34,45.01],[16.48,45.2],[16.93,45.28],[17.19,45.15],[17.84,45.06],[18.24,45.16],[18.62,45.1],[19.02,44.87],[19.29,45.24],[18.98,45.39],[19.02,45.57],[18.9,45.93],[18.41,45.74],[17.89,45.79],[17.35,45.96],[16.84,46.38],[16.52,46.5]]],[[[18.44,42.56],[17.65,42.89],[18.22,42.62],[18.5,42.42],[18.44,42.56]]]]},"properties":{"name":"Croatia","ISO3166-1-Alpha-3":"HRV","ISO3166-1-Alpha-2":"HR"}},{"type":"Feature","geometry":{"type":"Polygon","coordinates":[[[13.59,45.49],[13.89,45.42],[14.67,45.53],[15.31,45.45],[15.25,45.71],[15.67,45.83],[15.66,46.22],[16.52,46.5],[16.27,46.86],[16.09,46.86],[15.97,46.74],[15.46,46.61],[15.06,46.65],[14.5,46.42],[13.7,46.52],[13.37,46.29],[13.62,45.97],[13.58,45.81],[13.78,45.74],[13.71,45.59],[13.59,45.49]]]},"properties":{"name":"Slovenia","ISO3166-1-Alpha-3":"SVN","ISO3166-1-Alpha-2":"SI"}},{"type":"Feature","geometry":{"type":"Polygon","coordinates":[[[50.81,24.75],[50.98,24.57],[51.22,24.63],[51.44,24.68],[51.62,25.14],[51.47,25.52],[51.58,25.88],[51.25,26.16],[51.05,26.05],[50.75,25.42],[50.81,24.75]]]},"properties":{"name":"Qatar","ISO3166-1-Alpha-3":"QAT","ISO3166-1-Alpha-2":"QA"}},{"type":"Feature","geometry":{"type":"Polygon","coordinates":[[[50.81,24.75],[50.56,25.05],[50.46,25.45],[50.23,25.62],[50.1,25.99],[50.22,26.22],[50.03,26.49],[49.94,26.86],[49.7,26.96],[49.52,27.19],[49.09,27.55],[48.87,27.61],[48.88,27.84],[48.61,28.13],[48.43,28.54],[47.67,28.53],[47.43,28.99],[46.53,29.1],[46.36,29.06],[44.69,29.2],[42.86,30.49],[42.08,31.08],[40.42,31.92],[39.15,32.12],[38.96,31.99],[36.96,31.49],[37.98,30.5],[37.63,30.31],[37.47,29.99],[36.76,29.87],[36.48,29.49],[36.02,29.19],[34.95,29.35],[34.78,28.66],[34.8,28.53],[34.63,28.16],[35.05,28.12],[35.32,27.88],[35.56,27.46],[36.23,26.63],[36.66,25.86],[36.94,25.65],[37.23,25.19],[37.28,24.96],[37.15,24.85],[37.46,24.44],[38.08,24.07],[38.45,23.78],[38.6,23.57],[38.81,22.98],[39.14,22.39],[39.04,22.24],[38.98,21.86],[39.17,21.4],[39.08,21.32],[39.3,20.93],[39.51,20.75],[39.65,20.46],[39.92,20.26],[40.07,20.29],[40.52,19.97],[40.96,19.34],[41.21,18.7],[41.72,17.91],[42.3,17.45],[42.34,17.17],[42.74,16.67],[42.79,16.37],[43.04,16.54],[43.21,16.77],[43.11,16.93],[43.17,17.33],[43.39,17.51],[43.75,17.35],[44.4,17.42],[45.17,17.43],[45.43,17.31],[46.32,17.22],[46.71,17.28],[46.97,16.96],[47.19,16.96],[47.43,17.09],[47.59,17.46],[48.16,18.15],[49.13,18.61],[51.02,18.87],[51.98,19],[53.63,19.55],[54.98,20],[55.64,21.98],[55.19,22.7],[55.11,22.62],[54.13,22.74],[52.58,22.93],[52.54,22.95],[51.59,24.08],[51.57,24.26],[51.31,24.41],[51.22,24.63],[50.98,24.57],[50.81,24.75]]]},"properties":{"name":"Saudi Arabia","ISO3166-1-Alpha-3":"SAU","ISO3166-1-Alpha-2":"SA"}},{"type":"Feature","geometry":{"type":"Polygon","coordinates":[[[25.26,-17.79],[24.96,-17.8],[24.58,-18.04],[24.42,-17.96],[24.18,-18.03],[23.65,-18.47],[23.31,-18.01],[22.98,-18.02],[21.48,-18.3],[20.98,-18.32],[20.98,-19.88],[20.97,-22],[19.98,-22],[19.98,-23.72],[19.98,-24.75],[20.36,-25.03],[20.79,-25.89],[20.84,-26.13],[20.62,-26.43],[20.61,-26.69],[21.12,-26.87],[21.69,-26.86],[21.77,-26.7],[22.06,-26.62],[22.26,-26.34],[22.55,-26.21],[22.72,-25.98],[22.84,-25.48],[23.01,-25.31],[23.46,-25.28],[23.92,-25.63],[24.8,-25.83],[25.05,-25.74],[25.39,-25.74],[25.59,-25.62],[25.88,-24.89],[25.87,-24.75],[26.4,-24.63],[26.53,-24.46],[26.85,-24.25],[27,-23.65],[27.94,-22.96],[28.34,-22.58],[28.91,-22.45],[29.05,-22.22],[29.35,-22.19],[29.02,-21.98],[29.04,-21.8],[28.63,-21.65],[27.99,-21.55],[27.88,-21.31],[27.67,-21.09],[27.7,-20.51],[27.34,-20.47],[27.21,-20.11],[26.73,-19.94],[26.13,-19.5],[25.96,-19.12],[25.94,-18.92],[25.76,-18.63],[25.51,-18.4],[25.23,-17.93],[25.26,-17.79]]]},"properties":{"name":"Botswana","ISO3166-1-Alpha-3":"BWA","ISO3166-1-Alpha-2":"BW"}},{"type":"Feature","geometry":{"type":"Polygon","coordinates":[[[25.26,-17.79],[25.23,-17.93],[25.51,-18.4],[25.76,-18.63],[25.94,-18.92],[25.96,-19.12],[26.13,-19.5],[26.73,-19.94],[27.21,-20.11],[27.34,-20.47],[27.7,-20.51],[27.67,-21.09],[27.88,-21.31],[27.99,-21.55],[28.63,-21.65],[29.04,-21.8],[29.02,-21.98],[29.35,-22.19],[29.76,-22.13],[30.3,-22.34],[30.84,-22.28],[31.29,-22.4],[31.43,-22.3],[32.41,-21.29],[32.34,-21.13],[32.5,-20.9],[32.47,-20.69],[32.85,-20.29],[33.03,-19.78],[32.82,-19.65],[32.77,-19.36],[32.86,-19.12],[32.69,-19.01],[32.89,-18.79],[33,-18.47],[32.94,-18.05],[33.02,-17.36],[32.83,-16.94],[32.89,-16.71],[32.29,-16.45],[31.91,-16.43],[31.69,-16.21],[31.4,-16.16],[31.26,-16.02],[30.4,-16],[30.4,-15.64],[29.84,-15.61],[29.19,-15.81],[28.87,-16.09],[28.82,-16.47],[28.28,-16.71],[27.78,-17],[27.58,-17.36],[27.16,-17.77],[27.05,-17.94],[26.71,-18.07],[26.2,-17.89],[25.98,-18],[25.68,-17.81],[25.26,-17.79]]]},"properties":{"name":"Zimbabwe","ISO3166-1-Alpha-3":"ZWE","ISO3166-1-Alpha-2":"ZW"}},{"type":"Feature","geometry":{"type":"Polygon","coordinates":[[[76.78,35.65],[76.57,35.87],[76.17,35.81],[75.89,36.1],[75.98,36.46],[75.79,36.69],[75.41,36.75],[75.35,36.92],[74.54,37.02],[74.09,36.83],[73.64,36.9],[72.57,36.82],[72.21,36.73],[71.74,36.4],[71.63,36.46],[71.17,36.03],[71.34,35.95],[71.59,35.55],[71.63,35.2],[71.46,34.94],[71.08,34.67],[70.97,34.47],[71.12,34.36],[71.05,34.04],[70.52,33.94],[70,34.04],[69.84,33.94],[70.11,33.73],[70.29,33.32],[69.88,33.09],[69.55,33.08],[69.43,32.67],[69.23,32.42],[69.3,31.94],[69,31.65],[68.68,31.77],[68.13,31.81],[67.35,31.21],[66.7,31.2],[66.55,30.98],[66.37,30.92],[66.27,30.6],[66.32,30.44],[66.2,29.84],[65.04,29.54],[64.48,29.57],[64.09,29.39],[63.57,29.5],[62.48,29.41],[60.84,29.86],[61.28,29.41],[61.65,28.76],[61.89,28.54],[62.36,28.42],[62.74,27.99],[62.81,27.49],[62.8,27.23],[63.25,27.22],[63.26,26.89],[63.14,26.63],[62.75,26.64],[62.29,26.5],[62.24,26.35],[61.86,26.24],[61.76,25.84],[61.66,25.77],[61.59,25.2],[61.88,25.1],[62.48,25.26],[63.5,25.19],[63.57,25.36],[64.07,25.35],[64.66,25.23],[64.81,25.33],[65.16,25.3],[65.4,25.39],[65.67,25.35],[66.25,25.47],[66.44,25.6],[66.72,25.23],[66.68,24.83],[67.18,24.76],[67.3,24.19],[67.63,23.8],[68.18,23.84],[68.43,23.97],[68.72,23.97],[68.73,24.29],[69.56,24.28],[69.97,24.17],[70.11,24.3],[70.56,24.42],[70.76,24.23],[70.92,24.36],[71.06,24.68],[70.86,25.14],[70.65,25.43],[70.66,25.63],[70.26,25.7],[70.06,25.98],[70.16,26.53],[69.82,26.58],[69.47,26.81],[69.58,27.19],[70.02,27.6],[70.09,27.79],[70.34,28.01],[70.63,27.93],[70.83,27.7],[71.31,27.86],[71.86,27.95],[71.89,28.1],[72.15,28.35],[72.38,28.78],[72.9,29.02],[73.23,29.54],[73.37,29.93],[73.94,30.19],[73.85,30.37],[74.33,30.9],[74.61,31.44],[74.49,31.71],[74.83,32.03],[75.29,32.15],[75.36,32.26],[75.02,32.47],[74.72,32.46],[74.65,32.72],[74.42,32.78],[74.32,32.97],[74,33.18],[74.14,33.55],[74.03,33.83],[74,34.2],[73.77,34.37],[73.96,34.67],[74.29,34.77],[75.35,34.56],[75.78,34.5],[76.02,34.68],[76.55,34.73],[76.92,34.92],[77.05,35.11],[76.78,35.65]]]},"properties":{"name":"Pakistan","ISO3166-1-Alpha-3":"PAK","ISO3166-1-Alpha-2":"PK"}},{"type":"Feature","geometry":{"type":"Polygon","coordinates":[[[26.33,41.71],[26.62,41.97],[27.27,42.09],[27.53,41.91],[28.02,41.97],[27.51,42.55],[27.89,42.71],[27.89,43.01],[28.09,43.36],[28.46,43.38],[28.58,43.74],[28.22,43.76],[27.94,43.96],[27.38,44.02],[27.03,44.18],[26.15,44.01],[25.78,43.73],[25.36,43.65],[24.5,43.8],[24.16,43.75],[23.33,43.89],[22.92,43.83],[22.69,44.23],[22.4,43.99],[22.35,43.81],[22.52,43.47],[22.8,43.33],[22.94,43.09],[22.73,42.89],[22.51,42.87],[22.35,42.31],[22.53,42.13],[22.84,42.01],[23.01,41.72],[22.92,41.34],[23.61,41.37],[24.05,41.53],[24.53,41.55],[25.29,41.24],[26.12,41.36],[26.33,41.71]]]},"properties":{"name":"Bulgaria","ISO3166-1-Alpha-3":"BGR","ISO3166-1-Alpha-2":"BG"}},{"type":"Feature","geometry":{"type":"Polygon","coordinates":[[[102.91,11.65],[102.91,11.77],[102.7,12.14],[102.77,12.42],[102.56,12.63],[102.47,13.01],[102.33,13.28],[102.33,13.56],[102.51,13.57],[103.09,14.3],[103.55,14.42],[103.87,14.34],[104.25,14.4],[104.46,14.36],[104.77,14.44],[105.18,14.35],[105.42,14.43],[105.58,14.98],[105.44,15.13],[105.56,15.27],[105.65,15.63],[105.45,15.76],[105.4,16.02],[105.04,16.14],[105.02,16.28],[104.75,16.53],[104.75,17.02],[104.82,17.37],[104.48,17.64],[104,18.32],[103.4,18.44],[103.26,18.4],[103.04,17.99],[102.6,17.85],[102.08,18.21],[101.73,17.91],[101.58,17.87],[101.13,17.46],[100.9,17.56],[101.01,17.9],[101.17,18.05],[101.15,18.34],[101.03,18.43],[101.24,18.67],[101.19,19.45],[100.87,19.61],[100.75,19.49],[100.46,19.54],[100.38,19.76],[100.54,20.07],[100.36,20.37],[100.1,20.32],[99.94,20.44],[99.3,20.06],[99.02,20.04],[99.01,19.85],[98.53,19.68],[98.22,19.71],[97.84,19.56],[97.77,19.4],[97.81,19.11],[97.72,18.86],[97.75,18.58],[97.44,18.49],[97.75,17.97],[97.77,17.68],[97.98,17.51],[98.31,17.05],[98.52,16.85],[98.46,16.72],[98.63,16.46],[98.66,16.12],[98.54,15.74],[98.56,15.36],[98.28,15.29],[98.16,15.13],[98.24,14.81],[98.55,14.38],[98.95,14.07],[99.15,13.71],[99.19,13.23],[99.1,13.17],[99.21,12.73],[99.39,12.59],[99.47,12.13],[99.63,11.82],[99.24,11.2],[98.77,10.69],[98.75,10.35],[98.33,9.2],[98.38,9.07],[98.22,8.74],[98.28,8.24],[98.6,8.37],[99.29,7.62],[99.37,7.34],[99.69,7.12],[99.8,6.82],[100.13,6.44],[100.39,6.52],[100.81,6.41],[100.82,6.26],[101.08,6.25],[101.11,5.64],[101.25,5.79],[101.53,5.91],[101.8,5.74],[102.06,6.09],[102.07,6.26],[101.77,6.5],[101.57,6.83],[101.39,6.91],[101,6.86],[100.77,6.98],[100.61,7.19],[100.4,7.21],[100.19,7.51],[100.32,7.62],[100.22,8.45],[99.96,8.64],[99.85,9.29],[99.47,9.2],[99.18,9.64],[99.15,10.36],[99.51,10.9],[99.49,11.11],[99.86,11.97],[100.02,12.19],[99.96,12.63],[100.1,13.06],[99.97,13.26],[100.04,13.4],[100.29,13.51],[100.95,13.47],[100.84,12.71],[101.44,12.62],[101.83,12.67],[102.07,12.49],[102.3,12.19],[102.75,12.04],[102.91,11.65]]]},"properties":{"name":"Thailand","ISO3166-1-Alpha-3":"THA","ISO3166-1-Alpha-2":"TH"}},{"type":"Feature","geometry":{"type":"Polygon","coordinates":[[[12.43,43.89],[12.49,43.94],[12.42,43.97],[12.39,43.92],[12.43,43.89]]]},"properties":{"name":"San Marino","ISO3166-1-Alpha-3":"SMR","ISO3166-1-Alpha-2":"SM"}},{"type":"Feature","geometry":{"type":"Polygon","coordinates":[[[-71.76,19.71],[-72.33,19.75],[-72.78,19.94],[-73.14,19.92],[-73.41,19.64],[-73.02,19.6],[-72.73,19.43],[-72.81,19.05],[-72.55,18.79],[-72.75,18.43],[-73.53,18.52],[-73.6,18.5],[-74.26,18.67],[-74.49,18.43],[-73.97,18.14],[-73.65,18.25],[-73.38,18.26],[-72.89,18.14],[-72.07,18.24],[-71.78,18.04],[-71.71,18.31],[-71.91,18.43],[-71.72,18.78],[-71.78,19],[-71.64,19.21],[-71.76,19.71]]]},"properties":{"name":"Haiti","ISO3166-1-Alpha-3":"HTI","ISO3166-1-Alpha-2":"HT"}},{"type":"Feature","geometry":{"type":"Polygon","coordinates":[[[-71.76,19.71],[-71.64,19.21],[-71.78,19],[-71.72,18.78],[-71.91,18.43],[-71.71,18.31],[-71.78,18.04],[-71.42,17.6],[-71.06,18.14],[-70.7,18.43],[-70.55,18.2],[-70.16,18.24],[-69.88,18.47],[-69.53,18.41],[-69.24,18.45],[-68.85,18.37],[-68.74,18.2],[-68.44,18.42],[-68.36,18.66],[-68.74,18.96],[-69.61,19.09],[-69.6,19.23],[-69.87,19.43],[-69.9,19.64],[-70.3,19.66],[-71,19.94],[-71.21,19.84],[-71.65,19.9],[-71.76,19.71]]]},"properties":{"name":"Dominican Republic","ISO3166-1-Alpha-3":"DOM","ISO3166-1-Alpha-2":"DO"}},{"type":"Feature","geometry":{"type":"Polygon","coordinates":[[[14.06,13.08],[14.42,13.08],[14.49,12.89],[14.83,12.62],[14.9,12.15],[15.04,12.06],[15.14,11.53],[15.02,11.18],[15.07,10.79],[15.3,10.31],[15.54,10.08],[15.38,9.93],[15.21,9.98],[14.73,9.92],[14.18,9.98],[13.95,9.64],[14.35,9.17],[15.03,8.66],[15.18,8.48],[15.44,7.84],[15.48,7.52],[15.79,7.46],[16.37,7.67],[16.55,7.87],[16.77,7.55],[17.1,7.68],[17.25,7.82],[17.68,7.99],[18.59,8.05],[19.12,8.68],[18.89,8.9],[19.1,9.02],[19.89,9.05],[20.07,9.14],[20.36,9.12],[20.5,9.27],[20.83,9.42],[21.26,9.98],[21.66,10.23],[21.75,10.41],[21.72,10.64],[22.18,10.82],[22.46,11],[22.86,10.92],[22.96,11.21],[22.91,11.4],[22.63,11.51],[22.54,11.68],[22.59,11.99],[22.37,12.46],[22.45,12.61],[22.2,12.74],[21.94,12.64],[21.81,12.79],[21.94,13.06],[22.27,13.33],[22.07,13.77],[22.24,13.98],[22.53,14.12],[22.44,14.25],[22.47,14.63],[22.67,14.68],[22.74,14.98],[22.97,15.22],[22.93,15.56],[23.09,15.7],[23.59,15.75],[23.98,15.72],[23.98,17.87],[23.98,19.5],[23.24,19.86],[21.63,20.65],[20.52,21.2],[19.16,21.87],[17.43,22.73],[15.99,23.44],[14.98,23],[15.17,21.99],[15.18,21.51],[15.61,20.95],[15.54,20.8],[15.95,20.37],[15.74,19.9],[15.58,18.17],[15.45,16.88],[14.37,15.75],[13.83,15.02],[13.76,14.72],[13.45,14.38],[13.61,13.7],[14.06,13.08]]]},"properties":{"name":"Chad","ISO3166-1-Alpha-3":"TCD","ISO3166-1-Alpha-2":"TD"}},{"type":"Feature","geometry":{"type":"Polygon","coordinates":[[[47.95,29.99],[47.67,30.1],[47.36,30.09],[47.11,29.96],[46.85,29.44],[46.53,29.1],[47.43,28.99],[47.67,28.53],[48.43,28.54],[48.16,29.02],[48.09,29.29],[47.73,29.36],[47.97,29.58],[47.95,29.99]]]},"properties":{"name":"Kuwait","ISO3166-1-Alpha-3":"KWT","ISO3166-1-Alpha-2":"KW"}},{"type":"Feature","geometry":{"type":"Polygon","coordinates":[[[-90.1,13.73],[-89.81,13.53],[-89.25,13.47],[-88.79,13.25],[-87.93,13.16],[-87.82,13.41],[-87.71,13.8],[-88.09,13.98],[-88.49,13.87],[-89.03,14.31],[-89.36,14.42],[-89.53,14.23],[-90.1,13.86],[-90.1,13.73]]]},"properties":{"name":"El Salvador","ISO3166-1-Alpha-3":"SLV","ISO3166-1-Alpha-2":"SV"}},{"type":"Feature","geometry":{"type":"Polygon","coordinates":[[[-89.36,14.42],[-89.14,14.71],[-89.17,15.04],[-88.97,15.14],[-88.22,15.73],[-88.45,15.86],[-88.63,15.75],[-88.91,15.89],[-89.24,15.89],[-89.15,17.04],[-89.16,17.81],[-90.99,17.8],[-90.99,17.25],[-91.29,17.19],[-91.07,16.92],[-90.74,16.75],[-90.65,16.53],[-90.4,16.35],[-90.49,16.07],[-91.72,16.07],[-92.2,15.29],[-92.16,14.7],[-92.25,14.55],[-91.76,14.18],[-91.32,13.96],[-90.71,13.93],[-90.1,13.73],[-90.1,13.86],[-89.53,14.23],[-89.36,14.42]]]},"properties":{"name":"Guatemala","ISO3166-1-Alpha-3":"GTM","ISO3166-1-Alpha-2":"GT"}},{"type":"Feature","geometry":{"type":"MultiPolygon","coordinates":[[[[124.45,-9.18],[124.03,-9.34],[124.31,-9.49],[124.45,-9.18]]],[[[124.92,-8.96],[125.06,-9.49],[125.61,-9.19],[125.95,-9.13],[126.17,-8.99],[126.43,-8.95],[126.58,-8.81],[127.01,-8.68],[127.3,-8.43],[126.97,-8.31],[126.55,-8.49],[126.41,-8.42],[126.07,-8.52],[125.9,-8.48],[125.14,-8.63],[124.92,-8.96]]]]},"properties":{"name":"East Timor","ISO3166-1-Alpha-3":"TLS","ISO3166-1-Alpha-2":"TL"}},{"type":"Feature","geometry":{"type":"MultiPolygon","coordinates":[[[[115.15,4.91],[115.03,4.82],[115.11,4.38],[115.32,4.31],[115.27,4.64],[115.15,4.91]]],[[[114.98,4.89],[114.93,5],[114.53,4.69],[114.25,4.59],[114,4.6],[114.25,4.48],[114.59,4.02],[114.77,4.13],[114.84,4.36],[114.75,4.74],[114.98,4.89]]]]},"properties":{"name":"Brunei","ISO3166-1-Alpha-3":"BRN","ISO3166-1-Alpha-2":"BN"}},{"type":"Feature","geometry":{"type":"Polygon","coordinates":[[[7.44,43.74],[7.41,43.76],[7.37,43.72],[7.44,43.74]]]},"properties":{"name":"Monaco","ISO3166-1-Alpha-3":"MCO","ISO3166-1-Alpha-2":"MC"}},{"type":"Feature","geometry":{"type":"Polygon","coordinates":[[[-4.82,25],[-3.45,24.11],[-2.52,23.5],[-0.96,22.48],[-0.01,21.86],[1.15,21.1],[1.15,20.8],[1.64,20.52],[1.78,20.3],[2.18,20.28],[2.4,20.06],[2.95,19.94],[3.22,19.79],[3.26,19.41],[3.1,19.15],[3.31,18.98],[4.23,19.14],[5.75,19.43],[5.84,19.48],[7.48,20.87],[8.63,21.55],[9.72,22.19],[11.08,23],[11.97,23.52],[11.57,24.27],[10.72,24.55],[10.45,24.48],[10.26,24.58],[10.03,24.86],[9.97,25.4],[9.4,26.11],[9.48,26.35],[9.84,26.5],[9.91,26.84],[9.72,27.29],[9.94,27.87],[9.78,28.27],[9.85,28.79],[9.83,29.13],[9.67,29.61],[9.29,30.12],[9.52,30.23],[9.05,32.07],[8.32,32.56],[8.28,32.84],[8.09,33.09],[7.75,33.21],[7.48,33.89],[7.52,34.1],[7.83,34.41],[8.24,34.65],[8.31,35.1],[8.32,35.65],[8.24,35.83],[8.44,36.8],[8.6,36.94],[8.23,36.96],[7.91,36.85],[7.38,37.08],[6.91,36.89],[6.34,37.07],[6.2,36.9],[5.58,36.76],[5.3,36.64],[4.79,36.9],[3.83,36.91],[3.46,36.78],[2.93,36.81],[2.63,36.61],[2.31,36.63],[1.04,36.49],[0.13,36.05],[-0.12,35.79],[-0.35,35.91],[-0.68,35.72],[-0.83,35.77],[-1.19,35.57],[-1.27,35.39],[-1.76,35.13],[-2.22,35.09],[-1.79,34.76],[-1.87,34.6],[-1.67,34.11],[-1.72,33.9],[-1.61,33.52],[-1.67,33.24],[-1.5,33.06],[-1.42,32.74],[-1.05,32.52],[-1.22,32.39],[-1.25,32.08],[-2.52,32.13],[-2.94,32.05],[-2.83,31.79],[-3.66,31.65],[-3.67,31.39],[-3.81,31.22],[-3.55,30.96],[-3.65,30.71],[-4.37,30.51],[-4.62,30.28],[-4.88,30.18],[-5.27,29.89],[-5.54,29.52],[-5.76,29.61],[-6.7,29.52],[-7.15,29.51],[-7.35,29.38],[-7.62,29.39],[-8.38,28.91],[-8.68,28.67],[-8.68,27.66],[-8.68,27.29],[-7.3,26.47],[-6.14,25.79],[-4.82,25]]]},"properties":{"name":"Algeria","ISO3166-1-Alpha-3":"DZA","ISO3166-1-Alpha-2":"DZ"}},{"type":"Feature","geometry":{"type":"Polygon","coordinates":[[[32.11,-26.84],[32.89,-26.85],[32.93,-26.27],[32.68,-26.19],[32.59,-25.97],[32.87,-25.54],[33.15,-25.37],[33.73,-25.11],[34.65,-24.81],[35.11,-24.6],[35.49,-24.11],[35.39,-23.84],[35.52,-22.91],[35.5,-22.14],[35.34,-22.09],[35.27,-21.64],[35.06,-21.14],[35.12,-20.97],[34.99,-20.73],[34.74,-20.55],[34.68,-20.35],[34.88,-19.86],[35.34,-19.52],[35.66,-19.13],[36.11,-18.81],[36.24,-18.88],[36.55,-18.49],[36.89,-18.19],[37.09,-17.87],[37.36,-17.65],[37.91,-17.36],[38.6,-17.09],[39.09,-16.98],[39.2,-16.82],[39.7,-16.53],[39.81,-16.28],[39.99,-16.22],[40.16,-15.92],[40.57,-15.5],[40.68,-15.23],[40.67,-14.98],[40.84,-14.8],[40.84,-14.46],[40.61,-14.14],[40.54,-13.66],[40.56,-12.81],[40.48,-12.48],[40.54,-12],[40.43,-11.64],[40.5,-10.96],[40.6,-10.82],[40.44,-10.47],[40.01,-10.81],[39.48,-11],[39.29,-11.15],[38.9,-11.17],[38.49,-11.41],[38.26,-11.28],[37.88,-11.32],[37.78,-11.56],[37.43,-11.72],[37.04,-11.6],[36.75,-11.67],[36.2,-11.7],[36.17,-11.58],[35.83,-11.41],[35.65,-11.58],[34.96,-11.57],[34.65,-11.57],[34.35,-12.2],[34.49,-12.69],[34.55,-13.33],[34.64,-13.49],[34.89,-13.53],[35.46,-14.14],[35.85,-14.67],[35.9,-14.89],[35.78,-15.2],[35.84,-15.42],[35.8,-16],[35.7,-16.11],[35.37,-16.14],[35.21,-16.48],[35.3,-17.1],[35.08,-17.12],[35,-16.81],[34.39,-16.19],[34.23,-15.89],[34.57,-15.27],[34.58,-14.98],[34.5,-14.58],[34.34,-14.39],[33.6,-14.52],[33.44,-14.38],[33.2,-14.01],[31.66,-14.52],[31.41,-14.63],[30.82,-14.77],[30.21,-14.98],[30.37,-15.37],[30.4,-15.64],[30.4,-16],[31.26,-16.02],[31.4,-16.16],[31.69,-16.21],[31.91,-16.43],[32.29,-16.45],[32.89,-16.71],[32.83,-16.94],[33.02,-17.36],[32.94,-18.05],[33,-18.47],[32.89,-18.79],[32.69,-19.01],[32.86,-19.12],[32.77,-19.36],[32.82,-19.65],[33.03,-19.78],[32.85,-20.29],[32.47,-20.69],[32.5,-20.9],[32.34,-21.13],[32.41,-21.29],[31.43,-22.3],[31.29,-22.4],[31.54,-23.16],[31.52,-23.42],[31.74,-23.84],[31.99,-24.42],[31.99,-25.65],[31.95,-25.96],[32.11,-26.84]]]},"properties":{"name":"Mozambique","ISO3166-1-Alpha-3":"MOZ","ISO3166-1-Alpha-2":"MZ"}},{"type":"Feature","geometry":{"type":"Polygon","coordinates":[[[31.95,-25.96],[31.83,-25.98],[31.43,-25.74],[31.12,-25.91],[30.8,-26.4],[30.79,-26.72],[31.16,-27.21],[31.53,-27.31],[31.97,-27.32],[31.99,-26.84],[32.11,-26.84],[31.95,-25.96]]]},"properties":{"name":"eSwatini","ISO3166-1-Alpha-3":"SWZ","ISO3166-1-Alpha-2":"SZ"}},{"type":"Feature","geometry":{"type":"Polygon","coordinates":[[[30.55,-2.4],[30.38,-2.3],[30.14,-2.43],[29.93,-2.32],[29.9,-2.65],[29.7,-2.81],[29.34,-2.83],[29.31,-2.66],[29.02,-2.72],[29.23,-3.05],[29.22,-3.9],[29.34,-4.09],[29.4,-4.45],[29.73,-4.46],[30,-4.27],[30.47,-3.51],[30.83,-3.17],[30.72,-2.99],[30.42,-2.85],[30.42,-2.65],[30.55,-2.4]]]},"properties":{"name":"Burundi","ISO3166-1-Alpha-3":"BDI","ISO3166-1-Alpha-2":"BI"}},{"type":"Feature","geometry":{"type":"Polygon","coordinates":[[[29.02,-2.72],[29.31,-2.66],[29.34,-2.83],[29.7,-2.81],[29.9,-2.65],[29.93,-2.32],[30.14,-2.43],[30.38,-2.3],[30.55,-2.4],[30.83,-2.35],[30.83,-1.59],[30.56,-1.32],[30.47,-1.07],[30.35,-1.06],[30.15,-1.35],[29.9,-1.47],[29.84,-1.33],[29.58,-1.39],[29.36,-1.51],[29.15,-1.8],[29.15,-2.15],[28.86,-2.42],[29.02,-2.72]]]},"properties":{"name":"Rwanda","ISO3166-1-Alpha-3":"RWA","ISO3166-1-Alpha-2":"RW"}},{"type":"Feature","geometry":{"type":"Polygon","coordinates":[[[92.58,21.98],[92.59,21.5],[92.32,21.46],[92.18,21.32],[92.27,21.06],[92.38,20.7],[92.77,20.2],[93.15,19.99],[93.37,20.09],[93.6,19.78],[93.99,19.39],[93.8,19.24],[93.75,18.97],[94.13,18.85],[94.48,18.09],[94.45,17.97],[94.6,17.62],[94.57,17.31],[94.38,16.89],[94.22,16.16],[94.34,16],[94.56,15.96],[94.86,15.78],[95.4,15.72],[95.66,15.95],[95.76,16.15],[96.34,16.44],[96.62,16.52],[96.8,16.74],[97.07,17.25],[97.26,16.7],[97.55,16.54],[97.65,16.28],[97.58,16.01],[97.73,15.84],[97.79,15.41],[97.79,14.88],[98.11,14.13],[98.1,13.7],[98.24,13.71],[98.43,13.48],[98.69,12.71],[98.55,12.28],[98.72,11.96],[98.7,11.39],[98.76,11.27],[98.71,10.92],[98.46,10.72],[98.59,10.04],[98.75,10.35],[98.77,10.69],[99.24,11.2],[99.63,11.82],[99.47,12.13],[99.39,12.59],[99.21,12.73],[99.1,13.17],[99.19,13.23],[99.15,13.71],[98.95,14.07],[98.55,14.38],[98.24,14.81],[98.16,15.13],[98.28,15.29],[98.56,15.36],[98.54,15.74],[98.66,16.12],[98.63,16.46],[98.46,16.72],[98.52,16.85],[98.31,17.05],[97.98,17.51],[97.77,17.68],[97.75,17.97],[97.44,18.49],[97.75,18.58],[97.72,18.86],[97.81,19.11],[97.77,19.4],[97.84,19.56],[98.22,19.71],[98.53,19.68],[99.01,19.85],[99.02,20.04],[99.3,20.06],[99.94,20.44],[100.1,20.32],[100.21,20.7],[100.52,20.89],[100.73,21.31],[101.16,21.55],[101.07,21.76],[100.62,21.47],[100.33,21.52],[99.95,21.72],[99.94,22.05],[99.17,22.2],[99.36,22.5],[99.31,22.72],[99.53,22.95],[99.22,23.06],[98.91,23.3],[98.86,23.6],[98.66,23.97],[98.5,24.12],[98.18,24.12],[97.89,24.02],[97.71,24.13],[97.54,24.75],[97.74,25.09],[98.33,25.57],[98.46,25.79],[98.69,25.88],[98.75,26.77],[98.67,27.18],[98.68,27.58],[98.4,27.68],[98.11,27.97],[98.12,28.14],[97.7,28.49],[97.53,28.53],[97.32,28.22],[97.22,27.9],[96.87,27.62],[96.76,27.34],[96.14,27.26],[95.39,26.69],[95.12,26.6],[95.05,26.25],[95.14,26.03],[95.01,25.74],[94.61,25.39],[94.55,25.25],[94.71,25.03],[94.29,24.32],[94.19,24],[94,23.92],[93.61,24.01],[93.46,23.96],[93.37,23.13],[93.08,22.77],[93.17,22.25],[92.85,22.02],[92.58,21.98]]]},"properties":{"name":"Myanmar","ISO3166-1-Alpha-3":"MMR","ISO3166-1-Alpha-2":"MM"}},{"type":"Feature","geometry":{"type":"Polygon","coordinates":[[[92.58,21.98],[92.5,22.7],[92.38,22.9],[92.36,23.29],[92.15,23.73],[91.74,23.27],[91.8,23.09],[91.54,22.98],[91.3,23.14],[91.14,23.61],[91.22,23.91],[91.36,24.1],[91.6,24.1],[92.11,24.41],[92.23,24.78],[92.46,24.95],[92,25.18],[91.47,25.13],[91.24,25.2],[90.82,25.14],[90.36,25.15],[89.8,25.37],[89.83,25.91],[89.6,26.06],[89.35,26],[89.13,26.13],[89.04,26.38],[88.81,26.23],[88.66,26.42],[88.16,26.14],[88.07,25.91],[88.53,25.5],[88.77,25.5],[88.9,25.17],[88.43,25.17],[88.2,24.95],[88.02,24.65],[88.14,24.5],[88.48,24.32],[88.74,24.29],[88.54,23.65],[88.72,23.47],[88.69,23.29],[88.95,23.18],[88.84,22.96],[89.06,22.13],[89.1,21.82],[89.47,21.78],[90.02,21.86],[90.18,21.8],[90.61,22.31],[90.61,22.47],[90.41,22.76],[90.63,23.09],[90.95,22.58],[91.2,22.54],[91.46,22.78],[91.68,22.53],[91.86,22.11],[91.91,21.78],[92.02,21.6],[91.96,21.42],[92.05,21.15],[92.27,21.06],[92.18,21.32],[92.32,21.46],[92.59,21.5],[92.58,21.98]]]},"properties":{"name":"Bangladesh","ISO3166-1-Alpha-3":"BGD","ISO3166-1-Alpha-2":"BD"}},{"type":"Feature","geometry":{"type":"Polygon","coordinates":[[[1.71,42.5],[1.43,42.6],[1.45,42.43],[1.71,42.5]]]},"properties":{"name":"Andorra","ISO3166-1-Alpha-3":"AND","ISO3166-1-Alpha-2":"AD"}},{"type":"Feature","geometry":{"type":"Polygon","coordinates":[[[74.54,37.02],[74.49,37.23],[74.89,37.23],[74.66,37.39],[74.22,37.4],[73.8,37.23],[73.75,37.43],[73.28,37.46],[72.76,37.19],[72.66,37.03],[72.26,36.97],[71.84,36.7],[71.61,36.7],[71.43,37.07],[71.6,37.9],[71.26,37.95],[71.33,38.28],[70.97,38.47],[70.6,38.34],[70.48,38.14],[70.17,37.89],[70.28,37.7],[70.16,37.54],[69.53,37.59],[69.38,37.44],[69.32,37.12],[69.01,37.31],[68.31,37.11],[68.01,36.93],[67.78,37.19],[67.48,37.28],[67.24,37.19],[67.01,37.38],[66.52,37.36],[66.29,37.33],[65.67,37.52],[65.5,37.24],[65.06,37.23],[64.76,37.09],[64.78,36.94],[64.59,36.62],[64.61,36.46],[64.27,36.15],[63.34,35.86],[63.08,35.62],[63.08,35.44],[62.62,35.22],[62.22,35.31],[62.03,35.42],[61.54,35.45],[61.27,35.62],[61.11,35.28],[61.07,34.81],[60.71,34.54],[60.49,34.09],[60.51,33.64],[60.88,33.55],[60.57,33.15],[60.58,32.99],[60.83,32.25],[60.77,32.03],[60.86,31.48],[61.66,31.38],[61.83,31.03],[61.79,30.83],[60.84,29.86],[62.48,29.41],[63.57,29.5],[64.09,29.39],[64.48,29.57],[65.04,29.54],[66.2,29.84],[66.32,30.44],[66.27,30.6],[66.37,30.92],[66.55,30.98],[66.7,31.2],[67.35,31.21],[68.13,31.81],[68.68,31.77],[69,31.65],[69.3,31.94],[69.23,32.42],[69.43,32.67],[69.55,33.08],[69.88,33.09],[70.29,33.32],[70.11,33.73],[69.84,33.94],[70,34.04],[70.52,33.94],[71.05,34.04],[71.12,34.36],[70.97,34.47],[71.08,34.67],[71.46,34.94],[71.63,35.2],[71.59,35.55],[71.34,35.95],[71.17,36.03],[71.63,36.46],[71.74,36.4],[72.21,36.73],[72.57,36.82],[73.64,36.9],[74.09,36.83],[74.54,37.02]]]},"properties":{"name":"Afghanistan","ISO3166-1-Alpha-3":"AFG","ISO3166-1-Alpha-2":"AF"}},{"type":"Feature","geometry":{"type":"Polygon","coordinates":[[[18.5,42.42],[19.37,41.85],[19.27,42.18],[19.61,42.58],[19.82,42.47],[20.06,42.55],[20.08,42.77],[20.35,42.83],[19.93,43.11],[19.62,43.17],[19.2,43.53],[18.91,43.51],[18.45,42.99],[18.54,42.62],[18.44,42.56],[18.5,42.42]]]},"properties":{"name":"Montenegro","ISO3166-1-Alpha-3":"MNE","ISO3166-1-Alpha-2":"ME"}},{"type":"Feature","geometry":{"type":"Polygon","coordinates":[[[17.65,42.89],[18.44,42.56],[18.54,42.62],[18.45,42.99],[18.91,43.51],[19.2,43.53],[19.46,43.76],[19.28,43.93],[19.62,44.04],[19.18,44.29],[19.13,44.52],[19.37,44.89],[19.02,44.87],[18.62,45.1],[18.24,45.16],[17.84,45.06],[17.19,45.15],[16.93,45.28],[16.48,45.2],[16.34,45.01],[16,45.22],[15.78,45.16],[15.72,44.79],[16.12,44.52],[16.22,44.21],[17.08,43.51],[17.58,42.94],[17.65,42.89]]]},"properties":{"name":"Bosnia and Herzegovina","ISO3166-1-Alpha-3":"BIH","ISO3166-1-Alpha-2":"BA"}},{"type":"Feature","geometry":{"type":"Polygon","coordinates":[[[30.47,-1.07],[30.83,-1],[32.36,-1],[33.9,-1],[33.89,-0.66],[33.95,-0.15],[33.89,0.11],[34.09,0.37],[34.13,0.57],[34.39,0.82],[34.51,1.1],[34.8,1.23],[34.78,1.39],[34.98,1.68],[34.92,2.48],[34.73,2.85],[34.43,3.18],[34.28,3.71],[33.98,4.22],[33.53,3.77],[33.2,3.76],[33.02,3.88],[32.76,3.77],[32.37,3.73],[31.94,3.59],[31.78,3.82],[31.51,3.66],[31.14,3.79],[30.94,3.68],[30.84,3.49],[30.91,3.39],[30.75,3.04],[30.85,2.89],[30.72,2.44],[30.87,2.33],[31.18,2.3],[31.24,2.05],[31.03,1.78],[30.68,1.5],[30.48,1.24],[30.24,1.14],[30.15,0.9],[29.93,0.79],[29.94,0.5],[29.71,0.1],[29.56,-0.92],[29.58,-1.39],[29.84,-1.33],[29.9,-1.47],[30.15,-1.35],[30.35,-1.06],[30.47,-1.07]]]},"properties":{"name":"Uganda","ISO3166-1-Alpha-3":"UGA","ISO3166-1-Alpha-2":"UG"}},{"type":"Feature","geometry":{"type":"Polygon","coordinates":[[[-75.1,19.9],[-75.14,19.97],[-75.16,19.91],[-75.1,19.9]]]},"properties":{"name":"US Naval Base Guantanamo Bay","ISO3166-1-Alpha-3":"-99","ISO3166-1-Alpha-2":"-99"}},{"type":"Feature","geometry":{"type":"MultiPolygon","coordinates":[[[[-75.1,19.9],[-74.81,20.04],[-74.27,20.07],[-74.61,20.49],[-75,20.7],[-75.78,20.75],[-75.58,21.01],[-75.82,21.14],[-76.12,21.09],[-76.39,21.28],[-76.65,21.29],[-77.51,21.86],[-77.66,21.78],[-77.9,21.88],[-78.07,22.09],[-78.78,22.39],[-79.34,22.41],[-79.7,22.75],[-80.02,22.95],[-80.28,22.91],[-80.62,23.09],[-81.18,23.05],[-81.27,23.14],[-82.03,23.2],[-82.58,23.05],[-83.21,23],[-83.37,22.89],[-84.02,22.68],[-84.39,22.35],[-84.43,22.2],[-84.31,21.88],[-83.99,21.95],[-83.93,22.17],[-83.42,22.19],[-83.09,22.46],[-82.63,22.68],[-81.88,22.68],[-81.68,22.46],[-82.12,22.43],[-81.82,22.19],[-81.2,22.21],[-80.99,22.05],[-80.44,22.04],[-80.27,21.89],[-79.25,21.55],[-78.77,21.64],[-78.56,21.38],[-78.49,21.05],[-78.07,20.71],[-77.31,20.71],[-77.11,20.51],[-77.18,20.29],[-77.4,20.2],[-77.74,19.86],[-76.52,19.94],[-76.25,19.99],[-75.23,19.9],[-75.16,19.97],[-75.14,19.97],[-75.1,19.9]]],[[[-82.57,21.64],[-82.69,21.88],[-82.99,21.95],[-83.07,21.76],[-82.84,21.44],[-82.57,21.64]]]]},"properties":{"name":"Cuba","ISO3166-1-Alpha-3":"CUB","ISO3166-1-Alpha-2":"CU"}},{"type":"Feature","geometry":{"type":"Polygon","coordinates":[[[-89.36,14.42],[-89.03,14.31],[-88.49,13.87],[-88.09,13.98],[-87.71,13.8],[-87.82,13.41],[-87.62,13.42],[-87.31,12.98],[-86.95,13.07],[-86.91,13.24],[-86.7,13.31],[-86.77,13.75],[-86.41,13.75],[-86.1,14.04],[-85.82,13.85],[-85.43,14.13],[-85.03,14.59],[-85,14.74],[-84.77,14.81],[-84.48,14.62],[-83.87,14.78],[-83.39,15.03],[-83.13,15],[-83.41,15.27],[-83.77,15.29],[-84.29,15.81],[-85,15.99],[-85.49,15.87],[-85.7,15.98],[-86.47,15.8],[-86.88,15.76],[-87.35,15.85],[-87.51,15.8],[-87.72,15.92],[-88.22,15.73],[-88.97,15.14],[-89.17,15.04],[-89.14,14.71],[-89.36,14.42]]]},"properties":{"name":"Honduras","ISO3166-1-Alpha-3":"HND","ISO3166-1-Alpha-2":"HN"}},{"type":"Feature","geometry":{"type":"MultiPolygon","coordinates":[[[[-78.83,1.43],[-78.96,1.16],[-79.46,1.07],[-80.08,0.82],[-80.02,0.56],[-80.07,0.05],[-80.5,-0.38],[-80.42,-0.6],[-80.62,-0.94],[-80.92,-1.07],[-80.74,-1.34],[-80.85,-1.62],[-80.73,-1.9],[-80.74,-2.1],[-80.91,-2.32],[-80.66,-2.42],[-80.32,-2.71],[-80.18,-2.59],[-79.73,-2.57],[-79.95,-3.2],[-80.34,-3.39],[-80.17,-3.89],[-80.48,-4],[-80.49,-4.4],[-80.41,-4.48],[-80.08,-4.31],[-79.8,-4.48],[-79.51,-4.53],[-79.45,-4.81],[-79.3,-4.96],[-79.01,-4.96],[-78.85,-4.65],[-78.67,-4.55],[-78.68,-4.33],[-78.5,-3.95],[-78.36,-3.49],[-77.85,-2.98],[-76.68,-2.57],[-76.09,-2.13],[-75.56,-1.5],[-75.27,-0.53],[-75.43,-0.4],[-75.46,-0.16],[-75.28,-0.11],[-75.65,0.09],[-75.79,0.08],[-76.05,0.36],[-76.31,0.46],[-76.41,0.25],[-76.9,0.25],[-77.42,0.41],[-77.47,0.65],[-77.73,0.84],[-78.12,0.92],[-78.57,1.2],[-78.83,1.43]]],[[[-90.19,-0.54],[-90.49,-0.53],[-90.34,-0.78],[-90.19,-0.54]]],[[[-90.81,-0.73],[-90.96,-0.44],[-91.18,-0.21],[-91.21,-0.01],[-91.42,-0.03],[-91.35,-0.31],[-91.09,-0.57],[-91.44,-0.78],[-91.4,-1.02],[-90.93,-0.97],[-90.81,-0.73]]]]},"properties":{"name":"Ecuador","ISO3166-1-Alpha-3":"ECU","ISO3166-1-Alpha-2":"EC"}},{"type":"Feature","geometry":{"type":"Polygon","coordinates":[[[-78.83,1.43],[-78.57,1.2],[-78.12,0.92],[-77.73,0.84],[-77.47,0.65],[-77.42,0.41],[-76.9,0.25],[-76.41,0.25],[-76.31,0.46],[-76.05,0.36],[-75.79,0.08],[-75.65,0.09],[-75.28,-0.11],[-75.14,-0.04],[-74.82,-0.17],[-74.41,-0.57],[-74.29,-0.94],[-73.64,-1.26],[-73.5,-1.48],[-73.53,-1.67],[-73.19,-1.8],[-73.11,-2.07],[-73.2,-2.19],[-72.94,-2.42],[-72.64,-2.33],[-72.4,-2.45],[-71.97,-2.33],[-71.77,-2.14],[-71.22,-2.34],[-70.87,-2.23],[-70.05,-2.72],[-70.73,-3.78],[-70.54,-3.87],[-70.31,-3.83],[-69.96,-4.24],[-69.77,-3.23],[-69.4,-1.18],[-69.63,-0.73],[-69.63,-0.51],[-69.94,-0.31],[-70.07,-0.12],[-70.05,0.59],[-69.62,0.65],[-69.14,0.65],[-69.2,0.94],[-69.37,1.06],[-69.85,1.06],[-69.85,1.67],[-69.58,1.77],[-69.35,1.72],[-68.16,1.72],[-67.79,1.81],[-67.59,2.05],[-67.34,2.09],[-67.12,1.71],[-67.1,1.25],[-66.88,1.22],[-67.07,1.89],[-67.33,2.47],[-67.63,2.81],[-67.84,2.89],[-67.3,3.43],[-67.47,3.68],[-67.63,3.76],[-67.87,4.51],[-67.79,5.06],[-67.84,5.3],[-67.65,5.48],[-67.6,5.82],[-67.43,6.04],[-67.57,6.27],[-68.64,6.14],[-69.06,6.22],[-69.25,6.08],[-69.44,6.12],[-70.1,6.94],[-70.32,6.94],[-70.7,7.1],[-71.18,6.96],[-71.65,7.05],[-71.83,6.99],[-72.08,7.07],[-72.21,7.38],[-72.45,7.44],[-72.49,7.95],[-72.34,8.1],[-72.39,8.34],[-72.68,8.65],[-72.78,9.06],[-73.01,9.3],[-73.38,9.16],[-72.98,9.84],[-72.91,10.45],[-72.48,11.13],[-72.26,11.17],[-71.97,11.66],[-71.33,11.85],[-71.11,12.09],[-71.24,12.33],[-71.66,12.47],[-71.91,12.21],[-72.14,12.1],[-72.26,11.89],[-72.76,11.7],[-73.29,11.29],[-73.83,11.28],[-74.19,11.32],[-74.22,11.08],[-74.36,10.78],[-74.5,10.97],[-74.84,11.11],[-75.04,10.92],[-75.51,10.59],[-75.52,10.32],[-75.66,9.71],[-75.62,9.45],[-75.91,9.43],[-76.17,9.25],[-76.26,9.01],[-76.67,8.68],[-76.89,8.62],[-76.77,8.4],[-76.83,8.14],[-77.05,8.28],[-77.37,8.66],[-77.48,8.53],[-77.2,7.98],[-77.34,7.71],[-77.58,7.53],[-77.82,7.48],[-77.9,7.24],[-77.65,6.98],[-77.53,6.71],[-77.34,6.54],[-77.42,6.24],[-77.25,5.79],[-77.49,5.59],[-77.36,5.3],[-77.32,4.55],[-77.43,4],[-77.15,3.8],[-77.2,3.62],[-77.65,3.07],[-77.75,2.63],[-78.09,2.51],[-78.43,2.59],[-78.7,2.19],[-78.57,1.78],[-78.85,1.82],[-79,1.61],[-78.83,1.43]]]},"properties":{"name":"Colombia","ISO3166-1-Alpha-3":"COL","ISO3166-1-Alpha-2":"CO"}},{"type":"Feature","geometry":{"type":"Polygon","coordinates":[[[-62.65,-22.23],[-62.29,-22.48],[-61.96,-23.03],[-61.49,-23.41],[-61.11,-23.61],[-61.01,-23.81],[-60.33,-24.02],[-60.03,-24.01],[-59.46,-24.36],[-59.34,-24.49],[-58.81,-24.78],[-58.22,-24.94],[-57.75,-25.18],[-57.56,-25.46],[-58.09,-26.13],[-58.21,-26.4],[-58.25,-26.76],[-58.65,-27.16],[-58.51,-27.28],[-58.02,-27.26],[-57.18,-27.49],[-56.9,-27.42],[-56.55,-27.46],[-56.37,-27.58],[-56.12,-27.3],[-55.75,-27.44],[-55.41,-26.98],[-54.98,-26.79],[-54.71,-26.44],[-54.6,-25.57],[-54.26,-24.33],[-54.25,-24.05],[-54.61,-23.81],[-54.94,-23.97],[-55.4,-23.98],[-55.53,-23.6],[-55.54,-23.23],[-55.64,-23],[-55.63,-22.63],[-55.89,-22.31],[-56.2,-22.28],[-56.42,-22.07],[-56.84,-22.29],[-57.21,-22.19],[-57.84,-22.14],[-57.99,-22.04],[-57.86,-21.33],[-57.86,-20.73],[-58.16,-20.17],[-58.18,-19.82],[-59.09,-19.29],[-60.01,-19.3],[-61.76,-19.66],[-61.94,-20.1],[-62.28,-20.58],[-62.28,-21.07],[-62.65,-22.23]]]},"properties":{"name":"Paraguay","ISO3166-1-Alpha-3":"PRY","ISO3166-1-Alpha-2":"PY"}},{"type":"Feature","geometry":{"type":"Polygon","coordinates":[[[-57.64,-30.19],[-57.6,-30.19],[-57.61,-30.18],[-57.64,-30.19]]]},"properties":{"name":"Brazilian Island","ISO3166-1-Alpha-3":"-99","ISO3166-1-Alpha-2":"-99"}},{"type":"Feature","geometry":{"type":"Polygon","coordinates":[[[-7.41,37.19],[-7.53,37.57],[-7.27,37.95],[-7.02,38.02],[-7.36,38.45],[-7.27,38.74],[-6.97,39.01],[-7.17,39.11],[-7.31,39.46],[-7.56,39.68],[-7.04,39.69],[-6.88,40.01],[-7.04,40.18],[-6.86,40.44],[-6.82,41.05],[-6.21,41.57],[-6.56,41.67],[-6.66,41.93],[-7.15,41.99],[-7.25,41.86],[-7.72,41.9],[-8.05,41.82],[-8.22,42.15],[-8.75,41.97],[-8.88,41.74],[-8.66,40.99],[-8.87,40.12],[-9.09,39.58],[-9.35,39.37],[-9.49,38.71],[-9.25,38.67],[-9.2,38.41],[-8.91,38.51],[-8.77,38.19],[-8.8,37.49],[-8.88,37.05],[-8.63,37.12],[-7.79,37.02],[-7.41,37.19]]]},"properties":{"name":"Portugal","ISO3166-1-Alpha-3":"PRT","ISO3166-1-Alpha-2":"PT"}},{"type":"Feature","geometry":{"type":"Polygon","coordinates":[[[26.62,48.26],[27.05,48.12],[27.27,47.71],[27.81,47.14],[28.04,47.02],[28.23,46.66],[28.25,46.43],[28.09,46],[28.2,45.46],[28.93,45.99],[28.95,46.45],[29.28,46.4],[29.73,46.46],[29.95,46.72],[29.56,46.95],[29.56,47.32],[29.12,47.53],[29.24,47.76],[29.12,47.98],[28.8,48.11],[28.2,48.21],[27.75,48.45],[27.18,48.36],[26.84,48.39],[26.62,48.26]]]},"properties":{"name":"Moldova","ISO3166-1-Alpha-3":"MDA","ISO3166-1-Alpha-2":"MD"}},{"type":"Feature","geometry":{"type":"Polygon","coordinates":[[[61.27,35.62],[61.54,35.45],[62.03,35.42],[62.22,35.31],[62.62,35.22],[63.08,35.44],[63.08,35.62],[63.34,35.86],[64.27,36.15],[64.61,36.46],[64.59,36.62],[64.78,36.94],[64.76,37.09],[65.06,37.23],[65.5,37.24],[65.67,37.52],[66.29,37.33],[66.52,37.36],[66.55,38.03],[65.88,38.27],[65.6,38.24],[64.98,38.61],[64.63,38.74],[64.34,38.97],[64.12,38.96],[63.71,39.19],[63.48,39.4],[62.59,39.89],[62.45,40.01],[62.35,40.43],[62.04,40.71],[61.88,41.12],[61.47,41.3],[61.28,41.16],[60.86,41.25],[60.41,41.24],[60.09,41.39],[60.16,41.6],[59.98,41.95],[60.03,42.2],[59.87,42.3],[59.48,42.29],[59.12,42.54],[58.89,42.55],[58.61,42.78],[58.28,42.69],[58,42.49],[57.85,42.19],[57.38,42.16],[56.95,41.87],[57.01,41.25],[55.98,41.32],[55.43,41.29],[54.74,42.05],[54.05,42.35],[53.41,42.26],[52.98,42.13],[52.44,41.75],[52.56,41.52],[52.82,41.39],[52.82,41.76],[53.12,42.09],[53.68,42.14],[53.9,42.08],[54.04,41.53],[54.6,41.19],[54.76,40.97],[54.64,40.84],[54.01,40.66],[53.72,40.63],[53.54,40.76],[53.11,40.77],[52.96,41.02],[52.74,40.48],[52.74,40.05],[52.88,39.94],[53.44,40],[53.57,39.95],[53.36,39.54],[53.75,39.05],[53.98,38.9],[53.83,38.53],[53.82,37.74],[53.91,37.34],[54.19,37.32],[54.78,37.52],[54.86,37.76],[55.42,38.08],[55.71,38.12],[56.3,38.08],[56.44,38.26],[57.04,38.19],[57.22,38.27],[57.35,37.97],[58.18,37.77],[58.37,37.63],[58.86,37.67],[59.35,37.49],[59.51,37.19],[60.02,37.03],[60.34,36.64],[61.08,36.65],[61.22,36.12],[61.27,35.62]]]},"properties":{"name":"Turkmenistan","ISO3166-1-Alpha-3":"TKM","ISO3166-1-Alpha-2":"TM"}},{"type":"Feature","geometry":{"type":"Polygon","coordinates":[[[35.76,32.74],[35.56,32.64],[35.56,32.38],[35.56,31.77],[35.46,31.49],[35.44,31.1],[35.14,30.43],[35.15,30.15],[34.96,29.56],[34.95,29.35],[36.02,29.19],[36.48,29.49],[36.76,29.87],[37.47,29.99],[37.63,30.31],[37.98,30.5],[36.96,31.49],[38.96,31.99],[39.15,32.12],[38.77,33.37],[36.82,32.32],[36.37,32.39],[36.07,32.52],[35.76,32.74]]]},"properties":{"name":"Jordan","ISO3166-1-Alpha-3":"JOR","ISO3166-1-Alpha-2":"JO"}},{"type":"Feature","geometry":{"type":"Polygon","coordinates":[[[88.12,27.86],[87.16,27.83],[86.66,28.11],[86.44,27.91],[86.2,28],[85.98,27.89],[85.68,28.31],[85.26,28.27],[85.08,28.32],[84.92,28.54],[84.68,28.6],[84.24,28.9],[84.1,29.25],[83.95,29.29],[83.52,29.19],[83.16,29.63],[82.84,29.66],[82.54,29.92],[82.14,30.07],[82.09,30.33],[81.59,30.41],[81.19,30],[81,30.2],[80.57,29.95],[80.37,29.76],[80.21,29.42],[80.28,29.27],[80.04,28.84],[80.35,28.62],[80.65,28.62],[81.15,28.37],[81.31,28.12],[81.86,27.85],[82.05,27.91],[82.4,27.68],[82.65,27.7],[82.75,27.49],[83.13,27.44],[83.83,27.43],[84.08,27.51],[84.29,27.38],[84.58,27.33],[84.64,27.03],[84.8,27.01],[85.29,26.74],[85.6,26.85],[85.82,26.57],[86.01,26.65],[86.28,26.61],[86.71,26.41],[87.08,26.43],[87.33,26.35],[88.07,26.45],[88.17,26.74],[87.97,27.1],[88.12,27.86]]]},"properties":{"name":"Nepal","ISO3166-1-Alpha-3":"NPL","ISO3166-1-Alpha-2":"NP"}},{"type":"Feature","geometry":{"type":"Polygon","coordinates":[[[28.98,-28.91],[28.67,-28.6],[28.15,-28.7],[28.02,-28.86],[27.75,-28.91],[27.24,-29.55],[27.01,-29.63],[27.37,-30.31],[27.74,-30.6],[28.05,-30.65],[28.36,-30.16],[28.86,-30.07],[29.14,-29.92],[29.16,-29.67],[29.44,-29.34],[29.31,-29.09],[28.98,-28.91]]]},"properties":{"name":"Lesotho","ISO3166-1-Alpha-3":"LSO","ISO3166-1-Alpha-2":"LS"}},{"type":"Feature","geometry":{"type":"Polygon","coordinates":[[[11.32,2.17],[11.35,2.3],[12.2,2.28],[12.75,2.24],[13.24,2.27],[13.29,2.16],[14.27,2.15],[14.56,2.21],[15.09,1.98],[15.23,2.03],[15.76,1.91],[15.89,1.79],[16.2,2.24],[16.09,2.51],[16.09,2.86],[15.91,3.1],[15.79,3.11],[15.17,3.76],[15,4.4],[14.72,4.62],[14.66,5.14],[14.52,5.28],[14.63,5.74],[14.58,5.92],[14.4,6.02],[14.72,6.26],[14.93,6.71],[15.04,6.79],[15.22,7.25],[15.48,7.52],[15.44,7.84],[15.18,8.48],[15.03,8.66],[14.35,9.17],[13.95,9.64],[14.18,9.98],[14.73,9.92],[15.21,9.98],[15.38,9.93],[15.54,10.08],[15.3,10.31],[15.07,10.79],[15.02,11.18],[15.14,11.53],[15.04,12.06],[14.9,12.15],[14.83,12.62],[14.49,12.89],[14.42,13.08],[14.06,13.08],[14.18,12.39],[14.51,12.32],[14.67,12.17],[14.55,11.72],[14.59,11.5],[14.17,11.24],[13.98,11.28],[13.75,11.02],[13.57,10.68],[13.43,10.15],[13.25,10.08],[13.2,9.54],[12.86,9.38],[12.81,8.83],[12.66,8.66],[12.38,8.6],[12.25,8.42],[12.2,7.98],[12.02,7.6],[11.78,7.24],[11.88,7.1],[11.62,6.93],[11.51,6.61],[11.32,6.44],[11.1,6.45],[11.06,6.7],[10.83,6.95],[10.6,7.06],[10.5,6.87],[10.24,6.87],[10.12,6.99],[9.77,6.77],[9.59,6.5],[8.86,5.85],[8.89,5.62],[8.8,5.16],[8.59,4.82],[8.51,4.55],[8.7,4.5],[8.87,4.6],[8.97,4.1],[9.41,3.9],[9.58,4.01],[9.64,3.54],[9.9,3.27],[9.96,3.08],[9.88,2.88],[9.8,2.34],[9.99,2.17],[11.32,2.17]]]},"properties":{"name":"Cameroon","ISO3166-1-Alpha-3":"CMR","ISO3166-1-Alpha-2":"CM"}},{"type":"Feature","geometry":{"type":"Polygon","coordinates":[[[13.29,2.16],[13.24,2.27],[12.75,2.24],[12.2,2.28],[11.35,2.3],[11.32,2.17],[11.34,1],[9.8,1],[9.31,0.61],[9.5,0.29],[9.36,0.02],[9.27,-0.41],[9.1,-0.6],[8.8,-0.73],[9.03,-1.3],[9.29,-1.42],[9.24,-1.79],[9.57,-2.19],[9.6,-2.35],[9.84,-2.5],[9.9,-2.7],[10.64,-3.31],[10.65,-3.45],[10.98,-3.71],[11.11,-3.94],[11.21,-3.7],[11.57,-3.54],[11.83,-3.55],[11.94,-3.3],[11.69,-3.17],[11.76,-2.98],[11.64,-2.83],[11.56,-2.35],[12.06,-2.41],[12.46,-2.33],[12.42,-1.9],[12.58,-1.83],[12.8,-1.92],[13.01,-2.29],[13.36,-2.43],[13.59,-2.33],[13.77,-2.12],[13.88,-2.49],[14.08,-2.5],[14.23,-2.32],[14.25,-1.97],[14.37,-1.92],[14.37,-1.6],[14.48,-1.39],[14.39,-1.02],[14.5,-0.63],[14.12,-0.3],[13.83,-0.21],[13.92,-0.05],[13.87,0.2],[14.08,0.54],[14.23,0.54],[14.47,0.91],[14.18,1.38],[13.79,1.43],[13.54,1.28],[13.25,1.22],[13.13,1.59],[13.29,2.16]]]},"properties":{"name":"Gabon","ISO3166-1-Alpha-3":"GAB","ISO3166-1-Alpha-2":"GA"}},{"type":"Feature","geometry":{"type":"Polygon","coordinates":[[[3.6,11.7],[3.65,12.53],[3.93,12.75],[4.09,13],[4.13,13.47],[4.51,13.69],[4.86,13.77],[5.27,13.75],[5.55,13.87],[6.12,13.65],[6.37,13.63],[6.91,13.01],[7.39,13.11],[7.76,13.33],[8.08,13.31],[8.68,12.92],[9.27,12.81],[9.64,12.82],[9.93,13.15],[10.16,13.27],[10.67,13.38],[11.44,13.36],[11.85,13.25],[12.06,13.12],[12.47,13.06],[12.56,13.24],[12.88,13.5],[13.23,13.55],[13.36,13.71],[13.61,13.7],[13.45,14.38],[13.76,14.72],[13.83,15.02],[14.37,15.75],[15.45,16.88],[15.58,18.17],[15.74,19.9],[15.95,20.37],[15.54,20.8],[15.61,20.95],[15.18,21.51],[15.17,21.99],[14.98,23],[14.23,22.62],[13.48,23.18],[11.97,23.52],[11.08,23],[9.72,22.19],[8.63,21.55],[7.48,20.87],[5.84,19.48],[5.75,19.43],[4.23,19.14],[4.24,17],[4.18,16.42],[4.06,16.3],[3.87,15.71],[3.53,15.5],[3.51,15.35],[3.07,15.43],[3,15.34],[1.33,15.28],[0.97,14.99],[0.51,14.99],[0.22,14.91],[0.15,14.55],[0.39,14.25],[0.34,14.13],[0.62,13.68],[0.95,13.58],[0.97,13.07],[1.54,12.65],[1.83,12.6],[2.11,12.71],[2.24,12.42],[2.07,12.31],[2.39,11.9],[2.36,12.22],[2.84,12.4],[3.6,11.7]]]},"properties":{"name":"Niger","ISO3166-1-Alpha-3":"NER","ISO3166-1-Alpha-2":"NE"}},{"type":"Feature","geometry":{"type":"Polygon","coordinates":[[[2.39,11.9],[2.07,12.31],[2.24,12.42],[2.11,12.71],[1.83,12.6],[1.54,12.65],[0.97,13.07],[0.95,13.58],[0.62,13.68],[0.34,14.13],[0.39,14.25],[0.15,14.55],[0.22,14.91],[-0.24,15.07],[-0.75,15.07],[-1.04,14.82],[-1.35,14.71],[-1.7,14.5],[-1.97,14.48],[-2.02,14.2],[-2.15,14.16],[-2.46,14.28],[-2.84,14.04],[-3.07,13.61],[-3.26,13.66],[-3.25,13.29],[-3.6,13.2],[-3.98,13.4],[-4.35,13.12],[-4.23,12.95],[-4.39,12.53],[-4.41,12.31],[-4.81,12],[-5.17,11.94],[-5.31,11.63],[-5.22,11.42],[-5.32,11.14],[-5.49,11.08],[-5.43,10.84],[-5.52,10.43],[-5.4,10.3],[-5.11,10.28],[-4.97,9.9],[-4.32,9.61],[-4.27,9.74],[-3.66,9.95],[-3.14,9.83],[-2.76,9.39],[-2.69,9.49],[-2.74,9.83],[-2.93,10.63],[-2.75,10.99],[-1.6,11],[-0.52,10.99],[-0.17,11.13],[0.49,11],[0.9,10.99],[1.13,11.25],[1.43,11.46],[1.6,11.39],[2.01,11.43],[2.29,11.67],[2.39,11.9]]]},"properties":{"name":"Burkina Faso","ISO3166-1-Alpha-3":"BFA","ISO3166-1-Alpha-2":"BF"}},{"type":"Feature","geometry":{"type":"Polygon","coordinates":[[[-0.17,11.13],[0.02,11.06],[-0.09,10.63],[0.37,10.3],[0.35,9.57],[0.54,9.38],[0.37,8.77],[0.62,8.49],[0.57,8.2],[0.61,7.7],[0.5,7.46],[0.65,7.32],[0.52,6.83],[0.77,6.42],[1.19,6.1],[1.62,6.21],[1.78,6.28],[1.57,6.68],[1.63,7],[1.62,8],[1.6,9.05],[1.43,9.28],[1.33,10],[0.77,10.37],[0.78,10.69],[0.9,10.99],[0.49,11],[-0.17,11.13]]]},"properties":{"name":"Togo","ISO3166-1-Alpha-3":"TGO","ISO3166-1-Alpha-2":"TG"}},{"type":"Feature","geometry":{"type":"Polygon","coordinates":[[[-0.17,11.13],[-0.52,10.99],[-1.6,11],[-2.75,10.99],[-2.93,10.63],[-2.74,9.83],[-2.69,9.49],[-2.66,9.27],[-2.77,9.05],[-2.62,8.92],[-2.51,8.21],[-2.84,7.82],[-2.94,7.58],[-3.05,7.07],[-3.22,6.85],[-3.26,6.62],[-2.97,5.62],[-2.78,5.58],[-2.73,5.36],[-2.84,5.15],[-3.12,5.11],[-3.12,5.09],[-2.36,4.92],[-2.09,4.74],[-1.57,5.02],[-1.05,5.2],[-0.8,5.21],[-0.37,5.49],[0.32,5.78],[0.72,5.76],[1,5.84],[1.19,6.1],[0.77,6.42],[0.52,6.83],[0.65,7.32],[0.5,7.46],[0.61,7.7],[0.57,8.2],[0.62,8.49],[0.37,8.77],[0.54,9.38],[0.35,9.57],[0.37,10.3],[-0.09,10.63],[0.02,11.06],[-0.17,11.13]]]},"properties":{"name":"Ghana","ISO3166-1-Alpha-3":"GHA","ISO3166-1-Alpha-2":"GH"}},{"type":"Feature","geometry":{"type":"Polygon","coordinates":[[[-13.73,12.67],[-15.2,12.68],[-15.68,12.44],[-16.23,12.45],[-16.73,12.33],[-16.47,12.19],[-16.33,12],[-15.97,11.77],[-15.58,11.85],[-15.4,11.53],[-15.41,11.19],[-15.02,10.97],[-14.69,11.51],[-14.28,11.67],[-14.02,11.64],[-13.73,11.71],[-13.73,12.67]]]},"properties":{"name":"Guinea-Bissau","ISO3166-1-Alpha-3":"GNB","ISO3166-1-Alpha-2":"GW"}},{"type":"Feature","geometry":{"type":"Polygon","coordinates":[[[-5.36,36.14],[-5.35,36.12],[-5.34,36.12],[-5.34,36.14],[-5.36,36.14]]]},"properties":{"name":"Gibraltar","ISO3166-1-Alpha-3":"GIB","ISO3166-1-Alpha-2":"GI"}},{"type":"Feature","geometry":{"type":"MultiPolygon","coordinates":[[[[-122.75,48.99],[-122.44,48.58],[-122.32,47.94],[-122.41,47.64],[-122.32,47.37],[-122.59,47.34],[-122.47,47.76],[-122.79,48.08],[-124.05,48.18],[-124.57,48.37],[-124.73,48.17],[-124.64,47.91],[-124.42,47.74],[-124.17,47.04],[-124.01,46.98],[-123.9,46.44],[-123.98,45.76],[-123.92,45.66],[-124.15,43.88],[-124.28,43.42],[-124.38,43.34],[-124.55,42.85],[-124.41,42.66],[-124.43,42.33],[-124.06,41.44],[-124.21,40.7],[-124.41,40.44],[-124.36,40.26],[-123.85,39.83],[-123.77,39.54],[-123.82,39.35],[-123.65,38.85],[-122.97,38.27],[-122.92,38.03],[-122.15,37.58],[-122.52,37.53],[-122.4,37.19],[-122.15,36.98],[-121.94,36.98],[-121.79,36.81],[-121.95,36.49],[-121.9,36.31],[-121.49,35.98],[-121.27,35.66],[-120.87,35.41],[-120.9,35.25],[-120.64,35.14],[-120.65,34.59],[-120.47,34.45],[-119.62,34.42],[-118.94,34.04],[-118.54,34.04],[-118.39,33.84],[-118.09,33.73],[-117.51,33.34],[-117.32,33.11],[-117.26,32.7],[-117.13,32.53],[-114.72,32.71],[-114.82,32.5],[-113.96,32.23],[-112.32,31.73],[-111.07,31.33],[-109.58,31.33],[-108.21,31.33],[-108.22,31.78],[-106.52,31.77],[-106.36,31.72],[-106.16,31.45],[-106,31.4],[-105.36,30.85],[-105.01,30.68],[-104.68,30.19],[-104.68,29.94],[-104.53,29.67],[-104.06,29.34],[-103.79,29.28],[-103.3,29],[-103.15,28.99],[-102.88,29.34],[-102.68,29.74],[-102.3,29.89],[-101.41,29.77],[-101.16,29.5],[-100.67,29.12],[-100.62,28.92],[-100.4,28.59],[-100.28,28.3],[-100.07,28.15],[-99.7,27.66],[-99.51,27.57],[-99.46,27.06],[-99.25,26.83],[-99.09,26.41],[-98.8,26.37],[-98.22,26.08],[-97.68,26.03],[-97.43,25.85],[-97.14,25.97],[-97.31,26.12],[-97.55,27.01],[-97.18,27.84],[-97.02,28.04],[-96.2,28.59],[-95.6,28.76],[-95.16,29.05],[-94.89,29.38],[-94.06,29.68],[-93.2,29.77],[-92.68,29.6],[-92.28,29.53],[-91.98,29.83],[-91.68,29.75],[-91.53,29.53],[-91.22,29.4],[-91.23,29.24],[-90.71,29.12],[-90.56,29.3],[-90.08,29.17],[-89.91,29.48],[-89.19,29.03],[-89.02,29.15],[-89.67,29.52],[-89.46,29.83],[-89.84,30],[-90.34,30.07],[-90.41,30.22],[-90.22,30.39],[-89.71,30.18],[-88.93,30.44],[-88.47,30.32],[-88.12,30.34],[-88.05,30.65],[-87.79,30.24],[-87.33,30.32],[-87.16,30.47],[-86.36,30.38],[-85.67,30.12],[-85.36,29.89],[-85.31,29.69],[-84.89,29.73],[-84.27,30.09],[-84.02,30.11],[-83.68,29.92],[-83.4,29.53],[-83.02,29.17],[-82.85,29.18],[-82.64,28.9],[-82.66,28.45],[-82.79,28.19],[-82.84,27.83],[-82.64,27.7],[-82.66,27.52],[-82.31,26.85],[-81.86,26.45],[-81.8,26.1],[-81.32,25.78],[-81.09,25.12],[-80.43,25.22],[-80.31,25.62],[-80.13,25.89],[-80.04,26.81],[-80.38,27.67],[-80.74,28.37],[-80.61,28.61],[-80.92,29.07],[-81.26,29.79],[-81.5,30.7],[-81.5,30.97],[-81.27,31.27],[-81.36,31.42],[-81.2,31.72],[-80.89,32.07],[-80.44,32.37],[-80.41,32.48],[-80.01,32.61],[-79.2,33.19],[-78.94,33.64],[-78.56,33.87],[-77.91,33.96],[-77.83,34.21],[-77.54,34.47],[-77.2,34.65],[-76.66,34.72],[-76.44,35.4],[-76.15,35.35],[-75.72,35.83],[-75.86,36.16],[-75.99,36.91],[-76.27,36.96],[-76.38,37.27],[-76.25,37.9],[-76.51,38.53],[-76.55,38.78],[-76.4,39.01],[-76.42,39.32],[-76.17,39.32],[-76.15,38.67],[-76.32,38.47],[-76.22,38.34],[-75.81,38.14],[-75.71,37.83],[-75.92,37.61],[-75.89,37.36],[-75.15,38.24],[-75.06,38.55],[-75.39,39.06],[-75.36,39.34],[-74.75,39.05],[-74.36,39.55],[-74.17,39.7],[-73.97,40.33],[-74.28,40.5],[-73.63,41.01],[-72.78,41.27],[-72.29,41.28],[-71.5,41.37],[-71.19,41.47],[-70.53,41.82],[-70.78,42.26],[-71.04,42.31],[-70.86,42.55],[-70.82,42.87],[-70.24,43.7],[-69.99,43.86],[-69.26,43.93],[-69.12,44.04],[-68.99,44.42],[-68.76,44.33],[-68.27,44.49],[-67.9,44.42],[-67.22,44.64],[-66.98,44.82],[-67.18,45.18],[-67.48,45.28],[-67.45,45.61],[-67.77,45.83],[-67.81,47.04],[-68.2,47.34],[-68.91,47.19],[-69.07,47.43],[-69.27,47.44],[-70.01,46.7],[-70.07,46.42],[-70.31,46.07],[-70.41,45.73],[-70.83,45.39],[-71.39,45.24],[-71.5,45.01],[-73.4,45],[-74.71,45],[-75.27,44.86],[-76.45,44.08],[-76.84,43.63],[-78.69,43.63],[-79.17,43.46],[-79.05,43.26],[-79.02,42.8],[-80.25,42.37],[-81.28,42.21],[-82.42,41.68],[-82.71,41.68],[-83.07,41.85],[-83.13,42.24],[-82.51,42.65],[-82.41,43.05],[-82.15,43.55],[-82.53,45.29],[-82.59,45.37],[-83.48,45.77],[-83.61,46.12],[-83.95,46.06],[-84.16,46.43],[-84.59,46.48],[-84.88,46.9],[-86.64,47.62],[-88.35,48.3],[-88.64,48.26],[-89.34,47.98],[-89.98,48.01],[-90.18,48.12],[-90.79,48.1],[-90.92,48.23],[-91.43,48.04],[-91.69,48.1],[-92.04,48.33],[-92.3,48.31],[-92.65,48.54],[-93.26,48.63],[-93.76,48.52],[-93.87,48.64],[-94.59,48.73],[-94.83,49.29],[-95.16,49.37],[-95.18,48.99],[-96.72,48.99],[-98.47,48.99],[-100.67,48.99],[-102.87,48.99],[-104.19,48.99],[-105.95,48.99],[-108.15,48.99],[-110.56,48.99],[-112.32,48.99],[-114.52,48.99],[-116.5,48.99],[-118.26,48.99],[-119.58,48.99],[-121.55,48.99],[-122.75,48.99]]],[[[-141.01,69.65],[-142.27,69.86],[-143.24,70.12],[-144.94,69.98],[-145.88,70.17],[-147.12,70.17],[-148.38,70.31],[-149.34,70.51],[-151.98,70.45],[-152.46,70.56],[-152.55,70.89],[-153.3,70.93],[-154.54,70.83],[-155.11,71.15],[-155.59,71.07],[-156.82,71.31],[-157.23,71.07],[-158.04,70.84],[-159.36,70.76],[-160.86,70.35],[-162.01,70.28],[-162.95,69.79],[-163.16,69.36],[-163.62,69.12],[-164.35,68.93],[-166.24,68.87],[-166.24,68.56],[-166.55,68.36],[-165.44,68.06],[-164.15,67.62],[-163.69,67.1],[-162.44,66.99],[-161.84,67.05],[-161.87,66.71],[-161.31,66.54],[-160.88,66.67],[-160.22,66.53],[-160.78,66.37],[-161.61,66.45],[-161.57,66.26],[-161.92,66.04],[-163.68,66.08],[-163.89,66.17],[-163.99,66.61],[-164.72,66.56],[-165.89,66.24],[-167.35,65.9],[-168.08,65.59],[-167.4,65.4],[-166.31,65.31],[-166.75,65.06],[-166.39,64.9],[-166.19,64.59],[-165.04,64.45],[-164.34,64.59],[-162.61,64.51],[-162.08,64.72],[-161.42,64.77],[-160.8,64.64],[-161.04,64.51],[-160.79,63.75],[-161.19,63.51],[-162.09,63.45],[-163.09,63.06],[-164.15,63.26],[-164.58,63.14],[-164.88,62.84],[-164.81,62.62],[-165.13,62.52],[-165.71,62.12],[-165.61,61.85],[-166.2,61.59],[-165.62,61.28],[-165.62,61.14],[-165.06,61.06],[-164.67,60.83],[-165.31,60.58],[-164.99,60.34],[-164.2,60.03],[-164.1,59.83],[-163.61,59.8],[-162.53,60],[-162.37,60.18],[-161.71,59.5],[-161.95,59.39],[-161.97,59.13],[-161.72,58.75],[-161.36,58.73],[-160.35,59.07],[-159.91,58.78],[-159.38,58.76],[-159.05,58.42],[-158.77,58.52],[-158.79,58.82],[-158.15,58.61],[-157.08,58.89],[-157.06,58.73],[-157.5,58.46],[-157.71,57.57],[-158.31,57.31],[-158.95,56.84],[-159.75,56.58],[-160.37,56.28],[-160.52,55.94],[-160.82,55.74],[-161.12,55.96],[-161.83,55.88],[-162.23,55.7],[-163.04,55.1],[-162.88,54.94],[-162.42,55.1],[-161.96,55.13],[-161.62,55.61],[-161.28,55.35],[-160.48,55.49],[-159.83,55.85],[-159.63,55.81],[-158.32,56.17],[-158.36,56.47],[-157.91,56.65],[-157.19,56.78],[-156.35,57.18],[-156.34,57.42],[-155.39,57.73],[-155.02,58.03],[-154.58,58.02],[-154.17,58.22],[-153.9,58.62],[-153.44,58.73],[-153.33,58.93],[-153.71,59.07],[-154.2,59.08],[-154.08,59.38],[-153.57,59.64],[-153.06,59.71],[-152.74,59.91],[-152.34,60.48],[-151.84,60.75],[-151.75,60.92],[-151.15,61.06],[-150.63,61.3],[-149.62,60.99],[-150.04,60.92],[-150.45,61.03],[-151.07,60.79],[-151.47,60.19],[-151.88,59.79],[-151.27,59.56],[-151.89,59.41],[-151.74,59.17],[-150.33,59.48],[-149.74,59.89],[-149.34,60.02],[-148.4,59.99],[-147.94,60.44],[-148.31,60.9],[-147.36,60.89],[-146.82,61.03],[-146.51,60.82],[-145.69,60.66],[-145.94,60.46],[-144.91,60.38],[-143.92,60],[-142.8,60.11],[-141.73,59.96],[-140.32,59.7],[-139.62,59.89],[-139.47,59.72],[-139.86,59.55],[-139.21,59.32],[-138.18,59.03],[-137.52,58.56],[-136.6,58.22],[-136.03,58.39],[-135.84,58.53],[-135.05,58.31],[-134.5,58.35],[-133.57,57.72],[-133.39,57.34],[-133.55,57.18],[-133.09,57.09],[-132.48,56.74],[-132.48,56.6],[-131.97,56.36],[-131.94,56.01],[-132.26,55.74],[-131.96,55.5],[-131.74,55.89],[-131.41,56.01],[-131.17,55.94],[-130.89,55.72],[-130.87,55.34],[-131.06,55.2],[-130.93,54.82],[-130.37,54.91],[-129.99,55.28],[-130.17,55.75],[-130.02,55.91],[-130.07,56.08],[-131.1,56.41],[-132.11,56.86],[-132.03,57.03],[-132.55,57.5],[-133.46,58.46],[-133.87,58.74],[-134.22,58.84],[-134.4,59.05],[-135.1,59.42],[-135.02,59.54],[-135.48,59.79],[-136.26,59.62],[-136.47,59.29],[-137.42,58.91],[-137.61,59.24],[-139.18,60.07],[-139.1,60.35],[-139.63,60.33],[-140.02,60.19],[-141,60.32],[-141,61.63],[-141,63.38],[-141,64.55],[-141,66.59],[-141,67.76],[-141.01,69.65]]],[[[-130.96,55.59],[-131.28,55.97],[-131.67,55.84],[-131.81,55.48],[-131.19,55.19],[-130.96,55.59]]],[[[-132.55,56.3],[-132.68,56.23],[-132.3,55.92],[-132.09,56.11],[-132.55,56.3]]],[[[-131.98,54.83],[-131.99,55.27],[-132.4,55.52],[-132.35,55.64],[-132.74,56],[-133.06,56.05],[-133.39,55.71],[-133.06,55.62],[-133.21,55.28],[-132.61,55.12],[-132.58,54.95],[-131.98,54.83]]],[[[-133.88,56.49],[-133.8,56.78],[-134.18,56.92],[-134.36,56.68],[-133.88,56.49]]],[[[-133.91,57.08],[-133.7,56.83],[-133.66,56.46],[-133.15,56.46],[-132.93,56.64],[-132.98,56.94],[-133.91,57.08]]],[[[-134.62,56.74],[-134.99,57.4],[-135.38,57.55],[-135.67,57.35],[-135.31,57.05],[-135.37,56.83],[-134.63,56.26],[-134.62,56.74]]],[[[-152.16,57.63],[-152.47,57.66],[-152.49,57.91],[-153.2,57.95],[-153.19,57.81],[-153.92,57.81],[-154.61,57.53],[-154.81,57.35],[-154.54,57.17],[-154.53,56.99],[-153.96,56.75],[-153.25,57.24],[-152.69,57.28],[-152.16,57.63]]],[[[-135.85,57.39],[-135.55,57.47],[-135.63,57.71],[-135.06,57.47],[-134.81,57.5],[-134.92,58.03],[-135.81,58.27],[-136.41,58.13],[-136.39,57.89],[-135.85,57.39]]],[[[-134.35,57.09],[-133.86,57.36],[-133.94,57.62],[-134.31,57.98],[-134.8,58.11],[-134.65,57.6],[-134.35,57.09]]],[[[-151.97,58.33],[-153.04,58.31],[-153.23,58.17],[-152.8,57.99],[-151.97,58.33]]],[[[-71.92,41.06],[-72.46,40.91],[-72.61,40.99],[-73.49,40.95],[-73.91,40.79],[-73.71,40.58],[-73.23,40.71],[-72.61,40.8],[-71.92,41.06]]],[[[-167.86,53.39],[-168.2,53.54],[-168.76,53.19],[-168.49,53.04],[-168.29,53.24],[-167.86,53.39]]],[[[-166.29,53.73],[-166.75,54.02],[-167.16,53.86],[-166.95,53.72],[-167.16,53.48],[-166.66,53.5],[-166.29,53.73]]],[[[-154.9,19.57],[-155.09,19.86],[-155.33,20.05],[-155.87,20.26],[-155.82,20.02],[-156.06,19.73],[-155.89,19.33],[-155.88,19.03],[-155.68,18.93],[-155.5,19.14],[-154.98,19.34],[-154.9,19.57]]],[[[-156,20.8],[-156.3,20.95],[-156.48,20.9],[-156.41,20.59],[-156,20.69],[-156,20.8]]],[[[-156.75,21.17],[-157.26,21.22],[-157.27,21.09],[-156.87,21.05],[-156.75,21.17]]],[[[-157.71,21.35],[-157.96,21.71],[-158.23,21.48],[-158.09,21.29],[-157.79,21.25],[-157.71,21.35]]],[[[-159.3,22.15],[-159.4,22.24],[-159.72,22.16],[-159.76,21.98],[-159.44,21.87],[-159.3,22.15]]],[[[173.38,52.83],[173.13,52.99],[172.66,53.01],[172.94,52.75],[173.38,52.83]]],[[[-163.07,54.69],[-163.37,54.79],[-163.57,55.06],[-164.55,54.88],[-164.85,54.42],[-164.41,54.44],[-164.13,54.62],[-163.62,54.61],[-163.07,54.69]]],[[[-165.58,59.95],[-165.68,60.3],[-166.46,60.39],[-167.19,60.03],[-166.24,59.81],[-165.58,59.95]]],[[[-168.74,63.28],[-169.55,63.36],[-170.3,63.7],[-170.94,63.57],[-171.5,63.65],[-171.85,63.52],[-171.44,63.32],[-170.86,63.46],[-170.44,63.36],[-169.72,63.02],[-168.74,63.28]]]]},"properties":{"name":"United States of America","ISO3166-1-Alpha-3":"USA","ISO3166-1-Alpha-2":"US"}},{"type":"Feature","geometry":{"type":"MultiPolygon","coordinates":[[[[-122.75,48.99],[-121.55,48.99],[-119.58,48.99],[-118.26,48.99],[-116.5,48.99],[-114.52,48.99],[-112.32,48.99],[-110.56,48.99],[-108.15,48.99],[-105.95,48.99],[-104.19,48.99],[-102.87,48.99],[-100.67,48.99],[-98.47,48.99],[-96.72,48.99],[-95.18,48.99],[-95.16,49.37],[-94.83,49.29],[-94.59,48.73],[-93.87,48.64],[-93.76,48.52],[-93.26,48.63],[-92.65,48.54],[-92.3,48.31],[-92.04,48.33],[-91.69,48.1],[-91.43,48.04],[-90.92,48.23],[-90.79,48.1],[-90.18,48.12],[-89.98,48.01],[-89.34,47.98],[-88.64,48.26],[-88.35,48.3],[-86.64,47.62],[-84.88,46.9],[-84.59,46.48],[-84.16,46.43],[-83.95,46.06],[-83.61,46.12],[-83.48,45.77],[-82.59,45.37],[-82.53,45.29],[-82.15,43.55],[-82.41,43.05],[-82.51,42.65],[-83.13,42.24],[-83.07,41.85],[-82.71,41.68],[-82.42,41.68],[-81.28,42.21],[-80.25,42.37],[-79.02,42.8],[-79.05,43.26],[-79.17,43.46],[-78.69,43.63],[-76.84,43.63],[-76.45,44.08],[-75.27,44.86],[-74.71,45],[-73.96,45.35],[-74.08,45.46],[-73.76,45.68],[-73.5,45.73],[-72.99,46.21],[-72.6,46.3],[-72.23,46.55],[-71.88,46.69],[-71.35,46.74],[-70.96,47.02],[-70.71,47.12],[-70.5,47.43],[-70.24,47.5],[-69.93,47.77],[-69.74,48.12],[-69.45,48.3],[-69.07,48.76],[-68.12,49.27],[-67.38,49.34],[-67.13,49.83],[-66.54,50.22],[-66.16,50.2],[-65.26,50.32],[-64.89,50.27],[-63.72,50.3],[-63.44,50.22],[-62.85,50.29],[-61.85,50.22],[-61.72,50.1],[-60.84,50.26],[-60.06,50.25],[-59.41,50.67],[-58.99,50.79],[-58.95,51.04],[-58.45,51.32],[-58.23,51.28],[-57.25,51.51],[-56.97,51.43],[-56.34,51.78],[-55.93,51.93],[-55.68,52.11],[-56,52.52],[-56.06,52.77],[-55.75,53.15],[-56.04,53.58],[-57.15,53.74],[-57.36,54.14],[-58.01,54.24],[-58.22,54.06],[-58.85,53.94],[-59.08,53.69],[-60.04,53.48],[-60.11,53.76],[-59.53,53.82],[-58.97,53.97],[-58.19,54.36],[-57.68,54.38],[-57.39,54.5],[-57.85,54.74],[-58.68,54.82],[-59.03,55.02],[-59.01,55.15],[-59.86,55.14],[-60.29,55.23],[-60.35,55.58],[-60.78,55.86],[-61.35,55.97],[-61.83,56.38],[-61.81,56.79],[-61.38,57.12],[-61.87,57.17],[-61.89,57.62],[-62.31,58.03],[-62.66,58.18],[-62.58,58.5],[-62.93,58.82],[-63.44,59.12],[-63.73,59.51],[-64.15,59.68],[-64.22,60.05],[-64.42,60.26],[-64.85,60.37],[-65.14,59.9],[-65.55,59.73],[-65.41,59.42],[-65.74,59.27],[-65.64,59.07],[-66.11,58.78],[-66.39,58.85],[-66.63,58.59],[-67.06,58.39],[-67.65,58.25],[-68.35,58.62],[-68.36,58.78],[-68.79,58.92],[-69.26,58.9],[-69.83,58.6],[-70.03,58.81],[-69.45,58.9],[-69.67,59.46],[-69.59,59.88],[-69.77,59.97],[-69.72,60.68],[-70.11,61.06],[-70.6,61.03],[-71.4,61.15],[-71.86,61.42],[-71.65,61.65],[-72.62,62.1],[-73.06,62.19],[-73.67,62.48],[-74.42,62.25],[-75.83,62.31],[-76.76,62.51],[-77.49,62.59],[-78.15,62.3],[-78.08,61.89],[-77.71,61.62],[-77.81,61.09],[-78.17,60.87],[-77.83,60.64],[-77.74,60.43],[-77.28,60.03],[-77.46,59.68],[-77.88,59.48],[-78.47,58.72],[-78.03,58.39],[-77.6,58.27],[-77.08,57.96],[-76.59,57.27],[-76.5,56.78],[-76.55,56.3],[-76.66,56.07],[-77.11,55.68],[-77.78,55.27],[-78.39,55.03],[-79.68,54.69],[-79.46,54.31],[-79.13,54.11],[-79.06,53.62],[-78.78,52.87],[-78.79,52.66],[-78.52,52.48],[-78.59,52.11],[-78.84,51.84],[-78.88,51.4],[-79.35,51.66],[-79.7,51.39],[-79.74,51.12],[-80.43,51.36],[-80.59,51.71],[-80.98,52],[-81.39,52.13],[-81.56,52.46],[-82.3,52.97],[-82.12,53.28],[-82.22,53.6],[-82.13,53.81],[-82.43,54.23],[-82.2,54.83],[-82.46,55.14],[-82.82,55.15],[-83.93,55.33],[-84.61,55.25],[-85.13,55.3],[-85.68,55.59],[-87.62,56.1],[-87.98,56.44],[-88.31,56.54],[-88.92,56.85],[-89.83,56.98],[-90.59,57.23],[-91.03,57.26],[-92.22,57.02],[-92.46,57.22],[-92.46,57.45],[-93.13,58.53],[-93.19,58.76],[-93.72,58.79],[-94.4,58.71],[-94.81,59.02],[-94.72,59.37],[-94.82,59.65],[-94.71,60.27],[-94.35,60.86],[-94.01,61.24],[-93.98,61.46],[-93.3,61.75],[-93.5,61.86],[-92.59,62.24],[-92.72,62.46],[-92.26,62.56],[-92.45,62.79],[-91.98,62.85],[-91.44,62.79],[-90.64,63.07],[-90.97,63.58],[-90.17,63.66],[-89.81,63.96],[-89.18,64.04],[-88.73,63.97],[-88.04,64.18],[-86.94,65.14],[-87.05,65.24],[-89.04,65.33],[-89.84,65.83],[-89.69,65.95],[-88.97,65.7],[-88.58,65.65],[-88.21,65.41],[-87.38,65.33],[-86.47,65.73],[-86.41,65.9],[-85.86,66.16],[-86.62,66.31],[-86.62,66.51],[-85.42,66.57],[-85.27,66.29],[-84.38,66.19],[-83.69,66.2],[-82.63,66.56],[-81.95,66.98],[-81.53,67],[-81.24,67.46],[-82.09,67.9],[-82.37,68.36],[-81.27,68.64],[-81.7,68.91],[-81.34,69.19],[-82.24,69.24],[-82.58,69.67],[-83.75,69.71],[-84.34,69.86],[-85.33,69.79],[-85.53,69.46],[-85.22,69.13],[-84.77,69.09],[-85.22,68.72],[-85.67,68.73],[-85.9,68.05],[-86.53,67.69],[-86.5,67.38],[-87.33,67.17],[-87.48,67.36],[-88.15,67.68],[-88.37,67.98],[-87.79,68.33],[-88.02,68.81],[-89.33,69.25],[-89.67,69.04],[-90,68.38],[-90.6,68.44],[-90.45,68.89],[-91.03,69.22],[-91.11,69.51],[-91.8,69.51],[-92.47,69.7],[-91.55,70.14],[-91.99,70.33],[-92.25,70.63],[-92.91,70.9],[-92.99,71.36],[-94.55,72],[-95.23,71.95],[-95.66,71.29],[-96.21,71.39],[-96.56,71.13],[-96.62,70.83],[-96.19,70.62],[-96.56,70.32],[-96.49,70.1],[-95.98,69.79],[-95.65,69.78],[-94.32,69.45],[-93.43,69.36],[-94.14,69.13],[-94.64,68.76],[-94.11,68.76],[-93.73,68.61],[-94.34,68.24],[-94.86,68.03],[-95.58,67.9],[-95.26,67.26],[-95.73,67.38],[-96.08,67.23],[-96.47,67.55],[-96.22,67.78],[-96.4,68.17],[-97.26,68.47],[-98.19,68.31],[-98.45,68.07],[-98.17,67.88],[-97.64,68.01],[-97.06,67.68],[-97.59,67.6],[-98.36,67.81],[-98.92,67.71],[-99.42,67.79],[-100.72,67.85],[-101.53,67.68],[-102.76,67.82],[-103.37,68.02],[-104.48,68.03],[-104.6,68.24],[-105.1,68.27],[-105.54,68.45],[-105.47,68.72],[-106.2,68.94],[-107.29,68.7],[-108.28,68.62],[-108.82,68.27],[-108.34,68.16],[-107.73,68.21],[-106.57,68.42],[-105.88,68.64],[-105.7,68.49],[-106.49,68.25],[-107.43,68.04],[-107.94,67.85],[-107.99,67.69],[-107.59,67.5],[-107.53,67.21],[-107.25,67.08],[-107.66,66.71],[-108.21,67.03],[-107.99,67.28],[-108.6,67.63],[-110.42,67.95],[-112.42,67.68],[-113.86,67.7],[-115.53,67.93],[-114.84,68.26],[-114.06,68.3],[-114.2,68.57],[-114.99,68.87],[-116.16,68.98],[-116.21,68.83],[-118.04,69.02],[-118.67,69.23],[-120.28,69.41],[-121.43,69.77],[-122.95,69.84],[-123.18,69.5],[-123.54,69.38],[-124.44,69.37],[-124.07,69.67],[-124.51,69.74],[-124.38,70.14],[-124.99,70.05],[-125.03,69.75],[-125.94,69.41],[-126.7,69.77],[-127.14,70.25],[-127.93,70.57],[-128.31,69.99],[-129.17,69.83],[-131.09,69.63],[-129.6,69.99],[-130.32,70.14],[-130.94,70.08],[-132.14,69.69],[-132.89,69.66],[-133.2,69.41],[-133.63,69.4],[-134.41,69.66],[-135.84,69.31],[-136.07,68.89],[-137.19,68.95],[-138.64,69.28],[-139.14,69.51],[-139.92,69.62],[-141.01,69.65],[-141,67.76],[-141,66.59],[-141,64.55],[-141,63.38],[-141,61.63],[-141,60.32],[-140.02,60.19],[-139.63,60.33],[-139.1,60.35],[-139.18,60.07],[-137.61,59.24],[-137.42,58.91],[-136.47,59.29],[-136.26,59.62],[-135.48,59.79],[-135.02,59.54],[-135.1,59.42],[-134.4,59.05],[-134.22,58.84],[-133.87,58.74],[-133.46,58.46],[-132.55,57.5],[-132.03,57.03],[-132.11,56.86],[-131.1,56.41],[-130.07,56.08],[-130.02,55.91],[-130.13,55.74],[-129.96,55.27],[-130.2,54.73],[-130.37,54.66],[-130.46,54.35],[-130.11,54.16],[-130.1,53.95],[-129.33,53.4],[-129.23,53.63],[-128.86,53.83],[-128.78,53.56],[-128.88,53.31],[-128.55,53.14],[-128.48,52.87],[-128.13,52.75],[-128.24,52.56],[-127.8,52.26],[-127.28,52.24],[-127.85,51.92],[-127.87,51.67],[-127.66,51.4],[-127.78,51.17],[-127.43,50.94],[-127.02,50.82],[-126.86,50.94],[-126.49,50.82],[-126.18,50.85],[-126.24,50.5],[-125.7,50.44],[-125.39,50.5],[-125.06,50.33],[-124.61,50.23],[-124.73,49.95],[-124.4,49.77],[-124.17,49.78],[-123.96,49.52],[-123.55,49.39],[-123.25,49.6],[-123.21,49.13],[-123.09,48.99],[-123.04,48.99],[-122.75,48.99]]],[[[-67.18,45.18],[-66.75,45.06],[-66.49,45.16],[-65.91,45.21],[-65.32,45.46],[-64.83,45.48],[-64.39,45.37],[-64.51,45.23],[-64.86,45.14],[-65.79,44.7],[-66.11,44.34],[-66.21,44.11],[-66.12,43.74],[-65.46,43.53],[-65.03,43.71],[-64.56,44.08],[-64.35,44.46],[-63.94,44.62],[-63.72,44.46],[-63.28,44.64],[-62.55,44.87],[-61.64,45.09],[-61.33,45.23],[-61.07,45.22],[-61.47,45.68],[-61.89,45.7],[-61.92,45.89],[-62.47,45.61],[-62.74,45.76],[-63.19,45.74],[-63.81,45.89],[-63.81,46.14],[-64.51,46.24],[-64.91,46.89],[-64.83,47.09],[-64.96,47.29],[-64.83,47.82],[-65.21,47.82],[-65.63,47.67],[-65.82,47.91],[-66.26,48.01],[-65.95,48.2],[-65.29,48.01],[-64.33,48.42],[-64.16,48.63],[-64.22,48.89],[-64.61,49.12],[-64.96,49.22],[-65.57,49.27],[-66.62,49.12],[-68.21,48.64],[-69.05,48.23],[-70.53,47.01],[-71.16,46.84],[-71.3,46.75],[-71.71,46.63],[-71.85,46.67],[-72.5,46.36],[-72.73,46.18],[-73.14,46.06],[-73.41,45.75],[-73.56,45.41],[-74.71,45],[-73.4,45],[-71.5,45.01],[-71.39,45.24],[-70.83,45.39],[-70.41,45.73],[-70.31,46.07],[-70.07,46.42],[-70.01,46.7],[-69.27,47.44],[-69.07,47.43],[-68.91,47.19],[-68.2,47.34],[-67.81,47.04],[-67.77,45.83],[-67.45,45.61],[-67.48,45.28],[-67.18,45.18]]],[[[-52.63,47.53],[-52.7,47.76],[-53.11,47.43],[-53.24,47.59],[-53.05,47.93],[-53.28,48.02],[-53.61,47.54],[-53.85,47.71],[-53.62,48],[-53.64,48.17],[-53.06,48.44],[-52.98,48.6],[-53.41,48.62],[-53.77,48.55],[-53.92,48.92],[-53.61,49.04],[-53.45,49.24],[-54.04,49.48],[-54.74,49.32],[-55.22,49.26],[-55.16,49.55],[-55.58,49.47],[-55.94,49.61],[-55.72,49.93],[-56.15,50.16],[-56.73,49.69],[-56.74,50.03],[-55.87,50.92],[-55.49,51.39],[-55.51,51.6],[-56.11,51.53],[-56.72,51.32],[-56.98,50.88],[-57.46,50.48],[-57.61,50.17],[-58.19,49.44],[-58.14,49.09],[-58.44,49.06],[-58.7,48.55],[-58.54,48.45],[-59.4,47.88],[-59.3,47.61],[-59.11,47.56],[-58.1,47.7],[-57.33,47.63],[-56.78,47.53],[-56.23,47.63],[-55.97,47.76],[-55.77,47.46],[-55.44,47.47],[-55.49,47.14],[-55.87,47.08],[-55.85,46.87],[-55.25,46.92],[-54.87,47.38],[-54.46,47.5],[-54.14,47.84],[-54.01,47.81],[-53.91,47.37],[-54.15,47.01],[-54.05,46.81],[-53.57,47.16],[-53.62,46.66],[-53.21,46.64],[-52.94,46.79],[-52.79,47.31],[-52.63,47.53]]],[[[-131.11,52.17],[-131.41,52.45],[-131.66,52.54],[-131.85,52.87],[-131.61,53.06],[-131.9,53.24],[-132.5,53.04],[-131.38,52.2],[-131.11,52.17]]],[[[-128.8,52.7],[-128.54,53.02],[-128.63,53.16],[-129.08,53.3],[-129.19,53.02],[-129.06,52.74],[-128.8,52.7]]],[[[-129.74,53.24],[-129.97,53.46],[-130.31,53.39],[-129.94,53.17],[-129.74,53.24]]],[[[-130.25,53.89],[-129.57,53.22],[-129.34,53.36],[-129.83,53.74],[-130.25,53.89]]],[[[-132.58,53.21],[-132.01,53.25],[-131.87,53.78],[-131.69,53.99],[-132.3,54.11],[-133.04,54.16],[-133.14,53.9],[-132.89,53.62],[-132.52,53.41],[-132.58,53.21]]],[[[-95.21,68.86],[-95.85,68.89],[-96.22,69.31],[-96.89,69.5],[-97.93,69.9],[-98.22,69.8],[-98.41,69.35],[-98.71,69.2],[-99.31,69.16],[-99.42,68.89],[-97.76,68.65],[-97.56,68.56],[-96.3,68.48],[-95.81,68.73],[-95.21,68.86]]],[[[-100.87,69.81],[-101,70.17],[-101.58,70.13],[-102.41,70.43],[-103.54,70.6],[-104.59,71.07],[-104.28,71.36],[-104.38,71.6],[-105.04,72.11],[-105.33,72.75],[-105.83,73.05],[-106.82,73.31],[-107.66,73.33],[-108.3,73.13],[-107.72,72.3],[-107.78,72.14],[-107.25,71.9],[-107.67,71.71],[-108.19,71.95],[-108.66,72.36],[-108.63,72.57],[-110.08,73],[-110.73,72.57],[-112.08,72.9],[-113.02,73.02],[-113.6,72.78],[-114.02,72.8],[-113.96,73.12],[-114.58,73.38],[-117.37,72.92],[-118.59,72.43],[-118.13,72.23],[-119.05,71.94],[-119.05,71.63],[-118.08,71.66],[-118.31,71.43],[-117.55,71.37],[-116.18,71.5],[-115.9,71.39],[-118.39,71.02],[-117.59,70.61],[-116.23,70.64],[-115.58,70.58],[-113.99,70.72],[-112.14,70.49],[-111.81,70.35],[-112.59,70.2],[-114.18,70.32],[-116.97,70.13],[-117.44,69.99],[-117.25,69.76],[-116.63,69.46],[-115.97,69.3],[-115.19,69.24],[-114.4,69.29],[-113.58,69.2],[-113.66,68.8],[-113.35,68.59],[-112.58,68.51],[-111.25,68.52],[-110.61,68.62],[-109.62,68.64],[-108.95,68.74],[-108.54,68.95],[-107.33,69.03],[-106.58,69.5],[-105.89,69.18],[-103.38,68.78],[-101.96,68.97],[-101.77,69.12],[-102.05,69.48],[-102.58,69.74],[-100.96,69.66],[-100.87,69.81]]],[[[-72.95,66.73],[-74.35,66.23],[-74.42,66.08],[-73.72,65.77],[-73.5,65.49],[-74.18,65.53],[-74.5,65.34],[-75.76,65.21],[-76.68,65.41],[-77.44,65.46],[-77.31,65.2],[-77.96,65.05],[-78.18,64.59],[-77.76,64.34],[-76.73,64.3],[-75.86,64.38],[-75.71,64.58],[-74.71,64.38],[-74.55,64.63],[-73.89,64.55],[-73.45,64.59],[-72.32,63.68],[-71.57,63.69],[-71.77,63.28],[-71.37,63.05],[-70.24,62.75],[-69.63,62.79],[-69.45,62.55],[-68.55,62.25],[-67.4,62.15],[-66.27,61.86],[-65.93,62.2],[-67.2,62.88],[-68.15,63.16],[-68.76,63.55],[-68.5,63.74],[-67.87,63.46],[-67.5,63.44],[-66.52,63.08],[-65.67,62.91],[-65.17,62.57],[-64.96,62.66],[-64.76,63.06],[-64.48,63.29],[-64.68,63.74],[-65.31,64.19],[-65.08,64.48],[-65.73,64.52],[-65.58,64.76],[-65.82,64.88],[-66.65,64.97],[-67.17,65.27],[-67.06,65.45],[-67.93,65.62],[-67.81,65.88],[-67.17,65.93],[-67.3,66.28],[-66.96,66.54],[-66.47,66.34],[-65.5,65.77],[-64.9,65.28],[-64.18,65.18],[-63.66,64.92],[-63.41,65.03],[-63.5,65.37],[-63.16,65.65],[-62.59,65.66],[-61.95,66.02],[-62.54,66.23],[-61.49,66.37],[-61.27,66.6],[-62,67.04],[-62.91,66.97],[-63.89,67.24],[-64.29,67.73],[-64.72,67.99],[-66.21,68.01],[-67.06,68.47],[-67.93,68.53],[-68.55,68.75],[-68.13,68.84],[-67.68,69.18],[-66.67,69.18],[-67.23,69.46],[-68.01,69.46],[-68.59,69.59],[-68.01,69.78],[-67.12,69.73],[-67.25,69.96],[-67.81,70.26],[-68.34,70.07],[-69.47,70.25],[-68.46,70.37],[-68.36,70.58],[-70.52,70.94],[-71.95,70.79],[-72.05,71.08],[-71.45,71.07],[-71.12,71.27],[-71.58,71.52],[-72.47,71.65],[-73.25,71.33],[-74.26,71.82],[-74.24,72.08],[-75.06,72.13],[-75.2,72.5],[-77.6,72.76],[-79.28,72.39],[-80.05,72.4],[-80.56,72.63],[-80.64,73.17],[-81.13,73.25],[-81.53,73.72],[-82.83,73.74],[-84.84,73.39],[-85.46,73.11],[-85.7,72.63],[-85.04,72.25],[-85.5,72.21],[-86.13,71.79],[-86.46,72.2],[-86.25,72.39],[-86.7,72.82],[-86.03,73.3],[-84.95,73.67],[-85.11,73.81],[-86.71,73.85],[-87.76,73.72],[-89.05,73.25],[-89.32,72.88],[-89.75,72.61],[-90.1,71.92],[-89.81,71.33],[-88.07,71.21],[-87.36,70.95],[-89.13,71.03],[-89.45,70.91],[-88.69,70.47],[-87.85,70.24],[-87.03,70.47],[-86.27,70.11],[-85.78,70],[-84.95,70.07],[-83.67,69.95],[-83.05,70.01],[-82.13,69.82],[-81.07,70.1],[-79.84,69.95],[-78.89,69.89],[-78.77,70.19],[-77.68,70.18],[-77.49,69.86],[-76.87,69.82],[-77.04,69.61],[-75.69,69.29],[-75.99,69.01],[-76.42,69.06],[-76.67,68.77],[-76.33,68.7],[-75.5,68.93],[-74.88,68.83],[-74.37,68.54],[-73.89,68.55],[-73.73,68.31],[-72.99,68.17],[-72.86,67.86],[-72.44,67.53],[-72.35,67.12],[-72.8,67.04],[-72.95,66.73]]],[[[-115.32,73.51],[-116.87,74.09],[-118.07,74.28],[-118.73,74.22],[-120.16,74.28],[-121.58,74.56],[-122.62,74.46],[-124.76,74.35],[-124.15,73.85],[-123.77,73.77],[-124.86,73.09],[-124.49,72.93],[-125.75,72.15],[-125.23,71.94],[-124.06,71.7],[-123.1,71.08],[-120.64,71.49],[-120.38,71.7],[-120.2,72.22],[-119.34,72.35],[-119.16,72.63],[-115.75,73.36],[-115.32,73.51]]],[[[-123.32,48.5],[-123.54,48.64],[-123.81,49.12],[-124.16,49.31],[-124.79,49.47],[-124.88,49.72],[-125.18,49.92],[-125.44,50.31],[-126.46,50.47],[-127.2,50.62],[-127.51,50.77],[-128.08,50.87],[-128.41,50.78],[-128.32,50.61],[-127.92,50.47],[-127.78,50.23],[-127.49,50.13],[-127.14,49.87],[-126.65,49.9],[-126.57,49.41],[-126.08,49.38],[-125.74,49.05],[-125.37,48.99],[-125.19,48.8],[-124.67,48.57],[-123.89,48.37],[-123.55,48.33],[-123.32,48.5]]],[[[-67.88,60.5],[-68.24,60.59],[-68.44,60.26],[-67.96,60.33],[-67.88,60.5]]],[[[-64.84,61.35],[-64.72,61.66],[-65.49,61.6],[-64.84,61.35]]],[[[-79.28,62.27],[-79.83,62.41],[-80.21,62.14],[-80.18,61.77],[-79.75,61.59],[-79.27,62.15],[-79.28,62.27]]],[[[-82.19,62.99],[-83.52,62.83],[-83.91,62.49],[-83.67,62.15],[-83.13,62.18],[-81.96,62.7],[-81.86,62.92],[-82.19,62.99]]],[[[-77.54,63.29],[-77.7,63.44],[-78.19,63.49],[-78.53,63.39],[-77.94,63.09],[-77.54,63.29]]],[[[-80.18,63.77],[-80.89,64.12],[-81.63,64.12],[-81.77,64.51],[-82.37,64.77],[-83.21,64.95],[-83.4,65.14],[-84.1,65.21],[-84.58,65.49],[-85.08,65.46],[-85.2,65.81],[-85.61,65.91],[-86.03,65.67],[-86.16,64.94],[-86.41,64.44],[-86.19,64.1],[-86.9,63.93],[-87.22,63.66],[-85.62,63.67],[-85.64,63.24],[-85.27,63.12],[-84.59,63.32],[-84.41,63.55],[-83.63,63.77],[-83.69,64.01],[-82.53,63.97],[-82.07,63.69],[-81.02,63.45],[-80.18,63.77]]],[[[-73.36,67.84],[-73.41,67.97],[-74.76,68.06],[-74.4,67.78],[-73.36,67.84]]],[[[-86.58,68.29],[-86.99,68.07],[-86.84,67.79],[-86.41,67.84],[-86.58,68.29]]],[[[-75.03,68.17],[-75.91,68.34],[-76.69,68.26],[-77.32,67.71],[-76.98,67.24],[-75.89,67.26],[-75.07,67.55],[-75.16,67.95],[-75.03,68.17]]],[[[-104.68,73.63],[-105.17,73.76],[-106.6,73.71],[-107.04,73.48],[-106.12,73.29],[-105.2,72.94],[-104.57,73.33],[-104.68,73.63]]],[[[-80.9,73.61],[-80.8,73.29],[-80.16,73.23],[-79.95,72.85],[-79.18,72.75],[-78.17,72.9],[-76.32,72.82],[-76.27,73.1],[-77.21,73.51],[-78.14,73.67],[-79.45,73.64],[-80.56,73.77],[-80.9,73.61]]],[[[-96.32,72.47],[-97.66,73.04],[-97.67,73.49],[-96.96,73.74],[-97.57,73.89],[-99.22,73.74],[-100,73.95],[-100.89,73.83],[-101.56,73.47],[-100.47,73.2],[-100.11,73.03],[-100.43,72.74],[-101.3,72.72],[-101.76,73.02],[-102.48,73.04],[-102.61,72.66],[-101.97,72.5],[-101.84,72.33],[-100.64,72.19],[-99.86,71.86],[-99.24,71.35],[-98.54,71.29],[-97.97,71.66],[-97.46,71.62],[-96.56,71.84],[-96.72,72.3],[-96.32,72.47]]],[[[-90.29,73.92],[-90.99,74.01],[-92.11,73.98],[-93.27,74.18],[-94.37,74.13],[-95.25,74.01],[-95.61,73.6],[-95.59,72.7],[-95.14,72.46],[-95.15,71.97],[-94.09,72.06],[-93.46,72.46],[-93.79,72.69],[-93.4,72.79],[-92.38,72.71],[-91.86,72.85],[-90.29,73.92]]],[[[-103.64,75.2],[-104.4,75.43],[-104.91,75.12],[-104.23,75.02],[-103.64,75.2]]],[[[-93.44,74.94],[-93.5,75.27],[-94.39,75.6],[-95.79,75.5],[-96.6,75.06],[-95.9,74.83],[-94.72,74.63],[-93.61,74.65],[-93.44,74.94]]],[[[-117.78,75.9],[-118.62,75.92],[-119.41,75.6],[-118.61,75.5],[-117.78,75.9]]],[[[-103.81,76.03],[-102.84,76.08],[-102.73,76.32],[-104.31,76.21],[-103.81,76.03]]],[[[-97.42,75.52],[-97.67,76.49],[-98.51,76.64],[-100.27,76.65],[-100.96,76.48],[-102.04,76.41],[-102.1,76.22],[-101.59,75.92],[-102.26,75.87],[-102.78,75.54],[-100.22,75.67],[-100.68,75.34],[-100.33,75.01],[-99.65,74.98],[-98.04,75.03],[-98.12,75.3],[-97.42,75.52]]],[[[-105.4,75.67],[-105.76,75.99],[-106.61,76.06],[-107.05,75.89],[-107.86,76.07],[-108.62,76.42],[-108.45,76.73],[-109.18,76.82],[-110.4,76.4],[-109.54,76.19],[-108.9,75.49],[-110.51,75.57],[-111.36,75.72],[-112.43,76.17],[-112.99,76.27],[-113.96,76.19],[-114.21,76.47],[-115.51,76.46],[-115.84,76.18],[-116.53,76.16],[-116.71,75.9],[-117.67,75.29],[-117.51,75.2],[-115.72,74.97],[-111.03,75.18],[-111.56,75.01],[-112.8,74.99],[-114.44,74.68],[-113.69,74.44],[-112.44,74.41],[-109.58,74.86],[-108.82,75.07],[-108.42,74.92],[-107.01,74.92],[-106.01,75.06],[-105.4,75.67]]],[[[-79.56,74.99],[-79.5,75.39],[-81.11,75.78],[-82.33,75.84],[-83.09,75.74],[-83.92,75.81],[-86.2,75.42],[-87.11,75.59],[-88.25,75.48],[-88.58,75.66],[-90.19,76.07],[-89.3,76.3],[-90.45,76.41],[-91.44,76.69],[-92.69,76.6],[-93.7,76.92],[-95.77,77.08],[-96.85,76.93],[-95.82,76.4],[-94.85,76.27],[-93.13,76.37],[-92.18,75.89],[-92,75.6],[-92.5,75.22],[-91.62,74.71],[-90.89,74.76],[-89.95,74.53],[-89.15,74.61],[-87.64,74.46],[-84.26,74.51],[-83.49,74.58],[-81.79,74.46],[-80.54,74.56],[-79.56,74.99]]],[[[-119.32,76.2],[-115.89,76.7],[-115.83,76.97],[-116.25,77.2],[-115.4,77.32],[-116.41,77.56],[-117.23,77.29],[-118.82,77.36],[-120.09,77.01],[-120.37,76.81],[-121.2,76.68],[-121.55,76.44],[-122.38,76.41],[-122.86,76.18],[-121.44,75.94],[-120.72,76.03],[-119.86,75.86],[-119.32,76.2]]],[[[-89.66,77.36],[-90.3,77.63],[-91.17,77.62],[-91.2,77.41],[-90.09,77.2],[-89.66,77.36]]],[[[-93.25,77.64],[-93.61,77.78],[-95.51,77.81],[-96.24,77.71],[-95.99,77.48],[-93.48,77.49],[-93.25,77.64]]],[[[-109.6,78.07],[-110.71,78.1],[-113.24,77.9],[-113.2,77.53],[-112.11,77.33],[-110.24,77.5],[-109.6,78.07]]],[[[-109.26,78.46],[-110.43,78.77],[-113.21,78.41],[-111.78,78.27],[-109.82,78.3],[-109.26,78.46]]],[[[-96.91,77.8],[-95.06,77.97],[-95.37,78.25],[-94.83,78.36],[-97.45,78.8],[-98.36,78.77],[-98.36,78.45],[-97.74,78.04],[-96.91,77.8]]],[[[-105.61,79.1],[-103.38,78.77],[-103.5,78.51],[-104.64,78.58],[-104.82,78.36],[-103.95,78.24],[-102.74,78.38],[-101.04,78.2],[-100.61,77.86],[-99.94,77.78],[-99.02,77.89],[-99.04,78.08],[-99.8,78.31],[-99.56,78.6],[-101.65,79.08],[-102.61,79.08],[-103.72,79.36],[-105.45,79.27],[-105.61,79.1]]],[[[-96.62,80.04],[-96.54,79.85],[-95.61,79.56],[-95.65,79.39],[-92.58,79.38],[-92.63,79.25],[-94.27,78.97],[-92.95,78.44],[-92.12,78.23],[-90.88,78.14],[-88.77,78.19],[-87.86,78.69],[-84.92,79.3],[-85.56,79.58],[-87.19,79.63],[-86.97,79.88],[-87.7,80.41],[-90.64,80.57],[-92.24,81.26],[-95.23,81.02],[-96.62,80.04]]],[[[-61.09,82.33],[-63.07,82.54],[-63.45,82.83],[-65.85,82.84],[-69.48,83.05],[-72.59,83.1],[-74.2,83],[-76.14,83.05],[-78.42,82.87],[-79.34,82.98],[-81.58,82.79],[-82.71,82.38],[-85.76,82.47],[-86.96,82.05],[-88.68,82.06],[-91.71,81.73],[-89.83,81.01],[-88.1,80.68],[-86.12,80.54],[-84.4,80.51],[-81.22,80.63],[-80.35,80.47],[-83.79,80.25],[-86.44,80.32],[-86.45,79.75],[-85.32,79.68],[-84.49,79.41],[-84.33,79.19],[-85.76,78.83],[-86.61,78.81],[-87.48,78.45],[-87.49,78.13],[-86.23,78.06],[-88.18,77.8],[-88.19,77.64],[-87.47,77.11],[-88.29,77.14],[-89.54,76.86],[-89.66,76.57],[-89.17,76.42],[-87.63,76.34],[-86.22,76.37],[-85.25,76.32],[-84.24,76.45],[-82.8,76.39],[-81.94,76.49],[-80.77,76.42],[-80.67,76.16],[-78.14,76.53],[-77.72,76.82],[-78.87,76.92],[-79.43,77.24],[-78.29,77.38],[-77.74,77.6],[-77.98,77.82],[-76.88,77.91],[-75.58,78.11],[-75.11,78.38],[-74.77,78.83],[-75.74,78.9],[-74.47,79.23],[-75.03,79.37],[-71.14,79.79],[-70.21,80.19],[-68.28,80.76],[-64.69,81.39],[-64.37,81.72],[-62.26,82.02],[-61.09,82.33]]],[[[-60.08,45.79],[-59.86,45.94],[-59.88,46.18],[-60.35,46.31],[-60.62,46.1],[-60.73,45.71],[-60.98,45.82],[-60.43,46.28],[-60.31,46.85],[-60.6,47.03],[-60.87,46.8],[-61.09,46.45],[-61.54,46.04],[-61.33,45.57],[-60.73,45.57],[-60.08,45.79]]],[[[-62,46.46],[-63.19,46.43],[-63.83,46.61],[-64.23,46.9],[-64.42,46.68],[-63.63,46.22],[-63,46.18],[-62.78,45.96],[-62.55,45.97],[-62.58,46.24],[-62,46.46]]],[[[-64.32,49.79],[-63.93,49.67],[-63.59,49.39],[-63.09,49.23],[-62.25,49.07],[-61.81,49.07],[-61.88,49.35],[-62.2,49.41],[-62.53,49.6],[-63.37,49.83],[-64.13,49.95],[-64.32,49.79]]],[[[-80.76,52.92],[-81.12,53.2],[-81.88,53.18],[-82.06,53.02],[-81.03,52.75],[-80.76,52.92]]]]},"properties":{"name":"Canada","ISO3166-1-Alpha-3":"CAN","ISO3166-1-Alpha-2":"CA"}},{"type":"Feature","geometry":{"type":"MultiPolygon","coordinates":[[[[-97.14,25.97],[-97.43,25.85],[-97.68,26.03],[-98.22,26.08],[-98.8,26.37],[-99.09,26.41],[-99.25,26.83],[-99.46,27.06],[-99.51,27.57],[-99.7,27.66],[-100.07,28.15],[-100.28,28.3],[-100.4,28.59],[-100.62,28.92],[-100.67,29.12],[-101.16,29.5],[-101.41,29.77],[-102.3,29.89],[-102.68,29.74],[-102.88,29.34],[-103.15,28.99],[-103.3,29],[-103.79,29.28],[-104.06,29.34],[-104.53,29.67],[-104.68,29.94],[-104.68,30.19],[-105.01,30.68],[-105.36,30.85],[-106,31.4],[-106.16,31.45],[-106.36,31.72],[-106.52,31.77],[-108.22,31.78],[-108.21,31.33],[-109.58,31.33],[-111.07,31.33],[-112.32,31.73],[-113.96,32.23],[-114.82,32.5],[-114.72,32.71],[-117.13,32.53],[-116.84,31.99],[-116.62,31.86],[-116.68,31.55],[-116.07,30.81],[-116.05,30.48],[-115.84,30.35],[-115.7,29.76],[-115.19,29.43],[-114.97,29.38],[-114.04,28.46],[-114.12,28.26],[-114.04,28.03],[-114.17,27.83],[-114.5,27.77],[-114.92,27.84],[-114.73,27.52],[-114.51,27.41],[-114.49,27.24],[-113.5,26.79],[-113.14,26.76],[-113.06,26.6],[-112.34,26.18],[-112.08,25.71],[-112.08,25.26],[-112.14,25.09],[-112.09,24.77],[-111.68,24.59],[-111.44,24.32],[-111.04,24.1],[-110.58,23.68],[-110.31,23.54],[-110.17,23.32],[-110.1,23.02],[-109.9,22.87],[-109.53,23.11],[-109.43,23.3],[-109.48,23.56],[-110.17,24.25],[-110.56,24.21],[-110.74,24.55],[-110.66,24.81],[-110.9,25.14],[-111.03,25.46],[-111.31,25.78],[-111.32,26.07],[-111.57,26.58],[-111.56,26.7],[-112.02,26.98],[-112.37,27.56],[-112.6,27.65],[-112.77,27.86],[-112.79,28.19],[-112.9,28.48],[-113.1,28.5],[-113.26,28.84],[-113.48,28.95],[-113.77,29.41],[-114.27,29.77],[-114.39,29.78],[-114.66,30.18],[-114.63,30.42],[-114.72,30.94],[-114.89,31.16],[-114.85,31.53],[-114.58,31.76],[-114.16,31.49],[-113.88,31.6],[-113.66,31.5],[-113.55,31.3],[-113.05,31.16],[-113.13,30.81],[-112.87,30.43],[-112.69,29.91],[-112.26,29.33],[-112.15,28.96],[-111.89,28.78],[-111.71,28.46],[-111.47,28.38],[-111.25,28.05],[-111.06,27.94],[-110.59,27.84],[-110.55,27.38],[-110.29,27.15],[-109.92,27.06],[-109.86,26.8],[-109.55,26.73],[-109.26,26.5],[-109.27,26.18],[-109.43,26.02],[-109.44,25.79],[-108.45,25.27],[-108.19,24.99],[-108,24.65],[-107.62,24.46],[-107.38,24.21],[-107.04,23.98],[-106.79,23.63],[-106.43,23.23],[-105.8,22.64],[-105.66,22.26],[-105.63,21.96],[-105.41,21.6],[-105.18,21.44],[-105.23,21.06],[-105.36,20.76],[-105.33,20.51],[-105.7,20.41],[-105.53,20.03],[-105.02,19.37],[-104.81,19.23],[-103.98,18.87],[-103.7,18.65],[-103.5,18.33],[-102.74,18.07],[-102.19,17.92],[-102.04,17.99],[-101.81,17.89],[-101.64,17.67],[-101.18,17.41],[-101.01,17.25],[-99.99,16.91],[-99.74,16.73],[-98.86,16.53],[-98.57,16.32],[-98.12,16.21],[-97.77,15.98],[-97.27,15.94],[-96.85,15.73],[-96.56,15.66],[-96.24,15.68],[-95.96,15.83],[-95.43,15.98],[-94.85,16.43],[-94.13,16.22],[-93.94,16.01],[-93.66,15.84],[-92.82,15.17],[-92.25,14.55],[-92.16,14.7],[-92.2,15.29],[-91.72,16.07],[-90.49,16.07],[-90.4,16.35],[-90.65,16.53],[-90.74,16.75],[-91.07,16.92],[-91.29,17.19],[-90.99,17.25],[-90.99,17.8],[-89.16,17.81],[-88.88,17.89],[-88.49,18.48],[-88.3,18.48],[-87.77,18.41],[-87.72,18.68],[-87.42,19.56],[-87.67,19.55],[-87.47,19.88],[-87.44,20.19],[-87.23,20.49],[-86.88,20.86],[-86.74,21.16],[-86.83,21.43],[-87,21.57],[-87.24,21.44],[-87.96,21.6],[-88.45,21.58],[-89.12,21.36],[-89.79,21.28],[-90.36,21],[-90.49,20.53],[-90.48,19.92],[-90.71,19.69],[-90.73,19.38],[-90.94,19.16],[-91.43,18.88],[-91.27,18.74],[-91.54,18.45],[-91.99,18.54],[-91.95,18.69],[-92.68,18.62],[-92.94,18.45],[-93.44,18.44],[-94.21,18.19],[-94.58,18.19],[-94.81,18.52],[-95.21,18.71],[-95.73,18.76],[-95.85,18.72],[-95.98,19.06],[-96.28,19.31],[-96.46,19.87],[-96.68,20.16],[-97.15,20.65],[-97.5,21.4],[-97.66,21.64],[-97.61,21.84],[-97.76,22.1],[-97.89,22.63],[-97.74,22.97],[-97.77,23.26],[-97.65,24.52],[-97.46,25.18],[-97.17,25.72],[-97.14,25.97]]],[[[-112.27,28.77],[-112.2,29.02],[-112.44,29.2],[-112.58,28.88],[-112.27,28.77]]],[[[-113.14,29.06],[-113.18,29.29],[-113.48,29.53],[-113.59,29.41],[-113.23,29.06],[-113.14,29.06]]]]},"properties":{"name":"Mexico","ISO3166-1-Alpha-3":"MEX","ISO3166-1-Alpha-2":"MX"}},{"type":"Feature","geometry":{"type":"Polygon","coordinates":[[[-89.16,17.81],[-89.15,17.04],[-89.24,15.89],[-88.91,15.89],[-88.93,15.98],[-88.54,16.27],[-88.31,16.65],[-88.22,16.97],[-88.3,17.18],[-88.28,17.58],[-88.09,18.12],[-88.3,18.48],[-88.49,18.48],[-88.88,17.89],[-89.16,17.81]]]},"properties":{"name":"Belize","ISO3166-1-Alpha-3":"BLZ","ISO3166-1-Alpha-2":"BZ"}},{"type":"Feature","geometry":{"type":"Polygon","coordinates":[[[-82.57,9.58],[-82.83,9.6],[-82.94,9.44],[-82.94,9.06],[-82.75,8.97],[-82.92,8.74],[-82.85,8.63],[-82.94,8.25],[-82.9,8.03],[-82.88,8.22],[-82.66,8.32],[-82.28,8.34],[-82.11,8.23],[-81.71,8.13],[-81.53,7.71],[-80.95,7.56],[-80.87,7.21],[-80.47,7.25],[-80.36,7.38],[-79.99,7.5],[-80.14,7.75],[-80.46,8.04],[-80.47,8.22],[-80.22,8.3],[-79.77,8.58],[-79.76,8.8],[-79.48,9],[-79.18,9.01],[-78.76,8.83],[-78.3,8.45],[-78.29,8.08],[-78.43,8.08],[-78.14,7.5],[-77.9,7.24],[-77.82,7.48],[-77.58,7.53],[-77.34,7.71],[-77.2,7.98],[-77.48,8.53],[-77.37,8.66],[-77.57,8.79],[-78.02,9.23],[-78.44,9.4],[-79.06,9.46],[-79.55,9.63],[-79.91,9.31],[-80.64,9.05],[-80.82,8.89],[-81.3,8.78],[-81.54,8.81],[-81.76,9.06],[-82.11,8.94],[-82.25,9.01],[-82.35,9.4],[-82.57,9.58]]]},"properties":{"name":"Panama","ISO3166-1-Alpha-3":"PAN","ISO3166-1-Alpha-2":"PA"}},{"type":"Feature","geometry":{"type":"Polygon","coordinates":[[[-60.02,8.56],[-60.37,8.64],[-60.98,8.57],[-61.28,8.4],[-60.98,9.17],[-60.78,9.34],[-61.44,9.82],[-61.88,9.82],[-62.2,10.02],[-62.41,9.92],[-62.52,10.18],[-62.83,10.41],[-62.66,10.57],[-62.33,10.53],[-62.15,10.69],[-62.72,10.76],[-63.17,10.73],[-63.53,10.63],[-63.76,10.67],[-63.82,10.45],[-64.14,10.48],[-64.75,10.11],[-65.17,10.1],[-65.58,10.19],[-65.87,10.31],[-66.12,10.6],[-66.54,10.63],[-67.94,10.47],[-68.24,10.58],[-68.26,10.9],[-68.42,11.18],[-68.86,11.45],[-69.27,11.54],[-69.62,11.47],[-69.81,11.8],[-69.84,12.02],[-70.02,12.2],[-70.21,12.11],[-70.3,11.87],[-70.18,11.38],[-70.51,11.25],[-70.87,11.2],[-71.29,10.99],[-71.46,10.97],[-71.53,10.54],[-71.36,10.22],[-71.04,9.76],[-71.06,9.36],[-71.27,9.14],[-71.51,9.05],[-71.76,9.12],[-71.73,9.36],[-71.97,9.5],[-72.12,9.83],[-71.98,10.09],[-71.63,10.45],[-71.58,10.72],[-71.94,11.38],[-71.96,11.59],[-71.38,11.76],[-71.33,11.85],[-71.97,11.66],[-72.26,11.17],[-72.48,11.13],[-72.91,10.45],[-72.98,9.84],[-73.38,9.16],[-73.01,9.3],[-72.78,9.06],[-72.68,8.65],[-72.39,8.34],[-72.34,8.1],[-72.49,7.95],[-72.45,7.44],[-72.21,7.38],[-72.08,7.07],[-71.83,6.99],[-71.65,7.05],[-71.18,6.96],[-70.7,7.1],[-70.32,6.94],[-70.1,6.94],[-69.44,6.12],[-69.25,6.08],[-69.06,6.22],[-68.64,6.14],[-67.57,6.27],[-67.43,6.04],[-67.6,5.82],[-67.65,5.48],[-67.84,5.3],[-67.79,5.06],[-67.87,4.51],[-67.63,3.76],[-67.47,3.68],[-67.3,3.43],[-67.84,2.89],[-67.63,2.81],[-67.33,2.47],[-67.07,1.89],[-66.88,1.22],[-66.35,0.76],[-66.16,0.73],[-65.75,0.97],[-65.58,0.98],[-65.45,0.69],[-65.14,1.13],[-64.73,1.25],[-64.41,1.51],[-64.3,1.45],[-64.08,1.65],[-64,1.96],[-63.76,1.99],[-63.41,2.15],[-63.38,2.42],[-64.05,2.47],[-64,2.71],[-64.22,3.12],[-64.2,3.59],[-64.66,4],[-64.36,4.15],[-64.13,4.09],[-64.06,3.91],[-63.43,3.97],[-63.29,3.92],[-63,3.6],[-62.75,3.66],[-62.77,4.02],[-62.38,4.17],[-62.19,4.09],[-61.54,4.26],[-61.3,4.52],[-61.01,4.52],[-60.9,4.7],[-60.61,4.9],[-60.74,5.2],[-61.38,5.91],[-61.12,6.19],[-61.2,6.6],[-60.42,6.94],[-60.29,7.11],[-60.64,7.22],[-60.73,7.53],[-60.5,7.82],[-60.37,7.82],[-60.02,8.06],[-59.82,8.29],[-60.02,8.56]]]},"properties":{"name":"Venezuela","ISO3166-1-Alpha-3":"VEN","ISO3166-1-Alpha-2":"VE"}},{"type":"Feature","geometry":{"type":"MultiPolygon","coordinates":[[[[140.97,-2.6],[140.98,-4.6],[140.98,-6.34],[140.85,-6.7],[140.98,-6.9],[140.98,-9.11],[141.12,-9.22],[141.42,-9.15],[141.87,-9.22],[142.22,-9.16],[142.65,-9.33],[143.17,-9.04],[143.41,-8.96],[143.4,-8.78],[142.98,-8.34],[143.59,-8.24],[143.55,-8.03],[143.96,-7.97],[143.92,-7.69],[144.21,-7.8],[144.43,-7.61],[144.7,-7.62],[144.88,-7.78],[145.61,-7.93],[146.1,-8.1],[146.28,-8.44],[146.58,-8.82],[146.63,-9.02],[146.91,-9.12],[147.05,-9.46],[147.31,-9.54],[147.52,-9.88],[147.76,-10.06],[148.23,-10.11],[148.98,-10.28],[149.46,-10.35],[149.75,-10.34],[150.07,-10.64],[150.42,-10.68],[150.69,-10.56],[150.2,-10.1],[149.94,-10.06],[149.73,-9.81],[150.01,-9.64],[149.46,-9.59],[149.18,-9.37],[149.31,-9.12],[149.24,-9],[148.76,-9.1],[148.56,-9.03],[148.44,-8.67],[148.24,-8.57],[148.11,-8.06],[147.68,-7.81],[147.16,-7.39],[147.14,-7.21],[146.96,-6.95],[146.98,-6.74],[147.85,-6.69],[147.83,-6.34],[147.45,-5.96],[147.04,-5.94],[146.46,-5.6],[145.73,-5.42],[145.81,-4.86],[145.35,-4.39],[145.05,-4.34],[144.87,-4.1],[144.55,-3.97],[144.51,-3.82],[144,-3.79],[143.48,-3.42],[143.03,-3.36],[142.18,-3.08],[141.28,-2.64],[140.97,-2.6]]],[[[150.8,-9.65],[150.89,-9.52],[150.51,-9.34],[150.55,-9.62],[150.8,-9.65]]],[[[155.93,-6.64],[155.71,-6.28],[155.45,-6.14],[155.07,-5.55],[154.77,-5.56],[154.76,-5.95],[154.98,-6.19],[155.23,-6.36],[155.19,-6.55],[155.36,-6.75],[155.72,-6.87],[155.93,-6.64]]],[[[152.42,-4.35],[151.96,-4.33],[151.82,-4.21],[151.54,-4.18],[151.7,-4.82],[151.61,-4.97],[151.39,-4.91],[151.08,-5.16],[151.02,-5.39],[150.72,-5.53],[150.42,-5.46],[150.14,-5.53],[149.39,-5.59],[148.98,-5.47],[148.83,-5.53],[148.43,-5.44],[148.39,-5.78],[148.77,-5.87],[149.14,-6.14],[149.46,-6.1],[149.63,-6.3],[150.47,-6.27],[150.59,-6.18],[151.21,-5.94],[151.47,-5.68],[151.48,-5.53],[151.79,-5.58],[152.1,-5.46],[151.99,-4.97],[152.29,-4.94],[152.41,-4.68],[152.42,-4.35]]],[[[153.14,-4.27],[152.96,-4],[152.58,-3.82],[152.49,-3.64],[152.22,-3.46],[152.05,-3.25],[151.81,-3.36],[152.29,-3.57],[152.69,-4.16],[152.67,-4.45],[152.87,-4.79],[153.08,-4.6],[153.14,-4.27]]],[[[150.47,-2.53],[150.21,-2.37],[149.99,-2.47],[150.19,-2.68],[150.47,-2.53]]],[[[147.43,-1.98],[146.65,-1.96],[146.65,-2.17],[147.22,-2.18],[147.43,-1.98]]]]},"properties":{"name":"Papua New Guinea","ISO3166-1-Alpha-3":"PNG","ISO3166-1-Alpha-2":"PG"}},{"type":"Feature","geometry":{"type":"Polygon","coordinates":[[[34.89,29.49],[34.82,29.74],[34.25,31.21],[34.2,31.31],[33.65,31.12],[32.73,31.04],[32.51,31.11],[32.06,31.08],[31.79,31.34],[31.22,31.58],[30.74,31.41],[30.36,31.51],[30.27,31.26],[30.04,31.32],[29.5,30.96],[29.03,30.83],[28.4,31.09],[27.9,31.11],[27.38,31.27],[27.32,31.38],[25.82,31.61],[25.4,31.5],[25.15,31.66],[24.86,31.38],[24.86,31.15],[24.99,30.79],[24.91,30.5],[24.69,30.14],[24.81,29.89],[24.87,29.47],[24.98,29.18],[24.98,27.67],[24.98,26.66],[24.98,25.21],[24.98,23.75],[24.98,22],[26.34,22],[28.29,21.99],[29.46,21.99],[31.25,21.99],[33.18,22],[34.08,22],[35.49,22],[36.88,22],[36.9,22.07],[36.44,22.36],[36.2,22.65],[35.89,22.74],[35.62,23.14],[35.49,23.5],[35.51,23.98],[35.39,24.28],[35.24,24.4],[34.55,25.73],[34.34,26],[34.01,26.61],[34,26.85],[33.83,27.26],[33.56,27.54],[33.51,27.96],[33.13,28.29],[32.87,28.58],[32.63,28.97],[32.59,29.35],[32.34,29.6],[32.56,29.97],[32.68,29.6],[32.89,29.24],[33.15,29.03],[33.23,28.57],[33.56,28.3],[33.76,28.02],[34.08,27.8],[34.43,27.98],[34.41,28.31],[34.63,28.77],[34.74,29.31],[34.89,29.49]]]},"properties":{"name":"Egypt","ISO3166-1-Alpha-3":"EGY","ISO3166-1-Alpha-2":"EG"}},{"type":"Feature","geometry":{"type":"MultiPolygon","coordinates":[[[[51.98,19],[51.02,18.87],[49.13,18.61],[48.16,18.15],[47.59,17.46],[47.43,17.09],[47.19,16.96],[46.97,16.96],[46.71,17.28],[46.32,17.22],[45.43,17.31],[45.17,17.43],[44.4,17.42],[43.75,17.35],[43.39,17.51],[43.17,17.33],[43.11,16.93],[43.21,16.77],[43.04,16.54],[42.79,16.37],[42.82,15.87],[42.7,15.72],[42.8,15.25],[42.94,14.95],[43.1,14.08],[43.28,13.72],[43.25,13.21],[43.47,12.85],[43.91,12.65],[44.19,12.62],[44.54,12.8],[44.87,12.73],[45.19,13.01],[45.4,13.07],[45.67,13.34],[46.23,13.44],[46.7,13.43],[47.4,13.65],[47.67,13.89],[48.02,14.06],[48.19,13.97],[48.68,14.04],[49,14.32],[49.08,14.51],[49.58,14.74],[50.18,14.84],[50.55,15.05],[51.37,15.23],[52.05,15.57],[52.23,15.62],[52.16,15.98],[52.29,16.26],[52.6,16.48],[53.09,16.64],[52.8,17.27],[52.73,17.3],[51.98,19]]],[[[54.47,12.54],[54.12,12.7],[53.76,12.62],[53.4,12.66],[53.33,12.52],[53.57,12.33],[54.14,12.35],[54.47,12.54]]]]},"properties":{"name":"Yemen","ISO3166-1-Alpha-3":"YEM","ISO3166-1-Alpha-2":"YE"}},{"type":"Feature","geometry":{"type":"Polygon","coordinates":[[[-8.68,27.29],[-8.68,26.01],[-10.2,25.99],[-12.02,25.99],[-12.02,24.94],[-12.02,23.5],[-12.35,23.32],[-12.62,23.27],[-13.02,23.02],[-13.17,22.75],[-13.09,22.5],[-13.02,21.33],[-15,21.33],[-16.96,21.33],[-17.06,20.77],[-16.93,21.15],[-16.67,20.67],[-16.39,20.57],[-16.2,20.22],[-16.3,19.92],[-16.23,19.79],[-16.47,19.27],[-16.2,18.98],[-16.07,18.48],[-16.02,17.96],[-16.05,17.67],[-16.17,17.26],[-16.46,16.64],[-16.54,16.27],[-16.54,15.81],[-16.47,16.17],[-16.33,16.47],[-15.67,16.48],[-15.49,16.56],[-14.93,16.64],[-14.34,16.64],[-13.81,16.12],[-13.48,16.15],[-13.31,15.92],[-13.24,15.62],[-12.96,15.51],[-12.86,15.22],[-12.47,15],[-12.26,14.77],[-11.97,14.78],[-11.84,14.89],[-11.85,15.18],[-11.73,15.54],[-11.41,15.6],[-10.92,15.1],[-10.74,15.42],[-10.31,15.44],[-9.84,15.37],[-9.35,15.5],[-8.33,15.5],[-6.67,15.49],[-5.51,15.5],[-5.35,16.31],[-5.62,16.53],[-5.76,17.74],[-5.96,19.62],[-6.22,21.82],[-6.37,23.15],[-6.59,24.99],[-4.82,25],[-6.14,25.79],[-7.3,26.47],[-8.68,27.29]]]},"properties":{"name":"Mauritania","ISO3166-1-Alpha-3":"MRT","ISO3166-1-Alpha-2":"MR"}},{"type":"Feature","geometry":{"type":"MultiPolygon","coordinates":[[[[9.8,2.34],[9.8,1.9],[9.41,1.28],[9.58,1.04],[9.8,1],[11.34,1],[11.32,2.17],[9.99,2.17],[9.8,2.34]]],[[[8.92,3.75],[8.7,3.76],[8.45,3.27],[8.7,3.21],[8.96,3.64],[8.92,3.75]]]]},"properties":{"name":"Equatorial Guinea","ISO3166-1-Alpha-3":"GNQ","ISO3166-1-Alpha-2":"GQ"}},{"type":"Feature","geometry":{"type":"Polygon","coordinates":[[[-16.75,13.07],[-16.67,13.16],[-15.83,13.16],[-15.82,13.32],[-15.02,13.5],[-14.2,13.23],[-13.85,13.34],[-13.97,13.58],[-14.33,13.46],[-14.59,13.66],[-14.73,13.62],[-14.92,13.79],[-15.39,13.77],[-15.52,13.58],[-16.56,13.59],[-16.83,13.34],[-16.75,13.07]]]},"properties":{"name":"Gambia","ISO3166-1-Alpha-3":"GMB","ISO3166-1-Alpha-2":"GM"}},{"type":"Feature","geometry":{"type":"Polygon","coordinates":[[[114.23,22.56],[114.08,22.53],[114.11,22.37],[114.28,22.27],[114.34,22.45],[114.23,22.56]]]},"properties":{"name":"Hong Kong S.A.R.","ISO3166-1-Alpha-3":"HKG","ISO3166-1-Alpha-2":"HK"}},{"type":"Feature","geometry":{"type":"Polygon","coordinates":[[[12.453137,41.902752],[12.452714,41.903016],[12.452767,41.903439],[12.453031,41.903915],[12.453983,41.903862],[12.454035,41.902752],[12.453137,41.902752]]]},"properties":{"name":"Vatican","ISO3166-1-Alpha-3":"VAT","ISO3166-1-Alpha-2":"VA"}},{"type":"Feature","geometry":{"type":"Polygon","coordinates":[[[34.01,35.06],[33.9,35.16],[34.04,35.47],[33.43,35.33],[32.92,35.4],[32.71,35.18],[32.85,35.08],[33.1,35.17],[33.19,35.19],[33.4,35.2],[33.68,35.03],[33.91,35.07],[34.01,35.06]]]},"properties":{"name":"Northern Cyprus","ISO3166-1-Alpha-3":"-99","ISO3166-1-Alpha-2":"-99"}},{"type":"Feature","geometry":{"type":"MultiPolygon","coordinates":[[[[33.91,35.07],[33.9,35.06],[34.02,35.06],[34.01,35.06],[33.91,35.07]]],[[[33.68,35.03],[33.4,35.2],[33.19,35.19],[33.1,35.17],[32.85,35.08],[32.71,35.18],[32.69,35.18],[32.71,35.13],[32.81,35.09],[32.82,35.06],[32.92,35.07],[33.42,35.16],[33.7,34.99],[33.68,35.03]]],[[[32.64,35.19],[32.6,35.18],[32.58,35.17],[32.66,35.19],[32.64,35.19]]]]},"properties":{"name":"Cyprus No Mans Area","ISO3166-1-Alpha-3":"-99","ISO3166-1-Alpha-2":"-99"}},{"type":"Feature","geometry":{"type":"Polygon","coordinates":[[[77.05,35.11],[77.8,35.5],[77.41,35.47],[76.78,35.65],[77.05,35.11]]]},"properties":{"name":"Siachen Glacier","ISO3166-1-Alpha-3":"-99","ISO3166-1-Alpha-2":"-99"}},{"type":"Feature","geometry":{"type":"Polygon","coordinates":[[[63.38,45.57],[63.87,45.75],[63.96,46.06],[63.75,46.3],[63.21,46.37],[62.9,46.21],[62.81,45.9],[62.9,45.75],[63.38,45.57]]]},"properties":{"name":"Baykonur Cosmodrome","ISO3166-1-Alpha-3":"-99","ISO3166-1-Alpha-2":"-99"}},{"type":"Feature","geometry":{"type":"Polygon","coordinates":[[[33.02,34.63],[32.83,34.7],[32.76,34.65],[33.02,34.63]]]},"properties":{"name":"Akrotiri Sovereign Base Area","ISO3166-1-Alpha-3":"-99","ISO3166-1-Alpha-2":"-99"}},{"type":"Feature","geometry":{"type":"Polygon","coordinates":[[[-73.47,-49.76],[-73.06,-49.55],[-73.1,-49.27],[-73.46,-49.31],[-73.59,-49.53],[-73.47,-49.76]]]},"properties":{"name":"Southern Patagonian Ice Field","ISO3166-1-Alpha-3":"-99","ISO3166-1-Alpha-2":"-99"}},{"type":"Feature","geometry":{"type":"Polygon","coordinates":[[[33.18,22],[33.56,21.71],[33.87,21.75],[34.08,22],[33.18,22]]]},"properties":{"name":"Bir Tawil","ISO3166-1-Alpha-3":"-99","ISO3166-1-Alpha-2":"-99"}},{"type":"Feature","geometry":{"type":"MultiPolygon","coordinates":[[[[-51.73,-82.06],[-53.22,-82.13],[-55.93,-82.48],[-57.7,-82.91],[-59.47,-83.46],[-61.62,-83.31],[-62.8,-82.52],[-62.47,-82.26],[-65.07,-82.41],[-66.06,-82.2],[-65.69,-81.71],[-62.21,-81.69],[-62.41,-81.56],[-65.17,-81.51],[-68.37,-81.11],[-69.98,-80.98],[-70.43,-80.66],[-72.56,-80.8],[-74.05,-80.8],[-74.84,-80.92],[-75.71,-80.64],[-75.58,-80.4],[-76.63,-79.94],[-75.92,-79.52],[-76.53,-79.31],[-80.43,-79.26],[-81.11,-79.2],[-83.25,-78.77],[-83.89,-78.42],[-83.68,-78.01],[-82.49,-78.47],[-80.3,-78.85],[-77.75,-78.74],[-77.41,-78.42],[-81.62,-77.86],[-80.76,-77.79],[-77.69,-77.93],[-75.22,-78.14],[-73.63,-78.02],[-72.72,-77.58],[-75.08,-77.44],[-75.53,-77.54],[-77.52,-76.73],[-76.5,-76.52],[-72.41,-76.69],[-71.71,-76.76],[-70.33,-76.68],[-70.18,-76.45],[-68.1,-76.15],[-66.22,-76.01],[-63.16,-75.41],[-64.27,-75.24],[-63.04,-75.15],[-63.57,-74.87],[-62.67,-74.7],[-62.13,-74.95],[-61.54,-74.54],[-60.68,-74.32],[-61.06,-74.1],[-60.8,-73.58],[-61.17,-73.32],[-60.09,-73.3],[-61.37,-72.47],[-60.64,-72.43],[-60.66,-72.26],[-61.43,-72.07],[-61.5,-71.85],[-60.77,-71.76],[-61.12,-71.54],[-60.93,-71.18],[-61.26,-70.89],[-62.01,-70.79],[-61.35,-70.56],[-62.38,-70.41],[-62.01,-70.08],[-62.53,-69.86],[-62.4,-69.52],[-62.96,-69.38],[-63.32,-69.05],[-63.21,-68.84],[-63.81,-68.72],[-64.36,-68.78],[-65.34,-68.56],[-65.48,-68.31],[-64.99,-68.09],[-65.67,-67.89],[-65.59,-67.55],[-64.75,-67.31],[-64.97,-67.03],[-64.77,-66.85],[-63.83,-66.92],[-63.94,-66.7],[-63.76,-66.21],[-62.67,-66.23],[-62.22,-66.17],[-61.68,-66.32],[-60.58,-65.94],[-61.24,-65.91],[-61.34,-66.09],[-62.02,-66.11],[-62.37,-65.92],[-61.96,-65.49],[-62.2,-65.3],[-61.74,-65.09],[-61.05,-65.01],[-60.23,-64.52],[-59.42,-64.33],[-58.99,-64.44],[-58.73,-64.03],[-58.08,-63.66],[-57.13,-63.5],[-57.11,-63.24],[-57.88,-63.31],[-58.13,-63.44],[-58.9,-63.54],[-59.49,-63.88],[-59.91,-63.85],[-60.88,-64.05],[-61.11,-64.38],[-61.58,-64.44],[-62.14,-64.78],[-62.52,-64.73],[-63.08,-65.17],[-63.83,-65.03],[-64.11,-65.27],[-63.68,-65.52],[-64.15,-65.62],[-64.69,-66.04],[-65.26,-65.96],[-65.64,-66.21],[-65.8,-66.72],[-66.29,-66.59],[-66.44,-66.85],[-67.54,-67.14],[-67.47,-67.55],[-66.63,-67.54],[-67.27,-67.97],[-66.95,-68.22],[-67.02,-68.79],[-66.76,-69.07],[-67.53,-69.43],[-67.95,-69.37],[-68.82,-69.43],[-68.36,-69.68],[-68.48,-70.05],[-67.95,-70.31],[-67.41,-70.99],[-67.62,-71.43],[-66.8,-71.96],[-66.75,-72.09],[-67.51,-72.83],[-68.67,-73.09],[-70.29,-73.29],[-73.07,-73.44],[-74.11,-73.72],[-75.27,-73.62],[-76.28,-73.82],[-77.24,-73.81],[-76.7,-73.55],[-77.53,-73.47],[-78.87,-73.58],[-78.74,-73.36],[-79.65,-73.04],[-81.31,-73.27],[-81.23,-73.73],[-82.06,-73.89],[-82.93,-73.71],[-83.88,-73.67],[-85.54,-73.37],[-85.68,-73.18],[-86.95,-73.38],[-87.5,-73.2],[-88.44,-73.26],[-88.71,-73.12],[-88.11,-72.84],[-89.11,-72.76],[-89.28,-73.11],[-90.21,-73.15],[-91.11,-73.3],[-91.95,-73.18],[-93.57,-73.18],[-94.34,-73.32],[-95.19,-73.21],[-95.84,-73.33],[-96.47,-73.3],[-97.72,-73.03],[-100.77,-72.98],[-101.96,-73.06],[-102.09,-72.77],[-103.04,-72.71],[-103.43,-72.85],[-103.29,-73.16],[-102.87,-73.31],[-101.86,-73.3],[-99.77,-73.36],[-99.49,-73.55],[-99.87,-73.73],[-101.16,-73.77],[-101.39,-73.67],[-102.89,-73.59],[-102.92,-73.86],[-101.59,-74],[-100.93,-74.55],[-100.13,-74.47],[-100.08,-74.85],[-99.32,-74.96],[-99.43,-75.3],[-100.14,-75.38],[-101.66,-75.31],[-101.56,-75.15],[-103.3,-75.09],[-105.14,-75.18],[-106.45,-75.32],[-107.87,-75.32],[-109.69,-75.15],[-111.48,-75.2],[-111.53,-75.11],[-110.29,-74.78],[-110.1,-74.55],[-110.45,-74.27],[-111.89,-74.23],[-111.92,-74.62],[-111.54,-74.8],[-113.97,-74.88],[-113.65,-74.59],[-113.88,-74.24],[-113.61,-74.03],[-114.21,-73.86],[-115.12,-74.09],[-114.84,-74.47],[-116.69,-74.56],[-117.66,-74.5],[-118.12,-74.31],[-118.98,-74.4],[-119.13,-74.6],[-120.83,-74.74],[-124.05,-74.81],[-124.37,-74.71],[-126.94,-74.68],[-128.47,-74.76],[-129.98,-74.91],[-131.01,-74.82],[-132.79,-74.77],[-133.87,-74.93],[-135.34,-74.56],[-136.88,-74.83],[-136.88,-75.04],[-139.57,-75.15],[-140.28,-75.43],[-141.24,-75.6],[-142.47,-75.43],[-144.31,-75.64],[-144.16,-75.8],[-146.21,-75.92],[-146.5,-76.09],[-145.54,-76.32],[-146.25,-76.42],[-148.2,-76.09],[-149.64,-76.43],[-148.45,-76.51],[-147.08,-76.43],[-145.59,-76.92],[-145.28,-77.22],[-145.41,-77.48],[-146.4,-77.5],[-146.89,-77.26],[-148.67,-77.67],[-149.97,-77.82],[-151.51,-77.42],[-154.89,-77.1],[-156.32,-77.07],[-157.08,-77.35],[-158.14,-77.43],[-158.64,-77.86],[-157.2,-78.25],[-156.35,-78.2],[-154.14,-78.25],[-154.73,-78.45],[-156.05,-78.49],[-156.53,-78.66],[-154.97,-79.03],[-153.08,-79.14],[-150.45,-79.56],[-149.09,-79.63],[-147.95,-79.79],[-148.83,-80.13],[-150.37,-80.07],[-150.61,-80.27],[-147.63,-80.92],[-152.53,-81.05],[-156.45,-81.15],[-157.06,-81.35],[-155,-81.49],[-153.79,-81.69],[-154.8,-81.97],[-152.9,-82.37],[-152.54,-82.55],[-155.06,-82.8],[-155.59,-83.05],[-157.56,-83.39],[-162.17,-83.52],[-164.17,-83.4],[-165.09,-83.2],[-168.09,-83.26],[-170.72,-83.2],[-171.41,-82.95],[-174.03,-82.92],[-169.43,-83.41],[-168.05,-83.75],[-165.42,-83.77],[-163.7,-84.05],[-165.15,-84.14],[-165.41,-84.36],[-163.86,-84.55],[-155.64,-84.83],[-156.94,-85.01],[-156.01,-85.22],[-162.85,-84.88],[-168.02,-84.78],[-168.25,-84.65],[-175.18,-84.41],[-180,-84.35],[-180,-84.52],[-180,-85.01],[-180,-85.51],[-180,-86.01],[-180,-86.51],[-180,-87.01],[-180,-87.51],[-180,-88.01],[-180,-88.5],[-180,-89],[-180,-89.5],[-180,-90],[-179.5,-90],[-179,-90],[-178.5,-90],[-178,-90],[-177.5,-90],[-177,-90],[-176.5,-90],[-176.01,-90],[-175.51,-90],[-175.01,-90],[-174.51,-90],[-174.01,-90],[-173.51,-90],[-173.01,-90],[-172.51,-90],[-172.01,-90],[-171.51,-90],[-171.01,-90],[-170.51,-90],[-170.01,-90],[-169.51,-90],[-169.02,-90],[-168.52,-90],[-168.02,-90],[-167.52,-90],[-167.02,-90],[-166.52,-90],[-166.02,-90],[-165.52,-90],[-165.02,-90],[-164.52,-90],[-164.02,-90],[-163.52,-90],[-163.02,-90],[-162.52,-90],[-162.02,-90],[-161.53,-90],[-161.03,-90],[-160.53,-90],[-160.03,-90],[-159.53,-90],[-159.03,-90],[-158.53,-90],[-158.03,-90],[-157.53,-90],[-157.03,-90],[-156.53,-90],[-156.03,-90],[-155.53,-90],[-155.03,-90],[-154.54,-90],[-154.04,-90],[-153.54,-90],[-153.04,-90],[-152.54,-90],[-152.04,-90],[-151.54,-90],[-151.04,-90],[-150.54,-90],[-150.04,-90],[-149.54,-90],[-149.04,-90],[-148.54,-90],[-148.04,-90],[-147.55,-90],[-147.05,-90],[-146.55,-90],[-146.05,-90],[-145.55,-90],[-145.05,-90],[-144.55,-90],[-144.05,-90],[-143.55,-90],[-143.05,-90],[-142.55,-90],[-142.05,-90],[-141.55,-90],[-141.05,-90],[-140.55,-90],[-140.06,-90],[-139.56,-90],[-139.06,-90],[-138.56,-90],[-138.06,-90],[-137.56,-90],[-137.06,-90],[-136.56,-90],[-136.06,-90],[-135.56,-90],[-135.06,-90],[-134.56,-90],[-134.06,-90],[-133.56,-90],[-133.07,-90],[-132.57,-90],[-132.07,-90],[-131.57,-90],[-131.07,-90],[-130.57,-90],[-130.07,-90],[-129.57,-90],[-129.07,-90],[-128.57,-90],[-128.07,-90],[-127.57,-90],[-127.07,-90],[-126.57,-90],[-126.07,-90],[-125.58,-90],[-125.08,-90],[-124.58,-90],[-124.08,-90],[-123.58,-90],[-123.08,-90],[-122.58,-90],[-122.08,-90],[-121.58,-90],[-121.08,-90],[-120.58,-90],[-120.08,-90],[-119.58,-90],[-119.08,-90],[-118.59,-90],[-118.09,-90],[-117.59,-90],[-117.09,-90],[-116.59,-90],[-116.09,-90],[-115.59,-90],[-115.09,-90],[-114.59,-90],[-114.09,-90],[-113.59,-90],[-113.09,-90],[-112.59,-90],[-112.09,-90],[-111.6,-90],[-111.1,-90],[-110.6,-90],[-110.1,-90],[-109.6,-90],[-109.1,-90],[-108.6,-90],[-108.1,-90],[-107.6,-90],[-107.1,-90],[-106.6,-90],[-106.1,-90],[-105.6,-90],[-105.1,-90],[-104.6,-90],[-104.11,-90],[-103.61,-90],[-103.11,-90],[-102.61,-90],[-102.11,-90],[-101.61,-90],[-101.11,-90],[-100.61,-90],[-100.11,-90],[-99.61,-90],[-99.11,-90],[-98.61,-90],[-98.11,-90],[-97.61,-90],[-97.12,-90],[-96.62,-90],[-96.12,-90],[-95.62,-90],[-95.12,-90],[-94.62,-90],[-94.12,-90],[-93.62,-90],[-93.12,-90],[-92.62,-90],[-92.12,-90],[-91.62,-90],[-91.12,-90],[-90.62,-90],[-90.12,-90],[-89.63,-90],[-89.13,-90],[-88.63,-90],[-88.13,-90],[-87.63,-90],[-87.13,-90],[-86.63,-90],[-86.13,-90],[-85.63,-90],[-85.13,-90],[-84.63,-90],[-84.13,-90],[-83.63,-90],[-83.13,-90],[-82.64,-90],[-82.14,-90],[-81.64,-90],[-81.14,-90],[-80.64,-90],[-80.14,-90],[-79.64,-90],[-79.14,-90],[-78.64,-90],[-78.14,-90],[-77.64,-90],[-77.14,-90],[-76.64,-90],[-76.14,-90],[-75.64,-90],[-75.15,-90],[-74.65,-90],[-74.15,-90],[-73.65,-90],[-73.15,-90],[-72.65,-90],[-72.15,-90],[-71.65,-90],[-71.15,-90],[-70.65,-90],[-70.15,-90],[-69.65,-90],[-69.15,-90],[-68.65,-90],[-68.16,-90],[-67.66,-90],[-67.16,-90],[-66.66,-90],[-66.16,-90],[-65.66,-90],[-65.16,-90],[-64.66,-90],[-64.16,-90],[-63.66,-90],[-63.16,-90],[-62.66,-90],[-62.16,-90],[-61.66,-90],[-61.17,-90],[-60.67,-90],[-60.17,-90],[-59.67,-90],[-59.17,-90],[-58.67,-90],[-58.17,-90],[-57.67,-90],[-57.17,-90],[-56.67,-90],[-56.17,-90],[-55.67,-90],[-55.17,-90],[-54.67,-90],[-54.17,-90],[-53.68,-90],[-53.18,-90],[-52.68,-90],[-52.18,-90],[-52.12,-90],[-51.68,-90],[-51.18,-90],[-50.68,-90],[-50.18,-90],[-49.68,-90],[-49.18,-90],[-48.68,-90],[-48.18,-90],[-47.68,-90],[-47.18,-90],[-46.69,-90],[-46.19,-90],[-45.69,-90],[-45.19,-90],[-44.69,-90],[-44.19,-90],[-43.69,-90],[-43.19,-90],[-42.69,-90],[-42.19,-90],[-41.69,-90],[-41.19,-90],[-40.69,-90],[-40.19,-90],[-39.69,-90],[-39.2,-90],[-38.7,-90],[-38.2,-90],[-37.7,-90],[-37.2,-90],[-36.7,-90],[-36.2,-90],[-35.7,-90],[-35.2,-90],[-34.7,-90],[-34.2,-90],[-33.7,-90],[-33.2,-90],[-32.7,-90],[-32.21,-90],[-31.71,-90],[-31.21,-90],[-30.71,-90],[-30.21,-90],[-29.71,-90],[-29.21,-90],[-28.71,-90],[-28.21,-90],[-27.71,-90],[-27.21,-90],[-26.71,-90],[-26.21,-90],[-25.71,-90],[-25.21,-90],[-24.72,-90],[-24.22,-90],[-23.72,-90],[-23.22,-90],[-22.72,-90],[-22.22,-90],[-21.72,-90],[-21.22,-90],[-20.72,-90],[-20.22,-90],[-19.72,-90],[-19.22,-90],[-18.72,-90],[-18.22,-90],[-17.73,-90],[-17.23,-90],[-16.73,-90],[-16.23,-90],[-15.73,-90],[-15.23,-90],[-14.73,-90],[-14.23,-90],[-13.73,-90],[-13.23,-90],[-12.73,-90],[-12.23,-90],[-11.73,-90],[-11.23,-90],[-10.74,-90],[-10.24,-90],[-9.74,-90],[-9.24,-90],[-8.74,-90],[-8.24,-90],[-7.74,-90],[-7.24,-90],[-6.74,-90],[-6.24,-90],[-5.74,-90],[-5.24,-90],[-4.74,-90],[-4.24,-90],[-3.74,-90],[-3.25,-90],[-2.75,-90],[-2.25,-90],[-1.75,-90],[-1.25,-90],[-0.75,-90],[-0.25,-90],[0.25,-90],[0.75,-90],[1.25,-90],[1.75,-90],[2.25,-90],[2.75,-90],[3.25,-90],[3.74,-90],[4.24,-90],[4.74,-90],[5.24,-90],[5.74,-90],[6.24,-90],[6.74,-90],[7.24,-90],[7.74,-90],[8.24,-90],[8.74,-90],[9.24,-90],[9.74,-90],[10.24,-90],[10.74,-90],[11.23,-90],[11.73,-90],[12.23,-90],[12.73,-90],[13.23,-90],[13.73,-90],[14.23,-90],[14.73,-90],[15.23,-90],[15.73,-90],[16.23,-90],[16.73,-90],[17.23,-90],[17.73,-90],[18.22,-90],[18.72,-90],[19.22,-90],[19.72,-90],[20.22,-90],[20.72,-90],[21.22,-90],[21.72,-90],[22.22,-90],[22.72,-90],[23.22,-90],[23.72,-90],[24.22,-90],[24.72,-90],[25.21,-90],[25.71,-90],[26.21,-90],[26.71,-90],[27.21,-90],[27.71,-90],[28.21,-90],[28.71,-90],[29.21,-90],[29.71,-90],[30.21,-90],[30.71,-90],[31.21,-90],[31.71,-90],[32.21,-90],[32.7,-90],[33.2,-90],[33.7,-90],[34.2,-90],[34.7,-90],[35.2,-90],[35.7,-90],[36.2,-90],[36.7,-90],[37.2,-90],[37.7,-90],[38.2,-90],[38.7,-90],[39.2,-90],[39.69,-90],[40.19,-90],[40.69,-90],[41.19,-90],[41.69,-90],[42.19,-90],[42.69,-90],[43.19,-90],[43.69,-90],[44.19,-90],[44.69,-90],[45.19,-90],[45.69,-90],[46.19,-90],[46.69,-90],[47.18,-90],[47.68,-90],[48.18,-90],[48.68,-90],[49.18,-90],[49.68,-90],[50.18,-90],[50.68,-90],[51.18,-90],[51.68,-90],[52.18,-90],[52.68,-90],[53.18,-90],[53.68,-90],[54.17,-90],[54.67,-90],[55.17,-90],[55.67,-90],[56.17,-90],[56.67,-90],[57.17,-90],[57.67,-90],[58.17,-90],[58.67,-90],[59.17,-90],[59.67,-90],[60.17,-90],[60.67,-90],[61.17,-90],[61.65,-90],[61.66,-90],[62.16,-90],[62.66,-90],[63.16,-90],[63.66,-90],[64.16,-90],[64.66,-90],[65.16,-90],[65.66,-90],[66.16,-90],[66.66,-90],[67.16,-90],[67.66,-90],[68.16,-90],[68.65,-90],[69.15,-90],[69.65,-90],[70.15,-90],[70.65,-90],[71.15,-90],[71.65,-90],[72.15,-90],[72.65,-90],[73.15,-90],[73.65,-90],[74.15,-90],[74.65,-90],[75.15,-90],[75.64,-90],[76.14,-90],[76.64,-90],[77.14,-90],[77.64,-90],[78.14,-90],[78.64,-90],[79.14,-90],[79.64,-90],[80.14,-90],[80.64,-90],[81.14,-90],[81.64,-90],[82.14,-90],[82.64,-90],[83.13,-90],[83.63,-90],[84.13,-90],[84.63,-90],[85.13,-90],[85.63,-90],[86.13,-90],[86.63,-90],[87.13,-90],[87.63,-90],[88.13,-90],[88.63,-90],[89.13,-90],[89.63,-90],[90.12,-90],[90.62,-90],[91.12,-90],[91.62,-90],[92.12,-90],[92.62,-90],[93.12,-90],[93.62,-90],[94.12,-90],[94.62,-90],[95.12,-90],[95.62,-90],[96.12,-90],[96.62,-90],[97.12,-90],[97.61,-90],[98.11,-90],[98.61,-90],[99.11,-90],[99.61,-90],[100.11,-90],[100.61,-90],[101.11,-90],[101.61,-90],[102.11,-90],[102.61,-90],[103.11,-90],[103.61,-90],[104.11,-90],[104.6,-90],[105.1,-90],[105.6,-90],[106.1,-90],[106.6,-90],[107.1,-90],[107.6,-90],[108.1,-90],[108.6,-90],[109.1,-90],[109.6,-90],[110.1,-90],[110.6,-90],[111.1,-90],[111.6,-90],[112.09,-90],[112.59,-90],[113.09,-90],[113.59,-90],[114.09,-90],[114.59,-90],[115.09,-90],[115.59,-90],[116.09,-90],[116.59,-90],[117.09,-90],[117.59,-90],[118.09,-90],[118.59,-90],[119.08,-90],[119.58,-90],[120.08,-90],[120.58,-90],[121.08,-90],[121.58,-90],[122.08,-90],[122.58,-90],[123.08,-90],[123.58,-90],[124.08,-90],[124.58,-90],[125.08,-90],[125.58,-90],[126.07,-90],[126.57,-90],[127.07,-90],[127.57,-90],[128.07,-90],[128.57,-90],[129.07,-90],[129.57,-90],[130.07,-90],[130.57,-90],[131.07,-90],[131.57,-90],[132.07,-90],[132.57,-90],[133.07,-90],[133.56,-90],[134.06,-90],[134.56,-90],[135.06,-90],[135.56,-90],[136.06,-90],[136.56,-90],[137.06,-90],[137.56,-90],[138.06,-90],[138.56,-90],[139.06,-90],[139.56,-90],[140.06,-90],[140.55,-90],[141.05,-90],[141.55,-90],[142.05,-90],[142.55,-90],[143.05,-90],[143.55,-90],[144.05,-90],[144.55,-90],[145.05,-90],[145.55,-90],[146.05,-90],[146.55,-90],[147.05,-90],[147.55,-90],[148.04,-90],[148.54,-90],[149.04,-90],[149.54,-90],[150.04,-90],[150.54,-90],[151.04,-90],[151.54,-90],[152.04,-90],[152.54,-90],[153.04,-90],[153.54,-90],[154.04,-90],[154.54,-90],[155.03,-90],[155.53,-90],[156.03,-90],[156.53,-90],[157.03,-90],[157.53,-90],[158.03,-90],[158.53,-90],[159.03,-90],[159.53,-90],[160.03,-90],[160.53,-90],[161.03,-90],[161.53,-90],[162.02,-90],[162.52,-90],[163.02,-90],[163.52,-90],[164.02,-90],[164.52,-90],[165.02,-90],[165.52,-90],[166.02,-90],[166.52,-90],[167.02,-90],[167.52,-90],[168.02,-90],[168.52,-90],[169.02,-90],[169.51,-90],[170.01,-90],[170.51,-90],[171.01,-90],[171.51,-90],[172.01,-90],[172.51,-90],[173.01,-90],[173.51,-90],[174.01,-90],[174.51,-90],[175.01,-90],[175.51,-90],[176.01,-90],[176.5,-90],[177,-90],[177.5,-90],[178,-90],[178.5,-90],[179,-90],[179.5,-90],[180,-90],[180,-89.5],[180,-89],[180,-88.5],[180,-88.01],[180,-87.51],[180,-87.01],[180,-86.51],[180,-86.01],[180,-85.51],[180,-85.01],[180,-84.52],[180,-84.35],[173.96,-83.88],[171.19,-83.45],[167.75,-83.26],[167.31,-82.82],[163.84,-82.23],[162.39,-81.8],[161.01,-81.55],[160.91,-80.99],[160.16,-80.78],[161.2,-80.65],[160.75,-80.38],[158.59,-80.48],[158.78,-80.26],[160.85,-79.96],[160.39,-79.17],[162.07,-79.07],[162.13,-78.76],[163.85,-78.74],[164.41,-78.6],[166.09,-78.57],[165.69,-78.26],[164.21,-78.23],[164.5,-77.85],[163.91,-77.7],[163.72,-77.4],[163.07,-77.02],[162.74,-76.07],[162.9,-75.82],[162.2,-75.64],[162.19,-75.39],[162.79,-74.99],[162.59,-74.75],[165.29,-74.47],[164.59,-73.93],[165.26,-73.89],[167.03,-73.57],[167.36,-73.39],[167.17,-73.15],[169.22,-73.13],[170.26,-72.6],[170.02,-72.17],[170.26,-71.95],[170.77,-71.95],[170.81,-71.7],[169.79,-71.52],[167.88,-71.01],[167.42,-70.76],[166.47,-70.77],[165.31,-70.56],[164.24,-70.49],[164.2,-70.64],[163.42,-70.65],[162.6,-70.27],[162.09,-70.31],[161.99,-70.92],[161.42,-70.9],[161.19,-70.41],[160.33,-69.8],[159.75,-69.5],[157.99,-69.17],[156.35,-69.2],[155.89,-68.98],[155.01,-68.9],[154.72,-68.53],[153.84,-68.27],[153.7,-68.55],[153.84,-68.76],[153.25,-68.88],[152.4,-68.7],[150.97,-68.72],[151.09,-68.41],[150.38,-68.44],[149.39,-68.38],[148.44,-68.47],[147.63,-68.36],[146.72,-68.3],[147.07,-68.12],[146.39,-67.92],[146.05,-67.59],[145.24,-67.53],[144.94,-67.72],[143.88,-67.93],[144.66,-67.12],[144.51,-67.02],[143.47,-66.85],[142.48,-67.03],[141.98,-66.8],[140.08,-66.73],[139.25,-66.57],[138.02,-66.49],[137.73,-66.37],[136.94,-66.33],[136.64,-66.46],[136.16,-66.25],[134.74,-66.37],[133.79,-66.11],[133.12,-66.1],[131.76,-66.24],[130.73,-66.15],[130.1,-66.28],[129.53,-66.61],[129.43,-66.97],[129.2,-67.1],[128.52,-67.15],[127.84,-67.02],[127.43,-67.07],[127,-66.93],[126.72,-66.59],[125.9,-66.31],[125.41,-66.42],[125.15,-66.66],[124.62,-66.76],[124.26,-66.59],[122.24,-66.84],[121.52,-67.09],[119.02,-67.41],[118.37,-67.05],[116.5,-67.12],[115.34,-67.22],[114.03,-67.48],[114.03,-67.19],[115.16,-67.05],[115.78,-66.79],[115.6,-66.59],[114.67,-66.48],[114.41,-66.24],[113.2,-65.77],[110.93,-66.05],[110.49,-66.31],[110.72,-66.41],[110.45,-66.66],[109.85,-66.85],[108.83,-66.97],[108.14,-66.62],[106.77,-66.46],[103.91,-65.98],[103.56,-66],[102.71,-65.86],[102.34,-65.95],[101.34,-65.94],[101.33,-66.08],[100.82,-66.38],[99.92,-66.5],[98.91,-66.78],[98.53,-66.45],[97.47,-66.63],[97.24,-66.51],[95.64,-66.68],[94.92,-66.48],[94,-66.73],[93.62,-66.58],[92.76,-66.63],[91.96,-66.5],[91.15,-66.57],[90.37,-66.82],[89.65,-66.84],[87.97,-66.77],[86.7,-67.06],[86.07,-67.04],[85.62,-67.19],[84.96,-67.08],[84.41,-67.12],[83.72,-67.31],[83.22,-67.58],[82.06,-67.67],[79.13,-68.15],[78.46,-68.5],[78.67,-68.7],[77.99,-68.82],[77.84,-69.13],[77,-69.21],[76.83,-69.35],[75.82,-69.53],[75.88,-69.78],[74.27,-69.91],[74.22,-69.73],[73.47,-69.78],[72.63,-70.19],[72.87,-70.43],[71.8,-70.72],[71.2,-71.34],[71.12,-71.73],[70.53,-72.05],[69.95,-72.08],[69.52,-72.43],[68.49,-72.47],[67.92,-72.71],[67.96,-73.15],[67.34,-73.3],[66.39,-73.2],[67,-72.9],[67.45,-71.9],[67.83,-71.54],[68.67,-71.2],[69.21,-70.67],[69.25,-70.41],[68.75,-70.33],[68.08,-70.45],[67.47,-70.21],[67.61,-70.01],[68.27,-69.83],[68.61,-70.03],[69.16,-69.88],[69.36,-69.62],[68.74,-69.39],[69.71,-69.33],[69.66,-68.98],[69.28,-68.83],[69.66,-68.58],[70.12,-68.49],[69.63,-68.12],[69.68,-67.86],[68.38,-67.9],[64.72,-67.65],[63.65,-67.5],[62.62,-67.66],[62.12,-67.56],[61.17,-67.51],[60.62,-67.4],[59.68,-67.39],[59.26,-67.48],[58.79,-67.34],[58.87,-67.17],[58.14,-67.15],[57.56,-66.99],[57.28,-67.08],[56.6,-66.94],[56.5,-66.69],[57.24,-66.72],[57.21,-66.53],[56.81,-66.41],[56.38,-66.45],[55.61,-66.03],[55.18,-65.93],[53.73,-65.85],[51.77,-66.04],[51.35,-66.22],[50.54,-66.3],[50.19,-66.59],[50.59,-67.22],[49.33,-66.88],[48.59,-66.94],[48.45,-67.18],[49.35,-67.18],[49.17,-67.38],[48.63,-67.45],[48.72,-67.68],[47.26,-67.65],[46.92,-67.51],[46.89,-67.26],[46.28,-67.33],[46.22,-67.65],[44.72,-67.78],[44.83,-67.97],[44,-67.97],[42.86,-68.1],[42.54,-68.38],[41.98,-68.41],[41.01,-68.6],[40.89,-68.71],[39.86,-68.83],[39.71,-69.07],[39.71,-69.59],[39.21,-69.71],[38.8,-69.99],[37.54,-69.68],[36.75,-69.64],[35.24,-69.74],[35.2,-69.29],[34.59,-69.07],[33.77,-69.05],[34.21,-68.68],[33.22,-68.67],[32.5,-68.93],[32.93,-69.34],[32.85,-69.95],[32.57,-70.05],[31.28,-70.24],[29.84,-70.31],[28.45,-70.69],[27.63,-70.74],[26.45,-71.03],[24.97,-70.95],[24.32,-70.74],[24.41,-70.53],[23.75,-70.4],[23.32,-70.81],[22.33,-70.76],[22.58,-70.54],[21.8,-70.24],[21.21,-70.58],[21.2,-70.81],[20.4,-70.92],[19.29,-70.91],[18.93,-70.74],[19.3,-70.37],[19.15,-70.2],[18.32,-70.32],[18.09,-70.54],[16.6,-70.37],[16.52,-70.13],[15.96,-70.19],[15.83,-70.38],[14.51,-70.28],[13.85,-70.35],[13.02,-70.24],[12.32,-70.37],[11.85,-70.78],[10.72,-70.64],[9.17,-70.31],[8.44,-70.48],[5.59,-70.65],[5.01,-70.64],[4.22,-70.78],[2.52,-70.9],[0.93,-71.18],[0.23,-71.35],[-0.47,-71.75],[-0.95,-71.62],[-0.81,-71.38],[-2.13,-71.48],[-2.89,-71.27],[-3.34,-71.43],[-5.19,-71.33],[-6.15,-71.37],[-5.74,-71.04],[-5.68,-70.73],[-6.32,-70.71],[-6.62,-70.92],[-7.28,-70.79],[-7.86,-70.83],[-7.56,-71.15],[-7.77,-71.43],[-7.6,-71.59],[-8.61,-71.7],[-9.11,-71.19],[-9.94,-71.06],[-11.07,-71.55],[-11.88,-71.26],[-12.38,-71.4],[-12.18,-71.62],[-10.95,-71.74],[-11.36,-72.4],[-12.46,-72.56],[-13.18,-72.8],[-14.22,-72.83],[-14.1,-73.13],[-14.88,-73.04],[-15.54,-73.08],[-16.44,-73.41],[-16.6,-73.63],[-15.69,-73.95],[-14.7,-73.79],[-14.36,-73.86],[-15.75,-74.43],[-16.6,-74.31],[-17.46,-74.34],[-17.8,-74.78],[-18.87,-75.25],[-18.51,-75.42],[-19.24,-75.55],[-20.4,-75.47],[-21.17,-75.71],[-22.3,-75.64],[-24.33,-75.78],[-25.95,-75.93],[-26.99,-76.17],[-28.86,-76.35],[-30.15,-76.64],[-30.69,-76.85],[-33.72,-77.31],[-35.31,-77.84],[-36.01,-78.21],[-36.44,-78.61],[-36.25,-78.85],[-32.82,-79.24],[-30.61,-79.07],[-29.54,-79.28],[-30.67,-79.59],[-24.73,-79.78],[-22.91,-79.98],[-24.25,-80.08],[-29.76,-80.18],[-31.28,-80.3],[-33.48,-80.62],[-35.21,-80.7],[-36.03,-80.92],[-37.62,-81],[-38.76,-80.87],[-41.76,-81.41],[-41.99,-81.62],[-43.19,-81.9],[-43.15,-82.11],[-44.01,-82.39],[-45.52,-82.53],[-46.69,-82.41],[-46.09,-82.22],[-46.28,-81.91],[-48.38,-81.89],[-51.73,-82.06]]],[[[-59.29,-80.21],[-59.82,-79.77],[-61.47,-79.88],[-61.75,-80.37],[-66.7,-80.41],[-64.28,-80.75],[-63.14,-80.59],[-62.52,-80.86],[-60.65,-80.96],[-59.82,-80.74],[-59.76,-80.34],[-59.29,-80.21]]],[[[-66.15,-79.63],[-66.97,-79.92],[-65.51,-79.96],[-66.15,-79.63]]],[[[-33.92,-79.31],[-35.5,-79.09],[-36.73,-79.3],[-33.92,-79.31]]],[[[-66.73,-78.44],[-66.99,-78.31],[-70.59,-78.89],[-71.4,-79.1],[-71.82,-79.48],[-71.44,-79.65],[-70.34,-79.7],[-68.95,-79.1],[-66.73,-78.44]]],[[[-52.52,-80.2],[-53.46,-80.16],[-54.41,-80.74],[-54.16,-80.88],[-49.8,-80.79],[-49.72,-80.69],[-43.53,-80.2],[-43.02,-79.85],[-42.97,-79.43],[-43.74,-78.8],[-45.22,-78.82],[-45.16,-78.66],[-43.96,-78.6],[-43.82,-78.25],[-44.51,-78.04],[-45.93,-77.82],[-47.22,-77.77],[-49.07,-78.04],[-50.2,-78.59],[-50.71,-79.28],[-50.26,-79.54],[-52.52,-80.2]]],[[[-74.85,-72.87],[-76.13,-73.16],[-75.87,-73.35],[-74.59,-73.61],[-74.22,-72.99],[-74.85,-72.87]]],[[[-95.5,-72.32],[-95.72,-72.1],[-96.36,-71.84],[-97.05,-71.88],[-97.31,-72.18],[-98.23,-72.05],[-97.98,-71.86],[-98.83,-71.76],[-99.75,-72.04],[-100.44,-71.88],[-102.09,-71.97],[-102.29,-72.13],[-100.21,-72.27],[-99.4,-72.5],[-98.58,-72.57],[-96.05,-72.58],[-95.5,-72.32]]],[[[-74.91,-71.02],[-73.62,-70.77],[-73.88,-70.57],[-74.82,-70.61],[-75.2,-70.78],[-76.11,-70.84],[-76.54,-70.97],[-76.13,-71.14],[-74.91,-71.02]]],[[[-75.48,-70.13],[-74.87,-70.18],[-74.41,-69.94],[-74.96,-69.72],[-75.78,-69.92],[-75.48,-70.13]]],[[[-71.46,-72.63],[-70.52,-72.67],[-69.22,-72.54],[-69.14,-72.38],[-68.41,-72.22],[-68.16,-71.61],[-68.3,-70.87],[-68.72,-70.37],[-69.28,-69.92],[-69.32,-69.63],[-69.7,-69.32],[-70.08,-69.29],[-70.11,-68.89],[-70.4,-68.79],[-72.01,-68.96],[-72.14,-69.23],[-71.62,-69.45],[-71.91,-69.71],[-71.91,-69.97],[-71.32,-70.18],[-70.23,-70.14],[-70.12,-70.33],[-71,-70.47],[-71.27,-70.68],[-71.03,-70.96],[-71.69,-71.16],[-72.79,-71.06],[-72.9,-71.23],[-74.42,-71.43],[-75.4,-71.67],[-75.36,-71.92],[-74,-72.17],[-73.04,-71.93],[-72.34,-71.61],[-71.83,-71.8],[-70.72,-71.91],[-70.46,-72.14],[-70.71,-72.4],[-72.68,-72.27],[-73.11,-72.47],[-72.41,-72.67],[-71.46,-72.63]]],[[[-69.11,-67.63],[-68.88,-67.76],[-68.14,-67.57],[-67.68,-67.15],[-68.38,-66.82],[-69.15,-67.48],[-69.11,-67.63]]],[[[-62.91,-64.52],[-63.57,-64.27],[-64.03,-64.77],[-63.34,-64.76],[-62.91,-64.52]]],[[[-57.51,-64.34],[-57.16,-64.09],[-57.81,-63.82],[-58.26,-63.91],[-58.19,-64.38],[-57.51,-64.34]]],[[[-160.57,-81.6],[-160.68,-81.46],[-162.98,-81.27],[-163.73,-81.48],[-160.57,-81.6]]],[[[-159.84,-79.35],[-162.35,-78.75],[-163.27,-78.76],[-164.15,-78.99],[-163.94,-79.41],[-160.71,-79.85],[-158.97,-79.72],[-159.84,-79.35]]],[[[169.27,-77.45],[168.22,-77.37],[166.65,-77.36],[166.39,-77.61],[168.4,-77.7],[169.27,-77.45]]],[[[-120.26,-73.93],[-120.69,-73.77],[-123.07,-73.68],[-122.73,-74],[-123.03,-74.25],[-122.24,-74.41],[-121.1,-74.35],[-121,-74.15],[-120.26,-73.93]]],[[[-127.47,-73.55],[-126.55,-73.67],[-126.48,-73.84],[-124.78,-74.23],[-123.78,-74.11],[-124.63,-73.73],[-125.27,-73.7],[-125.6,-73.43],[-126.53,-73.27],[-127.3,-73.32],[-127.47,-73.55]]],[[[26.77,-70.22],[25.99,-70.2],[26.06,-70.39],[26.84,-70.41],[26.77,-70.22]]],[[[16.25,-69.71],[15.59,-69.93],[16.17,-70.07],[16.25,-69.71]]],[[[100.57,-65.4],[100.3,-65.66],[100.97,-65.68],[101.13,-65.41],[100.57,-65.4]]]]},"properties":{"name":"Antarctica","ISO3166-1-Alpha-3":"ATA","ISO3166-1-Alpha-2":"AQ"}},{"type":"Feature","geometry":{"type":"MultiPolygon","coordinates":[[[[131.54,-31.61],[132.23,-32.03],[132.8,-31.96],[133.15,-32.2],[133.59,-32.1],[134.27,-32.59],[134.07,-32.71],[134.28,-33.16],[134.66,-33.23],[134.81,-33.35],[134.85,-33.64],[135.19,-33.89],[135.35,-34.28],[135.43,-34.71],[135.74,-34.86],[135.94,-34.53],[136.12,-34.45],[136.37,-34.07],[136.61,-33.9],[137.22,-33.65],[137.45,-33.14],[137.9,-32.79],[138.04,-33.13],[137.81,-33.26],[137.94,-33.53],[137.6,-33.88],[137.45,-34.16],[137.51,-34.62],[137.45,-34.92],[137.03,-34.9],[136.95,-35.28],[137.4,-35.12],[137.67,-35.18],[138.04,-34.31],[138.26,-34.44],[138.54,-34.74],[138.43,-35.35],[138.12,-35.56],[138.53,-35.65],[138.96,-35.41],[139.04,-35.6],[139.48,-35.9],[139.85,-36.62],[139.67,-36.95],[139.74,-37.18],[140.11,-37.52],[140.36,-37.88],[140.71,-38.07],[141.13,-38.13],[141.43,-38.38],[141.95,-38.28],[142.4,-38.37],[143.54,-38.86],[144.05,-38.49],[144.4,-38.3],[144.52,-38.08],[144.98,-37.9],[145.12,-38.16],[145.3,-38.23],[145.57,-38.66],[145.81,-38.65],[145.92,-38.9],[146.26,-38.7],[146.88,-38.64],[147.59,-38.08],[147.92,-37.92],[148.31,-37.82],[149.48,-37.79],[149.99,-37.5],[150.02,-37.22],[149.9,-36.93],[150.14,-36.32],[150.16,-35.96],[150.55,-35.21],[150.83,-34.78],[150.92,-34.33],[151.17,-34.11],[151.67,-33.06],[151.83,-32.86],[152.19,-32.76],[152.24,-32.61],[152.52,-32.43],[152.51,-32.16],[152.93,-31.48],[153.09,-30.93],[152.99,-30.73],[153.32,-29.7],[153.34,-29.32],[153.61,-28.87],[153.59,-28.27],[153.45,-28.07],[153.45,-27.81],[153.11,-27.24],[153.21,-27.05],[153.08,-26.28],[153.12,-25.93],[152.89,-25.69],[152.91,-25.29],[152.68,-25.24],[152.4,-24.75],[152.15,-24.62],[151.78,-24.02],[151.58,-24.06],[151.19,-23.8],[151.03,-23.58],[150.86,-23.52],[150.76,-23.16],[150.83,-22.7],[150.76,-22.48],[150.51,-22.54],[150.22,-22.39],[150.05,-22.14],[149.83,-22.39],[149.61,-22.24],[149.44,-21.79],[149.48,-21.72],[149.23,-21.09],[148.74,-20.72],[148.66,-20.56],[148.85,-20.42],[148.61,-20.21],[148.57,-20.06],[147.86,-19.82],[147.68,-19.83],[147.55,-19.52],[147.17,-19.4],[146.45,-19.06],[146.28,-18.87],[146.34,-18.53],[146.02,-18.26],[146.1,-17.93],[146.07,-17.39],[145.78,-16.89],[145.4,-16.44],[145.46,-16.06],[145.36,-15.9],[145.27,-15.54],[145.28,-14.95],[144.68,-14.56],[144.51,-14.17],[143.95,-14.5],[143.78,-14.4],[143.69,-14.01],[143.53,-13.77],[143.59,-13.44],[143.53,-13.33],[143.43,-12.61],[143.25,-12.39],[143.08,-12.33],[143.2,-11.98],[142.87,-11.85],[142.74,-10.98],[142.45,-10.71],[142.17,-10.93],[142.13,-11.34],[141.95,-11.9],[141.8,-12.06],[141.67,-12.44],[141.81,-12.58],[141.75,-12.82],[141.59,-12.98],[141.69,-13.26],[141.47,-13.78],[141.58,-14.08],[141.52,-14.48],[141.67,-15.01],[141.49,-15.48],[141.42,-16.08],[141.2,-16.7],[140.95,-17.02],[140.83,-17.45],[140.51,-17.64],[140,-17.71],[139.27,-17.35],[139.04,-16.92],[138.66,-16.78],[138.18,-16.7],[137.87,-16.44],[137.75,-16.25],[137.36,-16.12],[137.05,-15.92],[136.77,-15.9],[136.27,-15.55],[136.24,-15.42],[135.47,-14.95],[135.39,-14.74],[135.9,-14.14],[136,-13.8],[135.84,-13.6],[135.88,-13.33],[136.31,-13.16],[136.45,-13.22],[136.64,-12.95],[136.47,-12.79],[136.68,-12.67],[136.69,-12.28],[136.45,-11.94],[136.03,-12.31],[135.74,-11.94],[135.54,-12.08],[135.07,-12.26],[134.86,-12.13],[134.38,-12.04],[134.13,-11.89],[133.94,-11.91],[133.8,-11.71],[133.62,-11.83],[133.35,-11.69],[133.14,-11.67],[132.91,-11.33],[132.67,-11.51],[132.35,-11.15],[132.19,-11.35],[132.01,-11.14],[131.86,-11.3],[132.08,-11.52],[132.37,-11.43],[132.59,-11.62],[132.63,-12.04],[132.05,-12.31],[131.9,-12.22],[131.49,-12.3],[131.33,-12.19],[131,-12.17],[130.78,-12.43],[130.34,-12.7],[130.35,-12.84],[130.13,-12.94],[130.12,-13.16],[130.27,-13.32],[129.97,-13.53],[129.72,-14.02],[129.5,-14.09],[129.36,-14.41],[129.59,-14.57],[129.72,-14.79],[129.61,-14.94],[129.22,-14.84],[129.05,-14.88],[128.53,-14.75],[128.2,-15.06],[128.18,-14.7],[127.91,-14.5],[127.67,-14.18],[127.32,-13.92],[127.11,-13.95],[126.95,-13.72],[126.57,-14.2],[126.39,-14.01],[126.14,-14.2],[126.04,-14.51],[125.66,-14.36],[125.14,-14.73],[125.35,-14.99],[124.84,-15.14],[124.63,-15.5],[124.4,-15.56],[124.4,-15.87],[124.59,-16.09],[124.38,-16.21],[123.84,-16.37],[123.65,-16.36],[123.57,-16.62],[123.69,-16.73],[123.84,-17.13],[123.4,-17.33],[123.15,-16.81],[122.89,-16.51],[122.7,-16.79],[122.28,-17.09],[122.17,-17.26],[122.14,-17.56],[122.22,-18.2],[121.91,-18.46],[121.64,-18.81],[121.52,-19.07],[121.19,-19.47],[120.95,-19.63],[120.24,-19.91],[119.8,-19.97],[119.57,-20.07],[119.07,-19.98],[118.83,-20.26],[118.14,-20.36],[117.84,-20.62],[117.35,-20.73],[117.06,-20.62],[116.74,-20.62],[116.43,-20.82],[115.94,-21.06],[115.45,-21.51],[114.93,-21.69],[114.65,-21.84],[114.39,-22.36],[114.17,-22.32],[114.01,-21.86],[113.65,-22.58],[113.81,-23.05],[113.74,-23.53],[113.46,-23.91],[113.39,-24.25],[113.44,-24.53],[113.61,-24.89],[114.16,-25.79],[114.26,-25.84],[114.1,-26.45],[113.94,-26.19],[113.7,-26.15],[113.76,-25.9],[113.53,-25.62],[113.42,-25.73],[113.68,-26.22],[113.88,-26.34],[113.85,-26.54],[113.6,-26.52],[113.45,-26.2],[113.3,-26.4],[113.59,-26.68],[114.01,-27.32],[114.14,-27.69],[114.17,-28.11],[114.53,-28.52],[114.58,-28.79],[114.83,-29.09],[114.98,-29.48],[114.97,-30.21],[115.18,-30.83],[115.68,-31.65],[115.74,-31.93],[115.71,-32.3],[115.77,-32.6],[115.6,-32.66],[115.67,-33.29],[115.43,-33.6],[114.96,-33.68],[115.02,-34.26],[115.33,-34.31],[115.75,-34.54],[116.02,-34.83],[116.47,-35],[116.9,-35.05],[117.36,-35.02],[117.54,-35.09],[118.12,-34.99],[118.93,-34.45],[119.38,-34.44],[119.57,-34.14],[120,-33.93],[120.42,-33.97],[120.57,-33.89],[121.53,-33.82],[121.81,-33.9],[122.02,-33.83],[122.56,-33.96],[122.79,-33.88],[123.57,-33.88],[123.95,-33.57],[124.12,-33.12],[124.36,-32.95],[124.71,-32.9],[125,-32.74],[125.54,-32.55],[125.87,-32.33],[126.19,-32.23],[126.68,-32.32],[127.29,-32.27],[128.02,-32.08],[128.99,-31.69],[130.16,-31.57],[130.83,-31.6],[131.18,-31.48],[131.54,-31.61]]],[[[148,-43.23],[148,-42.91],[147.89,-42.82],[147.98,-42.32],[148.26,-41.8],[148.33,-41],[147.98,-40.74],[147.82,-40.89],[147.44,-41.01],[147.02,-40.98],[146.42,-41.17],[145.79,-41.02],[145.71,-40.93],[144.69,-40.7],[144.61,-41],[144.93,-41.71],[145.21,-41.97],[145.26,-42.6],[145.87,-43.26],[146.03,-43.48],[146.51,-43.53],[146.71,-43.63],[147.1,-43.3],[147.26,-43.25],[147.36,-42.93],[147.59,-42.82],[147.79,-43.24],[148,-43.23]]],[[[148.01,-40.15],[148.31,-40.24],[148.3,-39.96],[147.85,-39.83],[148.01,-40.15]]],[[[138.13,-35.82],[137.58,-35.73],[137.35,-35.59],[136.62,-35.75],[136.53,-35.91],[136.72,-36.06],[137.21,-35.98],[137.46,-36.08],[137.76,-35.87],[138.13,-35.82]]],[[[153.37,-24.99],[153.04,-25.18],[152.95,-25.55],[153.08,-25.67],[153.37,-24.99]]],[[[139.73,-16.44],[139.29,-16.47],[139.44,-16.66],[139.73,-16.44]]],[[[136.95,-14.18],[136.72,-14.06],[136.79,-13.92],[136.68,-13.72],[136.43,-13.88],[136.46,-14.22],[136.9,-14.3],[136.95,-14.18]]],[[[130.54,-11.71],[130.4,-11.53],[130.35,-11.34],[130.15,-11.49],[130.2,-11.65],[130.54,-11.71]]],[[[131.54,-11.41],[131.27,-11.19],[131.01,-11.35],[130.69,-11.42],[130.37,-11.23],[130.5,-11.65],[130.98,-11.93],[131.43,-11.61],[131.54,-11.41]]]]},"properties":{"name":"Australia","ISO3166-1-Alpha-3":"AUS","ISO3166-1-Alpha-2":"AU"}},{"type":"Feature","geometry":{"type":"MultiPolygon","coordinates":[[[[-40.88,65.1],[-40.18,65.04],[-39.86,65.24],[-39.87,65.51],[-38.22,65.65],[-37.8,66.05],[-37.21,65.78],[-36.39,66.02],[-36.07,65.94],[-34.64,66.38],[-33.75,66.99],[-33.19,67.56],[-32.13,68.05],[-31.41,68.12],[-30.91,68.05],[-30.01,68.13],[-29.01,68.35],[-26.42,68.66],[-25.67,68.87],[-24.62,69.28],[-23.7,69.72],[-22.37,70.12],[-23.56,70.11],[-25.31,70.41],[-26.33,70.2],[-26.74,70.48],[-28.23,70.37],[-28.31,70.56],[-27.51,70.94],[-26.43,70.97],[-25.6,71.17],[-25.41,71.35],[-24.67,71.27],[-24.26,71.08],[-23.93,70.61],[-23.35,70.44],[-22.66,70.44],[-21.73,70.58],[-21.57,70.96],[-21.78,71.09],[-21.67,71.4],[-22.53,71.46],[-22.31,71.7],[-22.5,71.9],[-24.34,72.33],[-24.85,72.72],[-25.52,72.84],[-24.98,73.03],[-25.72,73.14],[-25.7,73.27],[-25.29,73.47],[-24.38,73.56],[-22.31,73.25],[-21.28,73.46],[-20.54,73.45],[-20.69,73.89],[-22.23,74.1],[-21.77,74.44],[-21.26,74.47],[-20.36,74.45],[-20.2,74.28],[-19.37,74.27],[-18.97,74.48],[-20.76,74.83],[-20.67,75.29],[-19.43,75.23],[-19.38,75.54],[-19.75,75.89],[-19.67,76.13],[-21.57,76.38],[-21.94,76.62],[-20.51,76.95],[-18.5,76.75],[-18.32,77.21],[-20.23,77.37],[-20.77,77.62],[-20.02,77.69],[-20.76,77.97],[-21.63,78],[-20.89,78.56],[-20.98,78.77],[-19.93,78.83],[-19.91,79.02],[-18.96,79.15],[-19.57,79.39],[-19.21,79.71],[-20.42,79.84],[-19.47,80.26],[-17.87,80.16],[-16.45,80.22],[-15.42,80.65],[-11.64,81.39],[-12.03,81.64],[-13.92,81.81],[-16.49,81.75],[-17.15,81.41],[-19.25,81.55],[-21.36,81.2],[-21.03,81.77],[-21.39,82.08],[-24.62,81.99],[-29.85,82.14],[-23.89,82.28],[-22.44,82.34],[-21.32,82.61],[-23.66,82.84],[-25.65,83.3],[-30.65,83.6],[-32.49,83.63],[-38.69,83.43],[-37.63,83.15],[-39.44,82.96],[-40.69,82.99],[-41.74,83.19],[-45.15,83.16],[-46.56,82.89],[-43.73,82.41],[-44.4,82.11],[-46.01,82.04],[-48.74,82.36],[-51.11,82.51],[-50.58,82.15],[-49.46,81.95],[-50.89,81.88],[-53.02,82.01],[-54.44,82.37],[-58.61,82.11],[-61.28,81.82],[-60.79,81.51],[-61.5,81.11],[-62.98,81.23],[-64.75,81],[-65.12,80.78],[-66.76,80.55],[-67.46,80.34],[-67.05,80.06],[-64.93,80.07],[-64.86,79.51],[-66.12,79.1],[-66.68,79.14],[-69.03,78.98],[-69.44,78.81],[-72.59,78.52],[-72.78,78.11],[-70.26,77.56],[-69.22,77.45],[-67.59,77.52],[-66.61,77.67],[-66.05,77.49],[-66.77,77.36],[-68.37,77.38],[-69.06,77.26],[-70.9,77.19],[-71.35,76.99],[-70.66,76.8],[-68.91,76.66],[-69.58,76.44],[-68.43,76.08],[-66.49,75.95],[-65.35,76.03],[-63.48,76.38],[-62.4,76.24],[-60.87,76.16],[-59.27,75.88],[-59.04,75.7],[-58.17,75.5],[-58.66,75.38],[-58.13,75.11],[-56.85,74.81],[-56.6,74.24],[-55.27,73.39],[-55.47,73.07],[-54.65,72.84],[-54.97,72.52],[-54.88,72.25],[-55.55,72.04],[-55.37,71.83],[-55.85,71.72],[-55.51,71.45],[-54.63,71.35],[-53.95,71.44],[-53.68,71.74],[-52.66,71.68],[-52.7,71.53],[-52.05,71.25],[-51.91,71.02],[-51.19,70.89],[-51.55,70.43],[-52.45,70.7],[-53.98,70.83],[-54.59,70.68],[-54.02,70.41],[-53.23,70.35],[-52.33,70.05],[-50.33,69.89],[-50.85,69.63],[-50.89,69.17],[-51.1,68.87],[-50.93,68.67],[-51.57,68.52],[-52.62,68.53],[-53.09,68.32],[-52.45,68.18],[-51.22,68.27],[-51.22,68.07],[-51.93,68.05],[-52.58,68.19],[-53.14,68.11],[-53.69,67.81],[-53.58,67.52],[-53.96,67.1],[-53.65,66.91],[-53.1,66.93],[-52.67,66.69],[-53.43,66.65],[-53.7,66.36],[-53.35,66.11],[-53.46,65.96],[-52.27,65.45],[-52.28,65.08],[-51.88,64.84],[-52.16,64.68],[-52.14,64.22],[-51.84,64.23],[-51.25,64.76],[-50.91,64.69],[-50.9,64.41],[-51.44,64.08],[-51.54,63.69],[-51.13,63.5],[-51.06,63.18],[-50.59,63.23],[-50.56,62.98],[-50.18,62.77],[-50.31,62.49],[-49.7,62.27],[-49.31,62],[-49.43,61.85],[-49.24,61.61],[-48.62,61.21],[-48.02,61.05],[-47.93,60.84],[-47.06,60.86],[-46.86,60.8],[-46.38,61.08],[-45.39,60.52],[-44.93,60.33],[-44.97,60.04],[-43.99,60.19],[-43.14,60.08],[-43.32,60.44],[-42.83,60.61],[-42.89,60.85],[-42.67,61.03],[-42.71,61.29],[-42.12,62.01],[-42.42,62.82],[-41.75,62.84],[-41.47,63.23],[-40.61,63.81],[-40.56,64.11],[-41.39,64.18],[-40.56,64.51],[-40.63,64.69],[-41.05,64.88],[-40.88,65.1]]],[[[-43.17,60.07],[-44.07,60.18],[-43.9,59.99],[-43.17,60.07]]],[[[-52.9,69.35],[-52.14,69.48],[-52,69.81],[-52.73,69.93],[-53.27,70.2],[-54.45,70.31],[-54.83,70.2],[-54.99,69.7],[-54.74,69.59],[-53.88,69.56],[-53.59,69.24],[-52.9,69.35]]],[[[-44.53,82.41],[-46.32,82.68],[-47.7,82.64],[-46.88,82.36],[-45.07,82.22],[-44.53,82.41]]],[[[-25.32,70.75],[-25.7,71.09],[-26.66,70.9],[-27.07,70.89],[-28.07,70.43],[-26.58,70.52],[-25.3,70.66],[-25.32,70.75]]],[[[-21.95,72.43],[-23.15,72.84],[-24.49,72.83],[-24.35,72.59],[-22.25,72.12],[-21.95,72.43]]],[[[-21.93,72.74],[-21.9,72.92],[-23.24,73.08],[-23.16,72.88],[-22.65,72.7],[-21.93,72.74]]],[[[-24.52,73.05],[-22.98,73.11],[-23.23,73.25],[-24.46,73.43],[-25.24,73.41],[-25.71,73.18],[-24.52,73.05]]],[[[-20.35,74.25],[-20.55,74.41],[-21.25,74.46],[-21.93,74.21],[-21.03,74.1],[-20.35,74.25]]],[[[-17.32,75.14],[-17.81,75.09],[-18.51,75.37],[-18.93,75.05],[-17.5,75],[-17.32,75.14]]]]},"properties":{"name":"Greenland","ISO3166-1-Alpha-3":"GRL","ISO3166-1-Alpha-2":"GL"}},{"type":"Feature","geometry":{"type":"MultiPolygon","coordinates":[[[[180,-16.15],[179.76,-16.18],[179.24,-16.4],[178.92,-16.47],[178.6,-16.78],[178.71,-17],[179.27,-16.69],[179.3,-16.81],[179.9,-16.72],[179.74,-16.46],[180,-16.17],[180,-16.15]]],[[[178.71,-17.99],[178.6,-17.65],[178.26,-17.34],[177.83,-17.37],[177.39,-17.64],[177.25,-17.95],[177.34,-18.11],[177.83,-18.23],[178.17,-18.25],[178.28,-18.15],[178.66,-18.09],[178.71,-17.99]]]]},"properties":{"name":"Fiji","ISO3166-1-Alpha-3":"FJI","ISO3166-1-Alpha-2":"FJ"}},{"type":"Feature","geometry":{"type":"MultiPolygon","coordinates":[[[[168.2,-47.05],[168.18,-46.86],[167.92,-46.68],[167.65,-47.05],[167.9,-47.19],[168.2,-47.05]]],[[[172.75,-43.28],[172.81,-43.17],[173.29,-42.95],[173.56,-42.49],[173.89,-42.24],[174.2,-41.88],[174.23,-41.72],[174.06,-41.42],[174.26,-41.12],[174.21,-41],[173.57,-41.07],[173.21,-41.3],[173.03,-41.15],[173.06,-40.89],[172.69,-40.73],[172.64,-40.51],[172.11,-40.89],[172.07,-41.41],[171.9,-41.61],[171.49,-41.83],[171.12,-42.59],[170.7,-42.95],[169.9,-43.39],[169.73,-43.57],[169.19,-43.76],[168.75,-44.01],[168.34,-44.12],[167.42,-44.84],[167.2,-44.95],[166.7,-45.54],[166.8,-45.72],[166.49,-45.81],[166.47,-45.98],[166.76,-46.22],[167.41,-46.25],[167.7,-46.19],[167.85,-46.4],[168.22,-46.35],[168.37,-46.54],[168.84,-46.56],[169.04,-46.68],[169.64,-46.58],[170.23,-46.15],[170.33,-45.98],[170.79,-45.86],[170.7,-45.68],[170.98,-45.15],[171.2,-44.91],[171.2,-44.57],[171.35,-44.28],[172.5,-43.72],[172.88,-43.9],[173.05,-43.65],[172.8,-43.61],[172.75,-43.28]]],[[[176.95,-39.61],[176.91,-39.45],[177.06,-39.2],[177.39,-39.08],[177.88,-39.09],[177.96,-38.76],[178.29,-38.54],[178.35,-38],[178.56,-37.72],[178.28,-37.56],[178.03,-37.55],[177.74,-37.68],[177.56,-37.91],[177.15,-38.02],[176.52,-37.76],[176,-37.63],[175.88,-36.93],[175.5,-36.65],[175.6,-37.21],[175.37,-37.21],[175.24,-36.94],[174.82,-36.82],[174.72,-36.59],[174.76,-36.24],[174.5,-35.99],[174.57,-35.59],[174.33,-35.29],[174.14,-35.32],[173.89,-35.01],[173.48,-34.99],[173.12,-34.81],[173.1,-35.22],[173.86,-36.07],[174.08,-36.4],[174.44,-36.41],[174.36,-36.63],[174.49,-37.01],[174.83,-36.94],[174.69,-37.33],[174.85,-37.76],[174.71,-38.12],[174.58,-38.84],[173.85,-39.13],[173.78,-39.39],[173.99,-39.54],[174.32,-39.61],[174.57,-39.83],[174.97,-39.92],[175.15,-40.09],[175.23,-40.34],[175.14,-40.67],[174.94,-40.97],[174.61,-41.29],[174.87,-41.42],[175.18,-41.42],[175.33,-41.61],[175.97,-41.25],[176.35,-40.7],[176.84,-40.18],[177.04,-39.75],[176.95,-39.61]]]]},"properties":{"name":"New Zealand","ISO3166-1-Alpha-3":"NZL","ISO3166-1-Alpha-2":"NZ"}},{"type":"Feature","geometry":{"type":"MultiPolygon","coordinates":[[[[167.43,-21.03],[167.19,-20.79],[167.07,-21],[167.43,-21.03]]],[[[167.03,-22.24],[166.94,-22.08],[166.57,-21.87],[166.41,-21.71],[165.41,-21.06],[165.22,-20.76],[165.06,-20.73],[164.5,-20.3],[164.13,-20.3],[164.37,-20.76],[164.8,-21.08],[164.92,-21.29],[165.29,-21.58],[165.68,-21.76],[166.48,-22.29],[166.91,-22.39],[167.03,-22.24]]]]},"properties":{"name":"New Caledonia","ISO3166-1-Alpha-3":"NCL","ISO3166-1-Alpha-2":"NC"}},{"type":"Feature","geometry":{"type":"Polygon","coordinates":[[[44.25,-20.38],[43.9,-20.88],[43.81,-21.22],[43.47,-21.41],[43.47,-21.67],[43.34,-21.77],[43.22,-22.25],[43.36,-22.83],[43.58,-23.08],[43.63,-23.34],[43.66,-24.19],[43.84,-24.51],[44.03,-25],[44.37,-25.26],[44.83,-25.34],[45.14,-25.58],[45.49,-25.57],[46.24,-25.2],[46.65,-25.18],[46.96,-25.07],[47.14,-24.91],[47.34,-24.32],[47.57,-23.85],[47.83,-22.9],[47.9,-22.48],[48.2,-21.8],[48.46,-21.01],[48.56,-20.58],[48.82,-19.9],[49.08,-19.07],[49.36,-18.42],[49.5,-17.66],[49.43,-17.28],[49.72,-16.71],[49.85,-16.55],[49.85,-16.21],[49.7,-16.12],[49.73,-15.91],[49.64,-15.54],[49.9,-15.42],[50.04,-15.86],[50.24,-15.96],[50.43,-15.6],[50.5,-15.32],[50.28,-14.88],[50.19,-14.46],[50.14,-13.78],[49.97,-13.33],[49.86,-12.88],[49.56,-12.62],[49.54,-12.38],[49.35,-12.3],[49.32,-12],[48.98,-12.33],[48.87,-12.64],[48.96,-12.81],[48.75,-13.41],[48.43,-13.52],[48.18,-13.75],[48.03,-13.52],[47.88,-13.78],[48.04,-14.15],[47.81,-14.22],[47.71,-14.37],[47.75,-14.6],[47.48,-15.08],[47.29,-14.92],[47.06,-15.22],[46.88,-15.23],[46.33,-15.63],[46.02,-15.79],[45.69,-15.78],[45.64,-15.94],[45.27,-15.92],[44.85,-16.23],[44.45,-16.19],[44.43,-16.7],[43.94,-17.46],[44.04,-17.77],[44.05,-18.43],[44.26,-18.8],[44.23,-19.05],[44.46,-19.42],[44.37,-19.77],[44.48,-19.91],[44.25,-20.38]]]},"properties":{"name":"Madagascar","ISO3166-1-Alpha-3":"MDG","ISO3166-1-Alpha-2":"MG"}},{"type":"Feature","geometry":{"type":"MultiPolygon","coordinates":[[[[126.57,7.3],[126.58,7.72],[126.41,7.83],[126.46,8.23],[126.3,8.77],[126.31,8.96],[125.93,9.49],[125.4,9.68],[125.54,9.19],[125.46,8.99],[124.92,8.99],[124.78,8.95],[124.75,8.5],[124.41,8.61],[124.23,8.21],[123.87,8.11],[123.87,8.36],[123.76,8.61],[123.48,8.7],[123.33,8.55],[123.06,8.5],[122.92,8.15],[122.29,8.01],[122.13,7.82],[122.05,7.3],[121.9,7.06],[122.15,6.93],[122.44,7.61],[122.6,7.76],[122.81,7.74],[122.83,7.55],[123,7.47],[123.49,7.66],[123.59,7.84],[124.07,7.6],[124.25,7.4],[124.03,7.12],[123.97,6.82],[124.05,6.44],[124.25,6.19],[124.6,6],[125.18,5.8],[125.39,5.57],[125.67,5.95],[125.71,6.15],[125.57,6.52],[125.39,6.77],[125.66,7.24],[125.81,7.35],[125.98,6.94],[126.08,6.84],[126.48,7.07],[126.57,7.3]]],[[[122.3,18.4],[121.97,18.29],[121.61,18.36],[121.11,18.64],[120.61,18.54],[120.33,17.56],[120.44,17.37],[120.43,16.96],[120.28,16.61],[120.4,16.17],[120.19,16.03],[119.9,16.25],[119.76,16.2],[119.88,15.91],[120.09,14.79],[120.54,14.7],[120.83,14.76],[120.97,14.5],[120.59,14.2],[120.75,13.93],[121.28,13.6],[121.48,13.85],[121.72,13.97],[122.12,13.75],[122.5,13.37],[122.52,13.93],[122.74,13.82],[122.81,13.65],[123.17,13.45],[123.44,13.04],[123.82,12.83],[123.88,12.65],[124.1,12.56],[124.08,13.01],[123.75,13.15],[123.79,13.31],[123.53,13.63],[123.94,13.78],[123.48,13.95],[123.11,13.72],[123.01,14.11],[122.75,14.33],[122.47,14.35],[121.94,14],[121.73,14.19],[121.59,14.86],[121.38,15.31],[121.64,15.72],[121.58,15.93],[121.75,16.08],[122.2,16.26],[122.53,17.09],[122.44,17.29],[122.25,17.36],[122.16,17.62],[122.18,18.12],[122.3,18.4]]],[[[122.3,6.63],[122.07,6.74],[121.84,6.67],[121.96,6.4],[122.19,6.45],[122.3,6.63]]],[[[124.57,9.87],[124.59,10.02],[124.18,10.14],[123.89,9.91],[123.94,9.62],[124.29,9.61],[124.57,9.87]]],[[[123.57,10.83],[123.21,11],[122.97,10.88],[122.82,10.53],[122.88,10.12],[122.71,9.99],[122.47,9.97],[122.4,9.84],[122.6,9.43],[122.87,9.32],[123.03,9.04],[123.23,9.11],[123.32,9.34],[123.2,9.49],[123.16,9.87],[123.57,10.83]]],[[[124.05,10.83],[123.85,10.75],[123.38,9.94],[123.31,9.51],[123.49,9.57],[123.81,10.24],[124.04,10.48],[124.05,10.83]]],[[[119.67,10.55],[119.5,10.97],[119.28,10.51],[118.82,10.19],[118.53,9.77],[118.35,9.64],[118.13,9.34],[117.9,9.26],[117.66,9.06],[117.29,8.64],[117.77,8.7],[118.01,8.89],[118.13,9.13],[118.5,9.31],[118.73,9.63],[118.75,9.89],[119.2,10.06],[119.36,10.33],[119.56,10.37],[119.67,10.55]]],[[[125.27,10.32],[125.19,10.6],[125.01,10.8],[125.05,10.97],[124.98,11.38],[124.4,11.3],[124.4,10.95],[124.62,11],[124.78,10.82],[124.74,10.4],[124.88,10.13],[125.27,10.32]]],[[[123.17,11.48],[122.9,11.44],[122.62,11.51],[122.39,11.73],[121.96,11.93],[121.86,11.76],[122.11,11.66],[122.05,11.02],[121.94,10.78],[122.04,10.47],[122.23,10.64],[122.59,10.7],[122.78,10.96],[123.01,11.09],[123.17,11.48]]],[[[120.35,12.03],[120.02,12.25],[119.98,12.03],[120.35,12.03]]],[[[125.71,11.15],[125.57,11.27],[125.47,11.6],[125.5,12.25],[125.17,12.58],[124.68,12.52],[124.28,12.53],[124.39,12.22],[124.68,12.03],[125,11.62],[125,11.42],[125.21,11.13],[125.71,11.15]]],[[[124.05,11.8],[124.04,11.99],[123.88,12.21],[123.45,12.51],[123.27,12.42],[123.71,11.95],[124.05,11.8]]],[[[121.53,12.7],[121.43,13.22],[120.95,13.53],[120.57,13.51],[120.48,13.3],[120.76,13],[120.8,12.73],[121.13,12.24],[121.43,12.38],[121.53,12.7]]],[[[124.42,13.87],[124.12,14.05],[124.17,13.53],[124.39,13.71],[124.42,13.87]]],[[[121.38,6.01],[121.04,6.1],[121.08,5.89],[121.38,6.01]]]]},"properties":{"name":"Philippines","ISO3166-1-Alpha-3":"PHL","ISO3166-1-Alpha-2":"PH"}},{"type":"Feature","geometry":{"type":"Polygon","coordinates":[[[81.88,7.09],[81.88,7.33],[81.7,7.75],[81.45,8.13],[81.37,8.48],[80.93,9.02],[80.74,9.36],[80.23,9.83],[79.99,9.82],[80.27,9.5],[80.05,9.39],[80.12,9.23],[79.95,8.95],[79.76,7.99],[79.86,6.81],[80.1,6.13],[80.25,6.01],[80.59,5.92],[81.36,6.23],[81.68,6.46],[81.78,6.61],[81.88,7.09]]]},"properties":{"name":"Sri Lanka","ISO3166-1-Alpha-3":"LKA","ISO3166-1-Alpha-2":"LK"}},{"type":"Feature","geometry":{"type":"Polygon","coordinates":[[[-68.78,12.1],[-68.84,12.17],[-69.04,12.26],[-69.07,12.34],[-69.16,12.31],[-69.08,12.2],[-68.94,12.11],[-68.78,12.1]]]},"properties":{"name":"Curaçao","ISO3166-1-Alpha-3":"CUW","ISO3166-1-Alpha-2":"CW"}},{"type":"Feature","geometry":{"type":"Polygon","coordinates":[[[-70,12.58],[-70.06,12.54],[-69.89,12.42],[-69.88,12.45],[-70,12.58]]]},"properties":{"name":"Aruba","ISO3166-1-Alpha-3":"ABW","ISO3166-1-Alpha-2":"AW"}},{"type":"Feature","geometry":{"type":"MultiPolygon","coordinates":[[[[-73.65,21.06],[-73.49,20.92],[-73.13,20.99],[-73.4,21.22],[-73.65,21.06]]],[[[-77.52,23.93],[-77.68,24.3],[-77.94,24.1],[-77.81,23.88],[-77.52,23.93]]],[[[-78.35,24.66],[-78.06,24.32],[-77.72,24.5],[-77.74,24.7],[-77.99,25.01],[-78.16,25],[-78.35,24.66]]],[[[-77.81,26.91],[-77.52,26.85],[-77.31,26.59],[-77.16,26.56],[-77.26,26.2],[-77.01,26.32],[-77.06,26.53],[-77.27,26.63],[-77.51,26.87],[-77.81,26.91]]]]},"properties":{"name":"The Bahamas","ISO3166-1-Alpha-3":"BHS","ISO3166-1-Alpha-2":"BS"}},{"type":"Feature","geometry":{"type":"Polygon","coordinates":[[[-71.8,21.79],[-71.74,21.79],[-71.63,21.77],[-71.68,21.84],[-71.81,21.84],[-71.8,21.79]]]},"properties":{"name":"Turks and Caicos Islands","ISO3166-1-Alpha-3":"TCA","ISO3166-1-Alpha-2":"TC"}},{"type":"Feature","geometry":{"type":"Polygon","coordinates":[[[121.91,24.95],[121.89,25.11],[121.6,25.27],[121.06,25.05],[120.85,24.71],[120.7,24.61],[120.19,23.77],[120.06,23.15],[120.33,22.52],[120.62,22.3],[120.7,21.98],[120.84,21.93],[120.95,22.53],[121.4,23.15],[121.66,24.19],[121.86,24.55],[121.91,24.95]]]},"properties":{"name":"Taiwan","ISO3166-1-Alpha-3":"TWN","ISO3166-1-Alpha-2":"CN-TW"}},{"type":"Feature","geometry":{"type":"MultiPolygon","coordinates":[[[[131.66,32.48],[131.98,32.89],[131.87,33.2],[131.71,33.27],[131.73,33.58],[131.08,33.63],[130.99,33.9],[130.68,33.93],[130.45,33.81],[130.39,33.6],[130.06,33.5],[129.85,33.53],[129.63,32.98],[129.89,32.66],[130.09,32.79],[130.13,33.1],[130.42,33.08],[130.64,32.61],[130.33,32.13],[130.18,32.09],[130.17,31.79],[130.34,31.63],[130.22,31.25],[130.92,31.11],[131.1,31.33],[131.35,31.39],[131.45,31.88],[131.66,32.48]]],[[[134.69,33.83],[134.63,34.18],[134.15,34.39],[133.67,34.22],[133.51,33.97],[133.13,33.93],[132.77,34],[132.68,33.72],[132.38,33.47],[132.54,33.24],[132.47,32.93],[132.62,32.8],[132.92,32.78],[133.27,33.35],[133.74,33.54],[133.93,33.49],[134.19,33.25],[134.27,33.51],[134.69,33.83]]],[[[133.42,34.45],[133.98,34.53],[134.33,34.7],[134.74,34.77],[135.05,34.62],[135.34,34.71],[135.41,34.56],[135.11,34.32],[135.19,34.14],[135.07,33.89],[135.39,33.71],[135.44,33.55],[135.77,33.48],[135.96,33.59],[136.3,34.15],[136.52,34.27],[136.85,34.31],[136.92,34.43],[136.52,34.68],[136.66,34.98],[136.92,34.78],[137.3,34.8],[137.43,34.67],[137.79,34.64],[138.22,34.71],[138.55,35.1],[138.8,35.12],[138.74,34.73],[138.84,34.6],[139.14,34.87],[139.15,35.24],[139.53,35.3],[139.78,35.5],[139.87,35.01],[140.39,35.2],[140.48,35.57],[140.84,35.74],[140.65,36.01],[140.56,36.28],[140.8,36.89],[140.96,36.97],[141.04,37.38],[140.93,37.89],[141.1,38.37],[141.47,38.44],[141.64,38.99],[141.91,39.11],[141.91,39.33],[142.07,39.54],[141.95,40],[141.74,40.38],[141.44,40.67],[141.39,41.16],[141.28,41.35],[140.91,41.5],[140.8,41.13],[141.27,41.19],[141.19,40.91],[140.67,40.9],[140.64,41.17],[140.33,41.24],[140.27,40.81],[139.86,40.61],[140.02,40.36],[139.82,39.96],[140.03,39.82],[140.05,39.5],[139.77,38.82],[139.6,38.65],[139.43,38.17],[138.86,37.83],[138.55,37.38],[138.24,37.18],[137.43,36.92],[137.33,36.76],[137.01,36.84],[137.11,37.28],[136.75,37.36],[136.67,37.15],[136.76,36.87],[136.43,36.43],[136.13,36.22],[135.96,35.97],[136.1,35.78],[135.98,35.64],[135.45,35.57],[135.23,35.77],[134.93,35.64],[134.54,35.67],[134.24,35.55],[133.42,35.46],[133.11,35.6],[132.64,35.44],[132.41,35.18],[131.86,34.71],[131.6,34.66],[131.41,34.42],[131.07,34.42],[130.86,34.11],[131.27,33.93],[131.74,34.06],[132.06,33.9],[132.21,33.99],[132.22,34.24],[132.5,34.36],[133.17,34.29],[133.42,34.45]]],[[[145.77,43.39],[145.32,43.28],[145.07,43.75],[144.83,43.94],[144.43,43.94],[144.22,44.11],[143.78,44.1],[142.98,44.59],[141.96,45.51],[141.69,45.4],[141.59,45.16],[141.79,44.6],[141.66,44.28],[141.64,43.94],[141.34,43.71],[141.44,43.36],[141.17,43.14],[140.81,43.19],[140.49,43.37],[140.34,43.21],[140.53,43.02],[140.26,42.76],[139.88,42.66],[139.79,42.25],[140.15,41.98],[139.98,41.56],[140.21,41.4],[140.64,41.82],[140.97,41.91],[140.71,42.13],[140.29,42.26],[140.38,42.51],[140.73,42.56],[141.02,42.32],[141.43,42.56],[141.73,42.62],[142.17,42.46],[142.46,42.27],[143.25,41.94],[143.35,42.32],[143.64,42.66],[144.04,42.93],[144.32,43],[144.74,42.92],[145.13,43.12],[145.52,43.17],[145.77,43.39]]]]},"properties":{"name":"Japan","ISO3166-1-Alpha-3":"JPN","ISO3166-1-Alpha-2":"JP"}},{"type":"Feature","geometry":{"type":"Polygon","coordinates":[[[-56.27,46.9],[-56.31,46.98],[-56.25,47.05],[-56.4,47.11],[-56.34,46.95],[-56.27,46.9]]]},"properties":{"name":"Saint Pierre and Miquelon","ISO3166-1-Alpha-3":"SPM","ISO3166-1-Alpha-2":"PM"}},{"type":"Feature","geometry":{"type":"Polygon","coordinates":[[[-14.56,66.38],[-14.84,66.39],[-15.42,66.17],[-16.02,66.54],[-16.54,66.51],[-16.49,66.19],[-17.42,65.99],[-17.91,66.15],[-18.69,66.17],[-19.36,66.09],[-19.65,65.76],[-20.03,66.08],[-20.45,66.03],[-20.26,65.74],[-21.37,65.49],[-21.32,65.99],[-22.85,66.47],[-23.79,66.07],[-24.2,65.5],[-23.9,65.4],[-22.93,65.57],[-22.2,65.43],[-22.67,65.01],[-24.06,64.89],[-23.83,64.73],[-23.25,64.83],[-22.32,64.75],[-22.39,64.64],[-21.96,64.3],[-21.96,64.08],[-22.34,63.86],[-21.17,63.88],[-20.19,63.54],[-18.73,63.4],[-17.96,63.52],[-17.86,63.74],[-16.9,63.81],[-15.99,64.14],[-15,64.26],[-14.51,64.44],[-14.49,64.66],[-14.05,64.72],[-13.53,65.06],[-13.61,65.51],[-14.82,65.82],[-15.08,66.05],[-14.96,66.3],[-14.56,66.38]]]},"properties":{"name":"Iceland","ISO3166-1-Alpha-3":"ISL","ISO3166-1-Alpha-2":"IS"}},{"type":"Feature","geometry":{"type":"Polygon","coordinates":[[[-128.33,-24.32],[-128.35,-24.34],[-128.32,-24.4],[-128.29,-24.4],[-128.3,-24.33],[-128.33,-24.32]]]},"properties":{"name":"Pitcairn Islands","ISO3166-1-Alpha-3":"PCN","ISO3166-1-Alpha-2":"PN"}},{"type":"Feature","geometry":{"type":"Polygon","coordinates":[[[-149.18,-17.73],[-149.35,-17.54],[-149.6,-17.53],[-149.59,-17.73],[-149.18,-17.73]]]},"properties":{"name":"French Polynesia","ISO3166-1-Alpha-3":"PYF","ISO3166-1-Alpha-2":"PF"}},{"type":"Feature","geometry":{"type":"Polygon","coordinates":[[[70.55,-49.18],[70.27,-49.08],[69.71,-49.31],[69.21,-49.12],[69.08,-48.97],[68.76,-49.05],[68.9,-49.43],[69.11,-49.6],[70.12,-49.71],[70.14,-49.34],[70.46,-49.36],[70.55,-49.18]]]},"properties":{"name":"French Southern and Antarctic Lands","ISO3166-1-Alpha-3":"ATF","ISO3166-1-Alpha-2":"TF"}},{"type":"Feature","geometry":{"type":"Polygon","coordinates":[[[55.4,-4.66],[55.45,-4.68],[55.52,-4.75],[55.53,-4.68],[55.46,-4.62],[55.4,-4.66]]]},"properties":{"name":"Seychelles","ISO3166-1-Alpha-3":"SYC","ISO3166-1-Alpha-2":"SC"}},{"type":"Feature","geometry":{"type":"Polygon","coordinates":[[[-157.19,1.76],[-157.38,1.9],[-157.45,1.8],[-157.19,1.76]]]},"properties":{"name":"Kiribati","ISO3166-1-Alpha-3":"KIR","ISO3166-1-Alpha-2":"KI"}},{"type":"Feature","geometry":{"type":"Polygon","coordinates":[[[171.39,7.11],[171.23,7.08],[171.26,7.07],[171.29,7.08],[171.37,7.09],[171.39,7.11]]]},"properties":{"name":"Marshall Islands","ISO3166-1-Alpha-3":"MHL","ISO3166-1-Alpha-2":"MH"}},{"type":"Feature","geometry":{"type":"Polygon","coordinates":[[[-61,10.7],[-60.95,10.85],[-61.6,10.75],[-61.47,10.59],[-61.46,10.3],[-61.64,10.06],[-61.19,10.07],[-61,10.14],[-61,10.7]]]},"properties":{"name":"Trinidad and Tobago","ISO3166-1-Alpha-3":"TTO","ISO3166-1-Alpha-2":"TT"}},{"type":"Feature","geometry":{"type":"Polygon","coordinates":[[[-61.61,12.21],[-61.67,12.24],[-61.76,12.09],[-61.61,12.08],[-61.61,12.21]]]},"properties":{"name":"Grenada","ISO3166-1-Alpha-3":"GRD","ISO3166-1-Alpha-2":"GD"}},{"type":"Feature","geometry":{"type":"Polygon","coordinates":[[[-61.17,13.15],[-61.12,13.31],[-61.21,13.37],[-61.27,13.19],[-61.17,13.15]]]},"properties":{"name":"Saint Vincent and the Grenadines","ISO3166-1-Alpha-3":"VCT","ISO3166-1-Alpha-2":"VC"}},{"type":"Feature","geometry":{"type":"Polygon","coordinates":[[[-59.43,13.16],[-59.65,13.3],[-59.61,13.08],[-59.43,13.16]]]},"properties":{"name":"Barbados","ISO3166-1-Alpha-3":"BRB","ISO3166-1-Alpha-2":"BB"}},{"type":"Feature","geometry":{"type":"Polygon","coordinates":[[[-60.89,14.01],[-61.08,13.89],[-60.94,13.72],[-60.89,14.01]]]},"properties":{"name":"Saint Lucia","ISO3166-1-Alpha-3":"LCA","ISO3166-1-Alpha-2":"LC"}},{"type":"Feature","geometry":{"type":"Polygon","coordinates":[[[-61.36,15.2],[-61.26,15.29],[-61.31,15.58],[-61.49,15.54],[-61.36,15.2]]]},"properties":{"name":"Dominica","ISO3166-1-Alpha-3":"DMA","ISO3166-1-Alpha-2":"DM"}},{"type":"Feature","geometry":{"type":"Polygon","coordinates":[[[166.62,19.28],[166.64,19.28],[166.64,19.29],[166.62,19.28]]]},"properties":{"name":"United States Minor Outlying Islands","ISO3166-1-Alpha-3":"UMI","ISO3166-1-Alpha-2":"UM"}},{"type":"Feature","geometry":{"type":"Polygon","coordinates":[[[-62.15,16.74],[-62.2,16.82],[-62.23,16.73],[-62.15,16.74]]]},"properties":{"name":"Montserrat","ISO3166-1-Alpha-3":"MSR","ISO3166-1-Alpha-2":"MS"}},{"type":"Feature","geometry":{"type":"Polygon","coordinates":[[[-61.88,17.05],[-61.69,17.03],[-61.83,17.17],[-61.88,17.05]]]},"properties":{"name":"Antigua and Barbuda","ISO3166-1-Alpha-3":"ATG","ISO3166-1-Alpha-2":"AG"}},{"type":"Feature","geometry":{"type":"Polygon","coordinates":[[[-62.65,17.27],[-62.72,17.36],[-62.82,17.42],[-62.86,17.36],[-62.65,17.27]]]},"properties":{"name":"Saint Kitts and Nevis","ISO3166-1-Alpha-3":"KNA","ISO3166-1-Alpha-2":"KN"}},{"type":"Feature","geometry":{"type":"Polygon","coordinates":[[[-64.56,17.75],[-64.77,17.79],[-64.88,17.69],[-64.56,17.75]]]},"properties":{"name":"United States Virgin Islands","ISO3166-1-Alpha-3":"VIR","ISO3166-1-Alpha-2":"VI"}},{"type":"Feature","geometry":{"type":"Polygon","coordinates":[[[-62.84,17.88],[-62.79,17.92],[-62.86,17.93],[-62.84,17.88]]]},"properties":{"name":"Saint Barthelemy","ISO3166-1-Alpha-3":"BLM","ISO3166-1-Alpha-2":"BL"}},{"type":"Feature","geometry":{"type":"Polygon","coordinates":[[[-65.63,18.28],[-65.99,18.46],[-67.1,18.52],[-67.27,18.36],[-67.15,18.2],[-67.21,17.97],[-66.77,17.98],[-66.16,17.93],[-65.83,18.03],[-65.63,18.28]]]},"properties":{"name":"Puerto Rico","ISO3166-1-Alpha-3":"PRI","ISO3166-1-Alpha-2":"PR"}},{"type":"Feature","geometry":{"type":"Polygon","coordinates":[[[-63.01,18.27],[-63.04,18.27],[-63.09,18.22],[-63.01,18.22],[-63.01,18.27]]]},"properties":{"name":"Anguilla","ISO3166-1-Alpha-3":"AIA","ISO3166-1-Alpha-2":"AI"}},{"type":"Feature","geometry":{"type":"Polygon","coordinates":[[[-64.64,18.41],[-64.58,18.42],[-64.56,18.45],[-64.66,18.44],[-64.64,18.41]]]},"properties":{"name":"British Virgin Islands","ISO3166-1-Alpha-3":"VGB","ISO3166-1-Alpha-2":"VG"}},{"type":"Feature","geometry":{"type":"Polygon","coordinates":[[[-76.26,18.01],[-76.35,18.16],[-76.76,18.27],[-76.89,18.41],[-77.9,18.52],[-78.19,18.46],[-78.34,18.22],[-78.08,18.2],[-77.72,17.85],[-77.44,17.86],[-77.22,17.72],[-76.96,17.83],[-76.85,17.99],[-76.52,17.86],[-76.26,18.01]]]},"properties":{"name":"Jamaica","ISO3166-1-Alpha-3":"JAM","ISO3166-1-Alpha-2":"JM"}},{"type":"Feature","geometry":{"type":"Polygon","coordinates":[[[-81.14,19.35],[-81.29,19.37],[-81.3,19.31],[-81.14,19.29],[-81.14,19.35]]]},"properties":{"name":"Cayman Islands","ISO3166-1-Alpha-3":"CYM","ISO3166-1-Alpha-2":"KY"}},{"type":"Feature","geometry":{"type":"Polygon","coordinates":[[[-64.68,32.39],[-64.74,32.34],[-64.75,32.29],[-64.7,32.33],[-64.71,32.35],[-64.68,32.39]]]},"properties":{"name":"Bermuda","ISO3166-1-Alpha-3":"BMU","ISO3166-1-Alpha-2":"BM"}},{"type":"Feature","geometry":{"type":"Polygon","coordinates":[[[73.74,-53.11],[73.56,-53.02],[73.33,-53.03],[73.47,-53.19],[73.74,-53.11]]]},"properties":{"name":"Heard Island and McDonald Islands","ISO3166-1-Alpha-3":"HMD","ISO3166-1-Alpha-2":"HM"}},{"type":"Feature","geometry":{"type":"Polygon","coordinates":[[[-5.72,-15.91],[-5.77,-15.95],[-5.76,-16.02],[-5.66,-15.98],[-5.72,-15.91]]]},"properties":{"name":"Saint Helena","ISO3166-1-Alpha-3":"SHN","ISO3166-1-Alpha-2":"SH"}},{"type":"Feature","geometry":{"type":"Polygon","coordinates":[[[57.8,-20.22],[57.53,-20.02],[57.36,-20.43],[57.67,-20.48],[57.8,-20.22]]]},"properties":{"name":"Mauritius","ISO3166-1-Alpha-3":"MUS","ISO3166-1-Alpha-2":"MU"}},{"type":"Feature","geometry":{"type":"Polygon","coordinates":[[[43.47,-11.82],[43.28,-11.38],[43.26,-11.82],[43.47,-11.82]]]},"properties":{"name":"Comoros","ISO3166-1-Alpha-3":"COM","ISO3166-1-Alpha-2":"KM"}},{"type":"Feature","geometry":{"type":"Polygon","coordinates":[[[6.68,0.41],[6.46,0.22],[6.52,0.03],[6.74,0.22],[6.68,0.41]]]},"properties":{"name":"São Tomé and Principe","ISO3166-1-Alpha-3":"STP","ISO3166-1-Alpha-2":"ST"}},{"type":"Feature","geometry":{"type":"Polygon","coordinates":[[[-23.46,15.02],[-23.7,15.27],[-23.79,15.17],[-23.68,14.94],[-23.46,15.02]]]},"properties":{"name":"Cabo Verde","ISO3166-1-Alpha-3":"CPV","ISO3166-1-Alpha-2":"CV"}},{"type":"Feature","geometry":{"type":"Polygon","coordinates":[[[14.55,35.89],[14.43,35.97],[14.34,35.88],[14.53,35.8],[14.55,35.89]]]},"properties":{"name":"Malta","ISO3166-1-Alpha-3":"MLT","ISO3166-1-Alpha-2":"MT"}},{"type":"Feature","geometry":{"type":"Polygon","coordinates":[[[-2.08,49.26],[-2.24,49.25],[-2.17,49.18],[-2.02,49.17],[-2.08,49.26]]]},"properties":{"name":"Jersey","ISO3166-1-Alpha-3":"JEY","ISO3166-1-Alpha-2":"JE"}},{"type":"Feature","geometry":{"type":"Polygon","coordinates":[[[-2.58,49.49],[-2.67,49.43],[-2.53,49.44],[-2.58,49.49]]]},"properties":{"name":"Guernsey","ISO3166-1-Alpha-3":"GGY","ISO3166-1-Alpha-2":"GG"}},{"type":"Feature","geometry":{"type":"Polygon","coordinates":[[[-4.61,54.06],[-4.31,54.29],[-4.44,54.4],[-4.71,54.22],[-4.61,54.06]]]},"properties":{"name":"Isle of Man","ISO3166-1-Alpha-3":"IMN","ISO3166-1-Alpha-2":"IM"}},{"type":"Feature","geometry":{"type":"Polygon","coordinates":[[[20.21,60.22],[19.68,60.26],[19.75,60.1],[20.01,60.09],[20.21,60.22]]]},"properties":{"name":"Aland","ISO3166-1-Alpha-3":"ALA","ISO3166-1-Alpha-2":"AX"}},{"type":"Feature","geometry":{"type":"Polygon","coordinates":[[[-7.22,62.17],[-7.03,62.12],[-6.86,61.99],[-6.72,62.03],[-6.86,62.15],[-7.22,62.17]]]},"properties":{"name":"Faroe Islands","ISO3166-1-Alpha-3":"FRO","ISO3166-1-Alpha-2":"FO"}},{"type":"Feature","geometry":{"type":"Polygon","coordinates":[[[105.7,-10.43],[105.63,-10.51],[105.7,-10.53],[105.7,-10.43]]]},"properties":{"name":"Indian Ocean Territories","ISO3166-1-Alpha-3":"-99","ISO3166-1-Alpha-2":"-99"}},{"type":"Feature","geometry":{"type":"Polygon","coordinates":[[[72.47,-7.38],[72.43,-7.43],[72.44,-7.34],[72.43,-7.32],[72.37,-7.27],[72.38,-7.3],[72.43,-7.32],[72.43,-7.35],[72.43,-7.4],[72.43,-7.43],[72.48,-7.39],[72.47,-7.38]]]},"properties":{"name":"British Indian Ocean Territory","ISO3166-1-Alpha-3":"IOT","ISO3166-1-Alpha-2":"IO"}},{"type":"Feature","geometry":{"type":"Polygon","coordinates":[[[103.96,1.39],[103.8,1.45],[103.65,1.31],[103.84,1.27],[103.96,1.39]]]},"properties":{"name":"Singapore","ISO3166-1-Alpha-3":"SGP","ISO3166-1-Alpha-2":"SG"}},{"type":"Feature","geometry":{"type":"Polygon","coordinates":[[[167.98,-29.02],[167.93,-29],[167.93,-29.07],[167.99,-29.06],[167.98,-29.02]]]},"properties":{"name":"Norfolk Island","ISO3166-1-Alpha-3":"NFK","ISO3166-1-Alpha-2":"NF"}},{"type":"Feature","geometry":{"type":"Polygon","coordinates":[[[-159.8,-21.19],[-159.83,-21.24],[-159.74,-21.25],[-159.74,-21.2],[-159.8,-21.19]]]},"properties":{"name":"Cook Islands","ISO3166-1-Alpha-3":"COK","ISO3166-1-Alpha-2":"CK"}},{"type":"Feature","geometry":{"type":"Polygon","coordinates":[[[-175.07,-21.12],[-175.15,-21.17],[-175.25,-21.11],[-175.33,-21.17],[-175.15,-21.27],[-175.07,-21.12]]]},"properties":{"name":"Tonga","ISO3166-1-Alpha-3":"TON","ISO3166-1-Alpha-2":"TO"}},{"type":"Feature","geometry":{"type":"Polygon","coordinates":[[[-178.14,-14.24],[-178.15,-14.31],[-178.05,-14.32],[-178.14,-14.24]]]},"properties":{"name":"Wallis and Futuna","ISO3166-1-Alpha-3":"WLF","ISO3166-1-Alpha-2":"WF"}},{"type":"Feature","geometry":{"type":"Polygon","coordinates":[[[-172.2,-13.59],[-172.37,-13.46],[-172.75,-13.58],[-172.52,-13.81],[-172.3,-13.77],[-172.2,-13.59]]]},"properties":{"name":"Samoa","ISO3166-1-Alpha-3":"WSM","ISO3166-1-Alpha-2":"WS"}},{"type":"Feature","geometry":{"type":"MultiPolygon","coordinates":[[[[162.37,-10.82],[162.11,-10.46],[161.51,-10.36],[161.52,-10.56],[161.79,-10.73],[162.37,-10.82]]],[[[160.83,-9.84],[160.79,-9.73],[160.37,-9.41],[159.94,-9.43],[159.71,-9.25],[159.6,-9.51],[159.84,-9.79],[160.32,-9.82],[160.64,-9.94],[160.83,-9.84]]],[[[161.36,-9.62],[161.15,-8.95],[160.95,-8.81],[161,-8.6],[160.75,-8.31],[160.59,-8.38],[160.87,-9.15],[161.24,-9.45],[161.36,-9.62]]],[[[157.8,-8.56],[157.75,-8.23],[157.38,-8.03],[157.23,-8.32],[157.57,-8.28],[157.8,-8.56]]],[[[156.81,-7.72],[156.5,-7.63],[156.66,-7.94],[156.81,-7.72]]],[[[159.86,-8.51],[159.84,-8.33],[159.4,-7.98],[159.09,-7.9],[158.65,-7.56],[158.58,-7.74],[158.85,-7.97],[159.86,-8.51]]],[[[157.53,-7.33],[157.3,-7.27],[157.04,-6.9],[156.49,-6.6],[156.46,-6.73],[156.69,-6.9],[156.93,-7.21],[157.44,-7.41],[157.53,-7.33]]]]},"properties":{"name":"Solomon Islands","ISO3166-1-Alpha-3":"SLB","ISO3166-1-Alpha-2":"SB"}},{"type":"Feature","geometry":{"type":"Polygon","coordinates":[[[179.19,-8.54],[179.22,-8.52],[179.2,-8.52],[179.19,-8.54]]]},"properties":{"name":"Tuvalu","ISO3166-1-Alpha-3":"TUV","ISO3166-1-Alpha-2":"TV"}},{"type":"Feature","geometry":{"type":"Polygon","coordinates":[[[73.55,4.24],[73.51,4.19],[73.54,4.18],[73.55,4.24]]]},"properties":{"name":"Maldives","ISO3166-1-Alpha-3":"MDV","ISO3166-1-Alpha-2":"MV"}},{"type":"Feature","geometry":{"type":"Polygon","coordinates":[[[166.94,-0.49],[166.91,-0.5],[166.92,-0.55],[166.96,-0.52],[166.94,-0.49]]]},"properties":{"name":"Nauru","ISO3166-1-Alpha-3":"NRU","ISO3166-1-Alpha-2":"NR"}},{"type":"Feature","geometry":{"type":"Polygon","coordinates":[[[158.29,6.94],[158.13,6.91],[158.19,6.79],[158.29,6.94]]]},"properties":{"name":"Federated States of Micronesia","ISO3166-1-Alpha-3":"FSM","ISO3166-1-Alpha-2":"FM"}},{"type":"Feature","geometry":{"type":"Polygon","coordinates":[[[-35.91,-54.69],[-36.04,-54.46],[-36.62,-54.12],[-37.17,-54.04],[-37.39,-54.15],[-36.81,-54.45],[-36.46,-54.54],[-36.1,-54.89],[-35.91,-54.69]]]},"properties":{"name":"South Georgia and the Islands","ISO3166-1-Alpha-3":"SGS","ISO3166-1-Alpha-2":"GS"}},{"type":"Feature","geometry":{"type":"MultiPolygon","coordinates":[[[[-59.63,-51.74],[-59.26,-51.39],[-59.75,-51.45],[-60.03,-51.39],[-60.25,-51.61],[-60.61,-51.74],[-60.4,-51.92],[-60.89,-52.04],[-60.54,-52.22],[-60.26,-51.99],[-59.87,-51.95],[-59.63,-51.74]]],[[[-57.82,-51.69],[-57.91,-51.38],[-58.33,-51.42],[-58.48,-51.3],[-59.08,-51.41],[-59.1,-51.62],[-59.58,-51.91],[-59.39,-52.11],[-58.6,-52],[-58.14,-51.76],[-57.82,-51.69]]]]},"properties":{"name":"Falkland Islands","ISO3166-1-Alpha-3":"FLK","ISO3166-1-Alpha-2":"FK"}},{"type":"Feature","geometry":{"type":"MultiPolygon","coordinates":[[[[169.34,-18.93],[169.15,-18.64],[168.99,-18.88],[169.34,-18.93]]],[[[168.55,-17.69],[168.32,-17.53],[168.18,-17.66],[168.4,-17.82],[168.55,-17.69]]],[[[167.81,-16.42],[167.4,-16.09],[167.46,-16.57],[167.81,-16.42]]],[[[167.14,-15.54],[167.19,-15.31],[167.06,-15],[166.8,-15.15],[166.74,-14.83],[166.52,-14.83],[166.65,-15.26],[166.62,-15.39],[166.79,-15.66],[167.14,-15.54]]]]},"properties":{"name":"Vanuatu","ISO3166-1-Alpha-3":"VUT","ISO3166-1-Alpha-2":"VU"}},{"type":"Feature","geometry":{"type":"Polygon","coordinates":[[[-169.85,-18.97],[-169.95,-19.09],[-169.9,-19.14],[-169.79,-19.05],[-169.85,-18.97]]]},"properties":{"name":"Niue","ISO3166-1-Alpha-3":"NIU","ISO3166-1-Alpha-2":"NU"}},{"type":"Feature","geometry":{"type":"Polygon","coordinates":[[[-170.59,-14.26],[-170.66,-14.25],[-170.83,-14.32],[-170.76,-14.37],[-170.59,-14.26]]]},"properties":{"name":"American Samoa","ISO3166-1-Alpha-3":"ASM","ISO3166-1-Alpha-2":"AS"}},{"type":"Feature","geometry":{"type":"Polygon","coordinates":[[[134.65,7.72],[134.49,7.47],[134.59,7.42],[134.65,7.72]]]},"properties":{"name":"Palau","ISO3166-1-Alpha-3":"PLW","ISO3166-1-Alpha-2":"PW"}},{"type":"Feature","geometry":{"type":"Polygon","coordinates":[[[144.89,13.64],[144.65,13.44],[144.81,13.45],[144.91,13.52],[144.89,13.64]]]},"properties":{"name":"Guam","ISO3166-1-Alpha-3":"GUM","ISO3166-1-Alpha-2":"GU"}},{"type":"Feature","geometry":{"type":"Polygon","coordinates":[[[145.79,15.27],[145.7,15.2],[145.74,15.14],[145.79,15.27]]]},"properties":{"name":"Northern Mariana Islands","ISO3166-1-Alpha-3":"MNP","ISO3166-1-Alpha-2":"MP"}},{"type":"Feature","geometry":{"type":"Polygon","coordinates":[[[50.55,26.19],[50.45,26.15],[50.46,25.99],[50.6,25.85],[50.61,26.11],[50.55,26.19]]]},"properties":{"name":"Bahrain","ISO3166-1-Alpha-3":"BHR","ISO3166-1-Alpha-2":"BH"}},{"type":"Feature","geometry":{"type":"Polygon","coordinates":[[[154.391287,-21.030043],[154.38852,-21.029067],[154.391287,-21.028741],[154.391287,-21.030043]]]},"properties":{"name":"Coral Sea Islands","ISO3166-1-Alpha-3":"-99","ISO3166-1-Alpha-2":"-99"}},{"type":"Feature","geometry":{"type":"Polygon","coordinates":[[[115.83,10.73],[115.81,10.73],[115.82,10.72],[115.83,10.73]]]},"properties":{"name":"Spratly Islands","ISO3166-1-Alpha-3":"-99","ISO3166-1-Alpha-2":"-99"}},{"type":"Feature","geometry":{"type":"Polygon","coordinates":[[[-109.21,10.3],[-109.23,10.31],[-109.22,10.28],[-109.21,10.3]]]},"properties":{"name":"Clipperton Island","ISO3166-1-Alpha-3":"-99","ISO3166-1-Alpha-2":"-99"}},{"type":"Feature","geometry":{"type":"Polygon","coordinates":[[[113.56,22.16],[113.53,22.16],[113.55,22.11],[113.57,22.12],[113.56,22.16]]]},"properties":{"name":"Macao S.A.R","ISO3166-1-Alpha-3":"MAC","ISO3166-1-Alpha-2":"MO"}},{"type":"Feature","geometry":{"type":"Polygon","coordinates":[[[123.6,-12.43],[123.58,-12.43],[123.58,-12.44],[123.6,-12.44],[123.6,-12.43]]]},"properties":{"name":"Ashmore and Cartier Islands","ISO3166-1-Alpha-3":"-99","ISO3166-1-Alpha-2":"-99"}},{"type":"Feature","geometry":{"type":"Polygon","coordinates":[[[-79.989288,15.794949],[-79.987823,15.79621],[-79.986399,15.79442],[-79.988149,15.794176],[-79.989288,15.794949]]]},"properties":{"name":"Bajo Nuevo Bank (Petrel Is.)","ISO3166-1-Alpha-3":"-99","ISO3166-1-Alpha-2":"-99"}},{"type":"Feature","geometry":{"type":"Polygon","coordinates":[[[-78.637074,15.862087],[-78.640411,15.864],[-78.636871,15.867296],[-78.637074,15.862087]]]},"properties":{"name":"Serranilla Bank","ISO3166-1-Alpha-3":"-99","ISO3166-1-Alpha-2":"-99"}},{"type":"Feature","geometry":{"type":"Polygon","coordinates":[[[117.753887,15.154369],[117.755692,15.151887],[117.753887,15.150082],[117.751856,15.151887],[117.753887,15.154369]]]},"properties":{"name":"Scarborough Reef","ISO3166-1-Alpha-3":"-99","ISO3166-1-Alpha-2":"-99"}}]}